城市,省份,板块,维度,状态,条件说明,来源名称/链接,来源日期
北京,北京市,贷款,单双职工额度差异,支持,,https://zjw.beijing.gov.cn/bjjs/xxgk/zcwj2024/qtzcwj/xxyx13/744089337/index.shtml,政府网站
北京,北京市,贷款,首套二套额度差异,支持,首套最高120万，二套最高60万,https://gjj.beijing.gov.cn/web/zwgk61/gjjndbb/743577008/index.html,政府网站
北京,北京市,贷款,绿色建筑上浮,支持,购买二星级及以上绿色建筑贷款额度上浮（如+40万）,https://gjj.beijing.gov.cn/web/zwgk61/gjjndbb/743577008/index.html,政府网站
北京,北京市,贷款,二孩家庭上浮,支持,二孩家庭最高贷款额度上浮至160万,https://zjw.beijing.gov.cn/bjjs/xxgk/zcwj2024/qtzcwj/xxyx13/744089337/index.shtml,政府网站
北京,北京市,贷款,三孩家庭上浮,支持,三孩家庭最高贷款额度进一步上浮,https://zjw.beijing.gov.cn/bjjs/xxgk/zcwj2024/qtzcwj/xxyx13/744089337/index.shtml,政府网站
北京,北京市,贷款,人才青年上浮,未检索到,未检索到公开来源,,空
北京,北京市,贷款,家庭共享额度代际互助,未检索到,未检索到公开来源,,空
北京,北京市,贷款,商转公,不支持,,https://gjj.beijing.gov.cn/web/zwfw5/1747335/1747338/743726795/index.html,政府网站
北京,北京市,贷款,最长贷龄30年,支持,最长30年，且不超过借款人法定退休年龄后5年,https://www.beijing.gov.cn/zhengce/zcjd/202312/t20231222_3508548.html,政府网站
北京,北京市,提取,购房一次性提取,支持,购买京内自住住房可申请提取，夫妻合计提取额不超过购房款总额即可，不划分各自限额；可自填金额一次性提取，也可约定按月、按季、半年或一年到账。,,
北京,北京市,提取,租房提取限额,支持,未提供租房发票的每人每月2000元；提供发票且合同备案的商品住房按实际月租金与本人月缴存额双限孰低提取；保租房、公租房按实际月租金提取；账户余额须保留10元。,,
北京,北京市,提取,多孩租房上浮,支持,多子女家庭（至少一个未成年子女的二孩及以上家庭）租住商品住房且合同备案的，按实际月租金提取，不再适用月租金与月缴存额双限规则。,,
北京,北京市,提取,加装电梯提取,支持,多层住宅增设电梯属老旧小区楼本体改造项目，产权人或已签购房协议的公房承租人及其配偶、父母、子女可提取，限额为其分摊的改造成本实际出资额且不超过账户余额。,,
北京,北京市,提取,车位购置提取,不支持,北京住房公积金共14个提取事项，不含购买车位、车库；2025年8月及2026年8月两次房地产新政亦未将车位纳入（同期上海已纳入）。,,
北京,北京市,提取,大病救助提取,有条件支持,须属本人、配偶或直系血亲患重大疾病等突发事件并造成家庭日常基本生活困难方可提取，提取额不超过医药费个人负担部分 依京房公积金政法〔2006〕2号，家庭成员患恶性肿瘤等9类重大疾病可提取，限额为医药费个人负担部分；现行14个提取事项未单列此项。,,
北京,北京市,提取,既提又贷,支持,京建发〔2025〕360号明确支持缴存人在提取公积金支付购房首付款的同时申请公积金贷款；买新建住房已签合同的凭网签编号提取首付并同步申贷。,,
北京,北京市,提取,首付直付,支持,购买本市新建住房且已签购房合同的，可凭网签合同编号提取公积金支付首付款；据媒体披露，中心于3个工作日内将资金直接划转至预售资金监管账户。,,
北京,北京市,提取,代际互助,有条件支持,仅限老旧小区综合整治（危旧楼房改建、增设电梯等楼本体改造）分摊改造成本的情形，产权人或公房承租人的父母、子女可凭亲属关系材料提取；普通购房、租房提取仍限于本人及配偶 老旧小区改造中房屋产权人或公房承租人的配偶、父母、子女可就分摊的改造成本提取；购买自住住房、租房等常规提取仅限本人及配偶，父母子女账户不可互用互借。,,
北京,北京市,提取,物业费提取,未确认,北京2026年8月7日房地产新政仅落地装修提取，未同步推出物业费提取。截至查证日，北京住房公积金网提取事项清单中无“支付物业费”一项，本地尚未出台实施细则，暂不能办理；需待国家条例2026年9月20日施行后北京配套细则落地。,,
北京,北京市,提取,住房装修提取,支持,本市行政区域内自住住房的产权人及其配偶，对自住住房进行装修装饰可申请提取：按装修装饰增值税发票金额的50%计算提取额度，每套房屋最高不超过25万元；同一产权人就同一住房再次申请装修提取，距上次应满10年。发票须由具备建筑装修装饰工程专业承包资质的企业开具，企业名单由市住房城乡建设委提供、动态更新。,,
北京,北京市,提取,按月冲还商贷,支持,北京市住房公积金支持“约定提取”偿还购房贷款本息（含商贷），可选按月周期。注：用户提供来源链接标题为“租房提取住房公积金”，与商贷月冲无直接关联，建议补充正确来源。,,
北京,北京市,缴存-灵活就业,不支持,,北京住房公积金管理中心 政民互动回复（北京政府门户网）,https://www.beijing.gov.cn/hudong/hdjl/com.web.consult.consultDetail.flow?originalId=AH24120901040,2024-12
北京,北京市,缴存-缓缴,支持,适用于生产经营困难的单位（企业）,北京住房公积金管理中心《关于2026住房公积金年度缴存有关问题的通知》政策解读,https://gjj.beijing.gov.cn/web/zwgk61/2024zcjd/744103386/index.html,2026-08-24
上海,上海市,贷款,单双职工额度差异,支持,首套单缴存最高120万，双缴存最高240万（含缴纳补充公积金）,https://www.shanghai.gov.cn/xbhygq/20260228/87e93e4c373c4bfe81af5557a77d2e70.html,政府网站
上海,上海市,贷款,首套二套额度差异,支持,首套与二套最高贷款额度不同,https://www.shanghai.gov.cn/xbhygq/20260228/87e93e4c373c4bfe81af5557a77d2e70.html,政府网站
上海,上海市,贷款,绿色建筑上浮,支持,购买绿色建筑贷款额度上浮15%,https://www.shanghai.gov.cn/xbhygq/20260228/87e93e4c373c4bfe81af5557a77d2e70.html,政府网站
上海,上海市,贷款,二孩家庭上浮,支持,多子女家庭（二孩及以上）上浮20%,https://www.shanghai.gov.cn/xbhygq/20260228/87e93e4c373c4bfe81af5557a77d2e70.html,政府网站
上海,上海市,贷款,三孩家庭上浮,支持,三孩属多子女家庭，按上浮20%执行,https://www.shanghai.gov.cn/xbhygq/20260228/87e93e4c373c4bfe81af5557a77d2e70.html,政府网站
上海,上海市,贷款,人才青年上浮,有条件支持,仅上海长宁区区级政策，青年人及人才家庭贷款额度上浮30%，须核实是否为全市统一口径,https://www.shcn.gov.cn/col5943/20260601/1310246.html,政府网站
上海,上海市,贷款,家庭共享额度代际互助,支持,2026年7月1日起实施家庭代际互助,https://www.shcn.gov.cn/col5943/20260706/1313472.html,政府网站
上海,上海市,贷款,商转公,支持,2026年7月1日起实施,https://www.shcn.gov.cn/col5943/20260706/1313472.html,政府网站
上海,上海市,贷款,最长贷龄30年,支持,,https://search.sh.gov.cn/detail?token=Dm%2BCBkcpNFX2cQVmJ%2F%2B9pJpiMpUCHj5OIzX0yrwTBbEVGbW8vc4b9Nh70Ze1ivTqeUJwT8FfLdYblzw0kgsVWpewvL%2BcXqXO2emyLEly%2F661F2nAt7ytPk6WEHG5pP5CMtxJeDdZXwCj%2BoPuWxfvxYLa0mcIXWWDS7k%2BSRlrBUK%2F%2B7eNJeehNd%2FbMtSufrkcQcmK067YKDZ0i7TvokyGY3KRzNfcVAvHSCxvbmhLeTUnq5Tvf%2BAOJ67TPMV2YNh3WHSykHVLMoMFOnDoC%2FHz2UTbIqLfKPw5nY5z0BF6n9QWjFM3%2FX9jJOy3b04ImNf6F4xKoEqaQFl9vTUakqruP780v9YBWgYxXLXpc6k5RpSY%2FrfigDzOrbJGcEfxvaqxS1jw3zm6%2B6XzxGKd1YR9FMyX4RRVmA0f5wwQxrwnwMaI%2FHfZ2qAVYCGuxbjeUwrD3wWLNcsrhd9pTOfoZt8aMZZzKY7sOXgCRPCxjLo5rt61GyabVepxdIAuaSzBZHUjiUNEdvHB6htBoaIdIXa6JA%3D%3D,政府网站
上海,上海市,提取,购房一次性提取,支持,原为不动产权证发证之日起5年内可提取一次，总额不超发证当月账户余额且不超购房款；2026年8月21日起放宽为5年内每年提取一次。,,
上海,上海市,提取,租房提取限额,支持,承租本市市场租赁住房的，每户家庭月提取限额4000元（2024年11月1日起由3000元提高）；公租房、保租房可按当月实际房租支出提取。,,
上海,上海市,提取,多孩租房上浮,支持,符合国家生育政策、至少一个未成年子女且该子女与申请人或配偶在本市共同居住满半年的二孩及以上家庭，办理租赁合同网签备案后可按实际房租支出提取，不受月提取限额约束。,,
上海,上海市,提取,加装电梯提取,支持,既有多层住宅加装电梯可自项目正式施工之日起5年内提取，可一次或多次提取，总额不超过扣除政府补贴后业主分摊的电梯建设费用。,,
上海,上海市,提取,车位购置提取,有条件支持,限与本市自住住房配套使用的产权车位（库）、储藏室，不动产权证书发证日期不早于2026年8月21日，每套住房最多支持一处车位、一处储藏室，仅购部分产权的不能提取 2026年8月21日起，购买本市住房缴纳的契税及配套产权车位（库）、储藏室支出纳入住房消费支出总额，购房人可提取本人及配偶公积金。,,
上海,上海市,提取,大病救助提取,有条件支持,须先认定为家庭生活困难，重大疾病仅作为困难认定材料之一，且提取用途限于支付房租、物业服务费、售后公房物业维修费等住房消费费用 本人、配偶或其父母、子女患重大疾病致家庭生活困难的，可提取公积金支付房租、物业费等住房消费费用，每户家庭可提取一次，总额不超过住房消费付款凭证金额。,,
上海,上海市,提取,既提又贷,支持,2025年8月沪六条起支持提取公积金支付新建预售商品住房首付款，2026年8月21日起扩至现房；按先提取、后贷款办理，首付金额仍计入贷款额度。,,
上海,上海市,提取,首付直付,支持,审核通过后提取资金一次性从申请人账户直接划转：买预售商品住房的转入开发企业预售资金监管账户，买现房的转入其在中心报备的银行账户。,,
上海,上海市,提取,代际互助,有条件支持,限于提取还贷（月冲、年冲）与既有多层住宅加装电梯两类情形可动用父母、子女住房公积金账户；购买自住住房、租房、物业费提取仅限本人及配偶 提取还贷冲还人可为借款人配偶、父母、子女（共有产权保障房贷款还含兄弟姐妹）；加装电梯时本人及配偶余额不足可提取父母、子女余额。,,
上海,上海市,提取,按月冲还商贷,支持,《上海市提取住房公积金归还个人住房贷款实施细则》明确提取还贷适用于商业性个人购房贷款，方式含“逐月还款法（月冲）”，签订委托书后按月从公积金账户划转偿还商贷。,,
上海,上海市,提取,物业费提取,有条件支持,仅限低收入经济困难职工家庭：购买并自住本市共有产权保障房，或居住本市自有产权住房且月工资收入不高于当年度共有产权保障房家庭(3人及以上)人均月可支配收入准入标准，且累计缴存满6个月。按季度申请提取，额度不超过当月实际支付的物业服务费，自有产权住房另受当年度月提取限额约束。家庭生活困难(低保、大病等)也可提取支付物业费，每户限一次。 仅限低收入经济困难职工家庭：购买并自住本市共有产权保障房，或居住本市自有产权住房且月工资收入不高于当年度共有产权保障房家庭(3人及以上)人均月可支配收入准入标准，且累计缴存满6个月。按季度申请提取，额度不超过当月实际支付的物业服务费，自有产权住房另受当年度月提取限额约束。家庭生活困难(低保、大病等)也可提取支付物业费，每户限一次。,,
上海,上海市,提取,住房装修提取,不支持,不允许。现行《上海市住房公积金提取管理办法》第七条列举的13项提取情形中，住房消费类只含“建造、翻建、大修本市拥有所有权自住住房”，不含装修；市公积金中心在人大建议答复中明确“提取住房公积金用于支付房屋装修费用无上位法依据”。2026年8月21日施行的沪建房管联〔2026〕359号仅将购房契税、配套产权车位及储藏室纳入提取，未放开装修。,,
上海,上海市,缴存-灵活就业,支持,,上海市住房公积金管理委员会《上海市灵活就业人员自愿缴存、提取和使用住房公积金实施办法》（沪公积金管委会〔2025〕1号）,https://www.shzfgjj.cn/html/zyxw/227831.html,2025-04（2025-06-01施行）
上海,上海市,缴存-缓缴,支持,适用于濒临破产、停产、连续经营亏损等经营困难企业,上海市公积金管理中心《上海市降低住房公积金缴存比例或缓缴住房公积金操作细则》（沪公积金〔2018〕87号）及《上海市住房公积金缴存管理办法》（沪公积金管委会〔2023〕3号）,https://www.shzfgjj.cn/html/newxxgk/ywzn/jc/jc/209052.html,2018-08-20（操作细则）；办法2023年
深圳,广东省,贷款,单双职工额度差异,支持,,https://www.sz.gov.cn/hdjlpt/detail?pid=2916650&via=pc,政府网站
深圳,广东省,贷款,首套二套额度差异,支持,,https://www.sz.gov.cn/hdjlpt/detail?pid=2916650&via=pc,政府网站
深圳,广东省,贷款,绿色建筑上浮,支持,,https://www.sz.gov.cn/hdjlpt/detail?pid=2916650&via=pc,政府网站
深圳,广东省,贷款,二孩家庭上浮,支持,,https://www.sz.gov.cn/hdjlpt/detail?pid=2916650&via=pc,政府网站
深圳,广东省,贷款,三孩家庭上浮,支持,,https://www.sz.gov.cn/hdjlpt/detail?pid=2916650&via=pc,政府网站
深圳,广东省,贷款,人才青年上浮,支持,新市民及青年人贷款额度按账户余额16倍计算（原14倍），初婚初育家庭可上浮50%,https://news.cnr.cn/native/gd/kx/20250317/t20250317_527103415.shtml,官媒
深圳,广东省,贷款,家庭共享额度代际互助,支持,允许父母与子女共同申请公积金贷款（代际互助）,https://zjj.sz.gov.cn/xxgk/ztzl/gjjdk,政府网站
深圳,广东省,贷款,商转公,支持,,https://www.gdzwfw.gov.cn/portal/guide/11440300693981103B344201404500401,政府网站
深圳,广东省,贷款,最长贷龄30年,支持,贷款期限最长30年，且不超过退休后5年,https://zjj.sz.gov.cn/gkmlpt/content/10/10501/mpost_10501001.html,政府网站
深圳,广东省,提取,购房一次性提取,支持,购买首套住房可提取额不超过账户余额且不超购房总价款，首套可一次性提足余额；二套及以上不超账户余额60%；第三套及以上不予提取，每套仅能提取一次。,,
深圳,广东省,提取,租房提取限额,有条件支持,无房职工按申请当月应缴存额比例提取；办理房屋租赁合同备案的、承租公租房或保障性租赁住房的，可选择按实际月租金提取。 本市无房职工每月可提取额不超申请当月应缴存额的65%；2025年11月1日至2027年10月31日阶段性提高至80%，未提取月份可累计。,,
深圳,广东省,提取,多孩租房上浮,支持,有两个及以上子女的多子女家庭，职工及配偶、子女在本市无房的，每月最高可按申请当月应缴存额的100%提取；办理租赁备案的可按实际月租金提取。,,
深圳,广东省,提取,加装电梯提取,支持,出资本市既有住宅加装电梯或更换老旧电梯的，产权人及其配偶、父母（含配偶父母）、子女可提取；竣工验收后五年内每年提取一次，累计不超实际出资金额。,,
深圳,广东省,提取,车位购置提取,不支持,深圳现行提取情形为购房、付房租、还贷、老旧小区更新改造、其他住房消费五类及九类其他情形，均不含购买车位（库）；办法中商品住房定义亦不涵盖车位。,,
深圳,广东省,提取,大病救助提取,支持,职工或家庭成员患重大疾病可提取，用于支付当期医院相关治疗费用中的自费部分；重大疾病含恶性肿瘤、慢性肾衰竭、重大器官移植手术等9类，凭证开具须在两年内。,,
深圳,广东省,提取,既提又贷,支持,为筹集首付款提取的公积金可计入账户余额，用于计算本套住房普通公积金贷款（不含商转公）可贷额度，如余额10万元按16倍最高可贷160万元。,,
深圳,广东省,提取,首付直付,支持,已签订认购协议书或购房合同且尚未支付或未足额支付首付款的，可申请提取一次用于支付首付；首套不超账户余额，二套不超账户余额60%，转入约定银行账户。,,
深圳,广东省,提取,代际互助,有条件支持,父母、子女须登记为该住房共同权利人（共同购房人）方可就该房各自提取；老旧小区改造、加装电梯可由产权人的父母、子女提取；仅凭亲属关系而本人非权利人的不能提取。 购房提取的房产有两个及以上权利人时，权利人关系须为配偶、父母、子女，否则不予受理；老旧小区改造、加装电梯可由产权人的父母、子女提取。,,
深圳,广东省,提取,按月冲还商贷,有条件支持,仅限本市与公积金中心联网合作银行（如招商、建设、平安、中信等）发放的纯商业住房贷款可线上按月委提；组合贷款、商转公、异地购房商贷须预约柜面办理。 签订《按月还贷委托提取协议》后，每月自动将核定额度转入职工公积金联名卡账户用于偿还房贷；每月提取一次，额度不超过月实际还贷额。,,
深圳,广东省,提取,物业费提取,有条件支持,归入“其他住房消费”提取。职工或家庭成员在本市拥有住房，且不符合购房提取、偿还购房贷款本息提取等条件的，可就支付本市住房物业服务费、日常收取的物业专项维修资金申请提取；每月可申请提取一次，每月可提取额不超过申请当月应缴存额的40%，当年度未提取的可在以后年度累计提取。申请时提交不动产权属证书。 归入“其他住房消费”提取。职工或家庭成员在本市拥有住房，且不符合购房提取、偿还购房贷款本息提取等条件的，可就支付本市住房物业服务费、日常收取的物业专项维修资金申请提取；每月可申请提取一次，每月可提取额不超过申请当月应缴存额的40%，当年度未提取的可在以后年度累计提取。申请时提交不动产权属证书。,,
深圳,广东省,提取,住房装修提取,不支持,不允许。深圳市住建局2026年4月24日官方答复明确，《深圳市住房公积金提取管理规定》第五条列举的住房消费情形为购买住房、支付房租、偿还购买住房的贷款本息、出资更新改造本市老旧小区住房、其他住房消费五项，“房屋装修不属于上述住房消费情形”。即深圳只允许建造、翻建、大修及老旧小区更新改造类提取，装修明确不予办理。,,
深圳,广东省,缴存-灵活就业,支持,,深圳市住房公积金管理委员会《深圳市灵活就业人员缴存使用住房公积金管理暂行规定》续期通知（深公积金规〔2024〕2号）,https://zjj.sz.gov.cn/xxgk/zcfgs/zcfg/gjj/content/post_11393681.html,2024-06（有效期续至2027-07-19）
深圳,广东省,缴存-缓缴,支持,适用于缴存住房公积金确有困难的单位（企业），非个人灵活就业人员,深圳市住房公积金管理委员会《深圳市住房公积金缴存管理规定》（深公积金规〔2022〕1号）,https://zjj.sz.gov.cn/xxgk/zcfgs/zcfg/gjj/content/post_9826170.html,2022-05-28（第二十八条）
广州,广东省,贷款,单双职工额度差异,支持,单身职工与两人及以上家庭最高额度不同,https://www.gz.gov.cn/gzzcwjk/m_detail.html?id=169605,政府网站
广州,广东省,贷款,首套二套额度差异,不支持,2026年4月30日起基础最高额度首套二套统一（一人100万/两人200万），仅首付比例与利率有差异,https://www.gz.gov.cn/gfxwj/sbmgfxwj/gzzfgjjglzx/content/post_10796725.html,政府网站
广州,广东省,贷款,绿色建筑上浮,支持,"购买""好房子""及绿色建筑贷款额度上浮",https://www.gz.gov.cn/gfxwj/sbmgfxwj/gzzfgjjglzx/content/post_10796725.html,政府网站
广州,广东省,贷款,二孩家庭上浮,支持,二孩家庭贷款额度上浮40%,https://www.gz.gov.cn/gfxwj/sbmgfxwj/gzzfgjjglzx/content/post_10796725.html,政府网站
广州,广东省,贷款,三孩家庭上浮,支持,三孩家庭贷款额度上浮50%,https://www.gz.gov.cn/gfxwj/sbmgfxwj/gzzfgjjglzx/content/post_10796725.html,政府网站
广州,广东省,贷款,人才青年上浮,有条件支持,新市民及青年人可通过商转公等优化贷款，但无专门贷款额度上浮，需满足缴存及购房条件,https://www.gz.gov.cn/gfxwj/sbmgfxwj/gzzfgjjglzx/content/post_10422980.html,政府网站
广州,广东省,贷款,家庭共享额度代际互助,有条件支持,仅允许作为产权人的父母子女共同申请，不支持非产权人代际互助,https://gjj.gz.gov.cn/siteapp/webpage/page/web/wszx/wszx_content.jsp?MAIL_NUMBER=Z2024120100005,政府网站
广州,广东省,贷款,商转公,支持,2025年8月21日起实施商转公暂行办法,https://www.gz.gov.cn/gfxwj/sbmgfxwj/gzzfgjjglzx/content/post_10422980.html,政府网站
广州,广东省,贷款,最长贷龄30年,支持,,https://www.gz.gov.cn/gfxwj/sbmgfxwj/gzzfgjjglzx/content/mpost_7321548.html,政府网站
广州,广东省,提取,购房一次性提取,支持,非按揭购房在实际支付购房款两年内提出申请，每3个月可提取一次，提取总额不超过实际支付的购房款，可多次提取至累计达实际房款。,,
广州,广东省,提取,租房提取限额,有条件支持,无租赁合同或合同未备案的按定额提取；租赁合同已备案的按实际已付租金据实提取；租住公租房按实际已付租金提取。 无租赁合同或合同未备案的，2024年11月26日起每人每月2000元；已备案的按实际月租金据实提取，但月租金超本市上年度职工月平均工资2倍的40%部分不计入。,,
广州,广东省,提取,多孩租房上浮,支持,生育二孩及以上（至少一个子女未成年）家庭，无租赁合同或未备案租房提取月额度上浮40%，即每人每月2800元，家庭提取额度上限提高至5600元/月。,,
广州,广东省,提取,加装电梯提取,支持,既有住宅增设电梯，工程竣工验收后可提取一次，每户提取总额不超过该户因增设电梯产生的费用；2025年9月28日起老旧电梯更新改造亦纳入，总额不超家庭分摊费用。,,
广州,广东省,提取,车位购置提取,不支持,广州提取情形不含购买车位、车库；公积金中心答复明确无购买车位提取政策，购买车位亦不能申请公积金贷款，商铺、商用公寓等同不适用。,,
广州,广东省,提取,大病救助提取,不支持,现行《广州市住房公积金提取管理办法》11项提取情形均为住房类，不含本人或家庭成员患重大疾病；公积金中心答复明确暂无大病提取条件，涉特殊情况需到管理部反映。,,
广州,广东省,提取,既提又贷,支持,提取首付款不影响以该套住房申请公积金贷款的可贷额度计算，已提取金额仍计入可贷额度；按月还贷期间还可提取一次账户余额，金额不超实际支付的首期房款。,,
广州,广东省,提取,首付直付,支持,2024年8月起新建商品住房可将余额划转至预售资金监管账户付首付；2025年9月28日扩至现售商品房、存量房、保障房、共有产权房，不限首套二套。,,
广州,广东省,提取,代际互助,有条件支持,仅限父母或子女登记为该住房共同权利人（共同购房人），或加装电梯、老旧电梯更新改造等特定场景；仅凭亲属关系不能提取他人名下房产的公积金。 购房提取仅限房屋产权人及其配偶；但可为本人、配偶或双方父母拥有所有权的住宅加装/更新电梯提取；父母子女若为共同购房人，可各自按份额提取并共同申请公积金贷款。,,
广州,广东省,提取,按月冲还商贷,有条件支持,仅组合贷款中的商业贷款部分可办理按月还贷提取；纯商业贷款仅支持每3个月提取一次，不能按月冲还。 广州规定组合贷款商贷部分可按月还贷提取（每月自动转入提取人银行账户用于还商贷）；纯商贷（非公积金贷款）须以非按月还贷方式每3个月提取一次。,,
广州,广东省,提取,物业费提取,未确认,《广州市住房公积金提取管理办法》(穗公积金中心规字〔2023〕5号)第三条列举的提取情形不含物业费；2025年9月28日《关于优化住房公积金提取政策的通知》仅新增购房首付款与老旧电梯更新改造两项提取。截至查证日广州未出台物业费提取细则，仅国家条例层面授权(9月20日施行)，本地暂不能办。,,
广州,广东省,提取,住房装修提取,不支持,不允许。广州住房公积金管理中心网上咨询答复明确“房屋装修不能申请公积金贷款及提取”；广州12345政务服务便民热线知识库明确“装修、装饰、中修、小修等行为都不可以提取”，大修指经鉴定为危房或严重损坏房、需牵动或拆换住房部分主体构件。现行仅允许建造、翻建、大修及危旧住宅原拆原建提取，只可提取一次，额度不超过实际费用。,,
广州,广东省,缴存-灵活就业,支持,,广州市人民政府办公厅《广州市灵活就业人员参加住房公积金制度试点管理办法》（穗府办规〔2021〕17号）,https://www.gz.gov.cn/gfxwj/szfgfxwj/gzsrmzfbgt/content/post_7935862.html,2021-11-26（有效期5年，至2026-11）
广州,广东省,缴存-缓缴,支持,适用于生产经营困难的企业,广州住房公积金管理中心《广州市住房公积金缴存管理办法》（延长有效期通知）,https://www.gz.gov.cn/gzzcwjk/detail.html?id=165679,（第二十一条）
天津,天津市,贷款,单双职工额度差异,支持,单缴存与双缴存（夫妻均缴存）最高额度不同,https://www.163.com/dy/article/KKEDS9O50514R9OJ.html,其他新闻
天津,天津市,贷款,首套二套额度差异,支持,首套最高120万，二套最高100万,https://www.163.com/dy/article/KKEDS9O50514R9OJ.html,其他新闻
天津,天津市,贷款,绿色建筑上浮,未检索到,未检索到公开来源,,空
天津,天津市,贷款,二孩家庭上浮,支持,多子女家庭上浮20%，最高144万,https://www.163.com/dy/article/KKEDS9O50514R9OJ.html,其他新闻
天津,天津市,贷款,三孩家庭上浮,支持,多子女家庭（含三孩）上浮20%,https://www.163.com/dy/article/KKEDS9O50514R9OJ.html,其他新闻
天津,天津市,贷款,人才青年上浮,未检索到,未检索到公开来源,,空
天津,天津市,贷款,家庭共享额度代际互助,支持,,https://www.zfgjj.cn/tjgjjcms/mainSitePc/content/pc_xwdt/xwdt_zxxw/xwdt_zxxw/379355.html,政府网站
天津,天津市,贷款,商转公,不支持,,https://new.qq.com/rain/a/20260104A071TZ00,其他新闻
天津,天津市,贷款,最长贷龄30年,支持,,https://new.qq.com/rain/a/20260104A071TZ00,其他新闻
天津,天津市,提取,购房一次性提取,支持,未使用贷款购房的，职工及配偶可提取购房合同签订当月之前（含当月）的账户余额，合计不超过购房款；已有住房且无贷款购存量房须持证满半年。,,
天津,天津市,提取,租房提取限额,支持,租商品住房夫妻合计每月不超3000元；保障性租赁住房按实际租金；公租房按管理部门数据；新市民、青年人不超上月月缴存额；每次可提不超12个月。,,
天津,天津市,提取,多孩租房上浮,支持,养育两个及以上子女且至少一个未成年的，租商品住房夫妻合计每月可按实际租金提取，不受3000元/月上限限制，需提供户口簿和房屋租赁合同。,,
天津,天津市,提取,加装电梯提取,支持,既有住宅加装电梯，房屋产权人及配偶、子女及其配偶可提取；竣工验收后两年内一次性申请，总额不超过该套住房加装电梯直接出资金额。,,
天津,天津市,提取,车位购置提取,不支持,《天津市住房公积金提取管理办法》购建修房提取仅含购买、建造、翻建、大修自住住房及偿还贷款本息三类，本市未将车位、车库纳入提取情形。,,
天津,天津市,提取,大病救助提取,有条件支持,职工本人及配偶均无本市未结清的个人住房公积金贷款 本人或配偶、未成年子女患重大疾病住院的，出院之日起一年内可提取本人及配偶账户余额，合计不超过住院费用个人负担部分，病种按保险行业协会范围。,,
天津,天津市,提取,既提又贷,支持,提取公积金支付首付款后，因同一套住房申请公积金（组合）贷款的，已提取金额与账户余额合并计算贷款额度，可贷额度不受提取影响。,,
天津,天津市,提取,首付直付,支持,2025年7月25日起存量房、2026年6月29日起预售商品房，可申请提取本人及配偶公积金直接支付首付款，资金划入监管账户，额度不超未付首付款。,,
天津,天津市,提取,代际互助,支持,购买首套住房和保障性住房，职工及配偶双方父母可一并提取；直付首付新政中，纯首套房（名下无房无贷款记录）还可提取双方父母公积金。,,
天津,天津市,提取,按月冲还商贷,有条件支持,仅组合贷款中的商贷部分可签订《委提协议书》按月自动划转；纯商业贷款不能自动划转，只能柜台按已还贷款本息提取。 天津的委托提取（按月自动划转）仅适用于住房公积金（组合）贷款，组合贷的商贷部分可随公积金部分一并按月划转；纯商贷购房不能自动划转公积金余额还贷，仅可办理“按月偿还贷款提取”（按已还本息手动申请提取）。,,
天津,天津市,提取,物业费提取,未确认,《天津市住房公积金提取管理办法》(津公积金委〔2023〕8号)第二章住房消费提取仅列租赁住房提取与购建修房提取(购买自有住房、建造/翻建/大修自有住房、偿还购房贷款本息)，不含物业费。截至查证日天津未出台物业费提取细则，仅国家条例层面授权(9月20日施行)，本地暂不能办。,,
天津,天津市,提取,住房装修提取,不支持,不允许。天津市住房公积金管理中心热点问题答复明确“装修不能申请提取住房公积金”。现行办法购建修房提取只含在农村集体土地上建造、翻建、大修自有住房，大修须提供房屋危险性鉴定为C级或D级的房屋安全鉴定报告(农村房屋由乡镇主管部门出具证明)，提取金额不超过建修房费用。装修、装饰、中修、小修均不可提取。,,
天津,天津市,缴存-灵活就业,支持,,天津北方网《天津公积金新政出台！灵活就业人员可以缴存住房公积金》（《天津市灵活就业人员参加住房公积金制度管理办法》）,http://news.big5.enorth.com.cn/system/2024/12/20/057929724.shtml,2024-12（2024-12-25施行）
天津,天津市,缴存-缓缴,支持,适用于生产经营困难的单位,天津市人民政府办公厅《关于印发〈天津市住房公积金归集管理办法〉的通知》,https://gk.tj.gov.cn/zcwjk/zfgjj/zcwj/202405/t20240528_6635949.html,2024-05（第十二条）
重庆,重庆市,贷款,单双职工额度差异,支持,,https://www.cqgjj.cn/ywzn/gjjdkzn/2653.htm,政府网站
重庆,重庆市,贷款,首套二套额度差异,不支持,,https://www.cqgjj.cn/ywzn/gjjdkzn/2653.htm,政府网站
重庆,重庆市,贷款,绿色建筑上浮,支持,,https://www.topnews.cn/news/145BD1E444B14E76,其他新闻
重庆,重庆市,贷款,二孩家庭上浮,支持,,https://www.cqgjj.cn/zwgk/zcjd/3123.htm,政府网站
重庆,重庆市,贷款,三孩家庭上浮,支持,,https://www.cqgjj.cn/zwgk/zcjd/3123.htm,政府网站
重庆,重庆市,贷款,人才青年上浮,支持,,https://m.loupan.com/cq/news/202604/5567181,其他新闻
重庆,重庆市,贷款,家庭共享额度代际互助,支持,,https://www.cqgjj.cn/zwgk/gsgg/3396.htm,政府网站
重庆,重庆市,贷款,商转公,支持,,https://www.cqgjj.cn/zwgk/gsgg/3147.htm,政府网站
重庆,重庆市,贷款,最长贷龄30年,支持,,https://www.cqgjj.cn/zwgk/gsgg/3147.htm,政府网站
重庆,重庆市,提取,购房一次性提取,支持,2025年11月6日起全款购房，职工、配偶、子女及双方父母每人每年可提取一次，累计不超5次，合计不超购房总价款，办理时限由2年放宽至5年。,,
重庆,重庆市,提取,租房提取限额,支持,租商品住房按限额：中心城区每人1800元/月、夫妻3600元/月；中心城区以外区县每人1500元/月、夫妻3000元/月；租公租房按实际房租，夫妻合计不超一年租金。,,
重庆,重庆市,提取,多孩租房上浮,支持,两个及以上子女家庭租房提取额度在非多子女标准上提高50%：中心城区每人2700元/月、夫妻5400元/月；其他区县每人2250元/月、夫妻4500元/月。,,
重庆,重庆市,提取,加装电梯提取,支持,2026年6月起提取时限由项目竣工后1年放宽至5年，可提取1次；范围含本人、配偶、子女及双方父母；新增支持更新电梯，合计金额不超实际承担费用。,,
重庆,重庆市,提取,大病救助提取,支持,职工或其直系亲属（配偶、子女、父母）患恶性肿瘤等重大疾病造成家庭生活严重困难的，每年可提取一次，额度不超过当年医疗费用个人负担部分。,,
重庆,重庆市,提取,既提又贷,支持,市政府新闻发布会明确支持公积金贷款购房“又提又贷”：既提取余额支付首付款又申请公积金贷款；公积金贷款购房首付款提取限于贷款发放之日起1年内。,,
重庆,重庆市,提取,首付直付,支持,渝公积金发〔2024〕120号：使用商业性个人住房贷款购买新建商品住房，合同备案后即可申请提取直付首付款，资金直接划入商品房交易资金监管账户。,,
重庆,重庆市,提取,代际互助,支持,全款购房可由职工、配偶、子女以及职工与配偶双方父母提取，合计不超购房总价款；加装电梯提取范围亦放宽至缴存人配偶的父母，含双方父母。,,
重庆,重庆市,提取,按月冲还商贷,有条件支持,仅限与中心建立商业贷款信息协查机制的银行（工行、农行、中行、建行、交行、兴业、中信、招商、民生、重庆银行等），且须为重庆市内购房。 重庆公积金中心与10家主要商业银行建立商贷信息协查机制，职工在上述银行使用商贷在渝购房且能通过数据协查核实的，可签约“商业贷款约定提取”，系统每月按约定时间自动划转上月已还本息；2026年8月新政将商贷提取频次放宽至每月一次。,,
重庆,重庆市,提取,物业费提取,未确认,重庆市住房公积金管理中心公布的提取情形分为购房类、租房类、还贷类、销户类、特殊困难类、灵活就业类六大类，均无物业费提取。截至查证日重庆未出台物业费提取细则，仅国家条例层面授权(9月20日施行)，本地暂不能办。,,
重庆,重庆市,提取,住房装修提取,不支持,不允许。重庆现行提取范围只含“建造、翻建、大修具有产权自住住房”：自审批文件批准之日起1年内职工及配偶各可提取一次，合计金额不超过建造、翻建、大修住房实际支出；大修须提供房产管理部门出具的房屋大修鉴定文件及大修费用发票。装修、装饰未列入任何提取情形，不可提取。,,
重庆,重庆市,提取,车位购置提取,支持,住房公积金缴存人及其配偶在本市行政区域内拥有产权住房的小区内购买车位的，自车位购买之日起满半年后、5年内，可依法依规使用1个车位提取1次住房公积金，合计提取金额不超过10万元。,,
重庆,重庆市,缴存-灵活就业,支持,,重庆市灵活就业人员参加住房公积金制度试点管理办法（渝公积金委发〔2021〕2号，万盛经开区管委会转发）,https://ws.cq.gov.cn/cqws_zwxxgkml/zcwjjjdkcs/zcwj_zfxxgkml/qtwj/202211/t20221104_11265130.html,2021
重庆,重庆市,缴存-缓缴,支持,,重庆市住房公积金管理中心办事指南——住房公积金缓缴,https://www.cqgjj.cn/ywzn/gjjhczn/2521.htm,2022
佛山,广东省,贷款,单双职工额度差异,支持,,https://fsgjj.foshan.gov.cn/xxgk/gzdt/content/post_7149296.html,政府网站
佛山,广东省,贷款,首套二套额度差异,支持,,https://fsgjj.foshan.gov.cn/xxgk/gzdt/content/post_7149296.html,政府网站
佛山,广东省,贷款,绿色建筑上浮,支持,,https://fsgjj.foshan.gov.cn/xxgk/gzdt/content/post_7149296.html,政府网站
佛山,广东省,贷款,二孩家庭上浮,支持,,https://fsgjj.foshan.gov.cn/xxgk/gzdt/content/post_7149296.html,政府网站
佛山,广东省,贷款,三孩家庭上浮,支持,,https://fsgjj.foshan.gov.cn/xxgk/gzdt/content/post_7149296.html,政府网站
佛山,广东省,贷款,人才青年上浮,支持,,https://www.foshan.gov.cn/slhwz/zcjd/content/post_5364048.html,政府网站
佛山,广东省,贷款,家庭共享额度代际互助,未检索到,未检索到公开来源,,空
佛山,广东省,贷款,商转公,支持,,https://fsgjj.foshan.gov.cn/xxgk/gzdt/content/post_7149296.html,政府网站
佛山,广东省,贷款,最长贷龄30年,支持,,https://fsgjj.foshan.gov.cn/xxgk/gzdt/content/post_6952465.html,政府网站
佛山,广东省,提取,购房一次性提取,有条件支持,仅限所购住房未使用住房贷款（全款购房）；使用住房贷款的须改办偿还购房贷款本息提取或公积金冲还贷。 全款购房可自购房日期起满6个月后、两年内一次性提取，额度不超过实际支付的购房款，每次提取后个人账户须留存不低于500元。,,
佛山,广东省,提取,租房提取限额,支持,租住商品住房月最高可提取1448元、年最高17376元（2025年7月至2026年6月，按上年职工月平均工资9653元×15%核定）；公租房按实际房租提取。,,
佛山,广东省,提取,多孩租房上浮,支持,多孩家庭（指现有三个以上未成年子女的家庭）租住商品住房按租房发票据实核定，月最高5792元、年最高69504元（月平均工资×60%）。,,
佛山,广东省,提取,加装电梯提取,支持,本市4层以上多业主无电梯住宅加装电梯，自特种设备使用登记证书登记之日起1年内可提取一次，额度不超过所分摊费用；自建房、别墅不属于可提取范畴。,,
佛山,广东省,提取,车位购置提取,不支持,办法第十八条明确，职工不得因购买写字楼、商铺、商用公寓、车位等非住宅申请提取住房公积金；自住住房须为性质是住宅的房屋。,,
佛山,广东省,提取,大病救助提取,不支持,现行提取情形仅购房、付首付、还贷、租房、加装电梯五类；市政府网答复“有重大疾病不属可提取范围”，大病医疗由专项医疗保障制度覆盖。,,
佛山,广东省,提取,既提又贷,支持,办理支付购房首付款提取后，可以该套住房申请公积金贷款，用于支付首付款的公积金可作为缴存余额纳入贷款额度计算；公积金贷款最低首付比例首套二套均20%。,,
佛山,广东省,提取,首付直付,有条件支持,限以贷款方式购买佛山行政区域内新建商品住房，楼盘须已在公积金中心备案，且须在商品房买卖合同备案前提出申请。 可申请支付购房首付款提取，额度不超过首付款金额，只可提取一次；申请后一年内未办理网签备案的自动撤销，合同解除的由开发企业全额退还至公积金专户。,,
佛山,广东省,提取,代际互助,有条件支持,限直系亲属（父母、配偶、子女）共同购买自住住房，或为职工及其配偶双方父母拥有产权的住宅加装电梯。 办法仅禁止与非配偶或非直系亲属共同购房提取，直系亲属可共同提取；加装电梯提取范围含职工及配偶双方父母的住宅。购房、还贷提取未开放父母子女账户直接互用。,,
佛山,广东省,提取,按月冲还商贷,支持,佛山“偿还购房贷款本息提取”在贷款偿还期内每月可提取一次，纯商贷购房即可办理；可签约提取划账续期实现按月自动划账，审核通过后资金于3个工作日内到账。,,
佛山,广东省,提取,物业费提取,未确认,现行《佛山市住房公积金提取管理办法》（2025年5月30日修订、2025年7月1日施行）第五条列举的住房消费提取情形共5类：购买、建造、翻建、大修自住住房，支付本市新建商品住房首付款，偿还购房贷款本息，在本市租房自住，本市既有住宅加装电梯，不含物业费。截至查证日佛山未出台物业费提取细则，仅国家条例层面授权（2026年9月20日施行），本地暂不能办。,,
佛山,广东省,提取,住房装修提取,不支持,不允许。佛山市12345（转市住房公积金管理中心意见）2026年8月5日答复明确：大修指需牵动或拆换住房部分主体构件，装修、装饰、中修、小修等行为都不属大修，因而不可提取住房公积金。现行《佛山市住房公积金提取管理办法》第五条住房消费提取情形只含购买、建造、翻建、大修自住住房，大修一次费用须在该建筑物同类结构新建造价25%以上。,,
佛山,广东省,缴存-灵活就业,支持,,佛山市住房公积金管理中心关于印发《佛山市灵活就业人员住房公积金缴存使用管理办法》的通知（佛房金管〔2023〕67号）,https://fsgjj.foshan.gov.cn/xxgk/tztg/content/post_5870589.html,2023-12-29
佛山,广东省,缴存-缓缴,支持,,佛山市住房公积金管理中心——公司经营困难，可以申请公积金降比或缓缴吗？,https://fsgjj.foshan.gov.cn/gkmlpt/content/5/5862/mpost_5862683.html,2024-03-01
东莞,广东省,贷款,单双职工额度差异,不支持,,https://app.dg.gov.cn/u/consult/show/B9D1B7E41CE08D23E6D01D8B4A02E2FF,政府网站
东莞,广东省,贷款,首套二套额度差异,不支持,,https://dggjj.dg.gov.cn/zwfw/bszn/dksp/zfgjjdkzcgf/content/mpost_4523969.html,政府网站
东莞,广东省,贷款,绿色建筑上浮,支持,,https://dggjj.dg.gov.cn/gkmlpt/content/4/4296/post_4296370.html,政府网站
东莞,广东省,贷款,二孩家庭上浮,支持,,https://dggjj.dg.gov.cn/gkmlpt/content/4/4296/post_4296370.html,政府网站
东莞,广东省,贷款,三孩家庭上浮,支持,,https://dggjj.dg.gov.cn/gkmlpt/content/4/4296/post_4296370.html,政府网站
东莞,广东省,贷款,人才青年上浮,支持,,https://dggjj.dg.gov.cn/gkmlpt/content/4/4296/post_4296370.html,政府网站
东莞,广东省,贷款,家庭共享额度代际互助,支持,,https://dggjj.dg.gov.cn/hdjl/cjwt/content/post_4389702.html,政府网站
东莞,广东省,贷款,商转公,支持,,https://dggjj.dg.gov.cn/gkmlpt/content/4/4296/post_4296370.html,政府网站
东莞,广东省,贷款,最长贷龄30年,支持,,https://dggjj.dg.gov.cn/gkmlpt/content/4/4296/post_4296370.html,政府网站
东莞,广东省,提取,购房一次性提取,支持,购买自住住房可申请提取发证当月或合同备案当月账户余额，提取额度不超过购房总价款；建造、翻建、大修按发票所载实际支出据实提取，不再受单价面积限制。,,
东莞,广东省,提取,租房提取限额,支持,规定标准700元、规定比例70%、额度上限1800元：月缴存额580元可取580元，800元取700元，3500元取1800元；保障房可按实际租金提取。,,
东莞,广东省,提取,多孩租房上浮,支持,养育至少一名未成年子女的二孩及以上多子女家庭，在本市无自有产权住房的，可按每月缴存额计算可提额度，不受70%比例限制，但仍不超过1800元上限。,,
东莞,广东省,提取,加装电梯提取,支持,本市既有住宅增设电梯工程竣工验收后可一次性申请提取，额度不超过该户应分摊的实际费用；支持范围包括缴存人本人及配偶双方父母的自住住房增设电梯。,,
东莞,广东省,提取,车位购置提取,不支持,东莞市12345常见问题明确，购买商铺、写字楼、车位及未在房产管理部门备案不具备独立产权的住房不属于提取住房公积金的范围；提取情形仅限自住住房。,,
东莞,广东省,提取,大病救助提取,不支持,东莞自2020年3月1日起取消职工本人或家庭成员患重大疾病提取，2025年新办法亦未列入；理由是超出《住房公积金管理条例》范围，属上级审计要求整改的超范围提取。,,
东莞,广东省,提取,既提又贷,支持,以贷款方式购买自住住房可在购房贷款结清前申请还贷提取，并可一次性提取账户余额用于支付经公积金中心备案项目住房的首付款，计提总额不超过合同约定的首付款。,,
东莞,广东省,提取,首付直付,有条件支持,限以贷款方式购买经公积金中心备案项目的住房，可一次性提取账户余额用于支付首付款。 本市缴存人及其配偶可一次性申请提取公积金账户余额，用于支付通过贷款方式购买经公积金中心备案项目住房的首付款，计提总额不超过购房合同约定的首付款金额。,,
东莞,广东省,提取,代际互助,有条件支持,仅限本市既有住宅增设电梯情形，提取人范围含缴存人本人及配偶双方父母；购房、还贷、租房提取的申请人仅限缴存人及其配偶。 增设电梯政策支持范围包括缴存人本人及配偶双方父母的自住住房；购买自住住房、偿还购房贷款本息、租房提取均限于缴存人及其配偶，父母子女账户不能互用。,,
东莞,广东省,提取,按月冲还商贷,有条件支持,仅限本市购房且贷款银行为已与中心签订商贷互通协议的银行；异地商贷不可办逐月划扣（仅可每半年提取一次）。 东莞商贷可办理“逐月划扣”服务，中心每月从公积金账户提取资金划转至绑定账户用于还贷；须贷款银行已加入商贷信息互通，且须本人到场签约，划扣金额按实付本息减十元计。,,
东莞,广东省,提取,物业费提取,未确认,现行《东莞市住房公积金提取管理办法》（东公积金委规〔2025〕1号，2025年3月1日实施）第五条住房消费活动提取情形仅4项：购买自住住房及建造、翻建、大修本市或户籍所在地自住住房；偿还购房贷款本息；租住本市自住住房；本市既有住宅增设电梯，不含物业费。截至查证日东莞未出台物业费提取细则，仅国家条例层面授权（2026年9月20日施行），本地暂不能办。,,
东莞,广东省,提取,住房装修提取,不支持,不允许。东莞市12345政务服务便民热线2025年9月2日发布的公积金提取常见问题明确答复：我市装修提取政策于2019年7月1日起已取消；《东莞市住房公积金提取管理办法》（东公积金委规〔2025〕1号）第五条住房消费提取情形仅4项，不含装修，仅可购买、建造、翻建、大修自住住房提取，建造翻建大修的提取额度不超过发票所载实际支出。,,
东莞,广东省,缴存-灵活就业,支持,,东莞市住房公积金管理中心关于正式推行灵活就业人员参加住房公积金制度的通知,https://dggjj.dg.gov.cn/gkmlpt/content/4/4287/post_4287808.html?jump=true,2024-10-28
东莞,广东省,缴存-缓缴,支持,,东莞市人民政府——关于《东莞市住房公积金缴存管理办法》的政策解读（东府〔2023〕35号）,https://www.dg.gov.cn/zwgk/jdhy/zcjd/szfjqbm/content/post_4059827.html,2023-09-01
珠海,广东省,贷款,单双职工额度差异,支持,单缴存80万元、双缴存130万元（2025.83号）,https://www.zhuhai.gov.cn/sjb/zw/zcwj/content/post_3793512.html,政府网站
珠海,广东省,贷款,首套二套额度差异,不支持,最高额度未区分首套与二套（单80万/双130万，仅首付比例首套二套均20%）,https://www.zhuhai.gov.cn/sjb/zw/zcwj/content/post_3793512.html,政府网站
珠海,广东省,贷款,绿色建筑上浮,支持,购买绿色建筑等持续实施贷款额度上浮政策,https://gjj.zhuhai.gov.cn/hdjlpt/live/index/index/records/pc?jump=0&pid=5343&siteId=756031,政府网站
珠海,广东省,贷款,二孩家庭上浮,支持,多子女家庭首套贷款额度上浮20%（二孩适用）,https://zjj.zhuhai.gov.cn/zjj/zwgk/ztzl/jytabljggk/content/post_3811964.html,政府网站
珠海,广东省,贷款,三孩家庭上浮,支持,多子女家庭（含三孩）首套贷款额度上浮20%,https://zjj.zhuhai.gov.cn/zjj/zwgk/ztzl/jytabljggk/content/post_3811964.html,政府网站
珠海,广东省,贷款,人才青年上浮,支持,高层次人才首套最高150万元（单人）/250万元（双人）,https://www.zhuhai.gov.cn/hd/cjwtjd/szfgjjglzx/content/post_3786282.html,政府网站
珠海,广东省,贷款,家庭共享额度代际互助,支持,一人购房全家帮，父母子女可提取余额支付首付或还贷,https://gjj.zhuhai.gov.cn/zwgk/tzgg/content/post_3192189.html,政府网站
珠海,广东省,贷款,商转公,支持,商转公组合贷款实施细则2025.12.22起施行，有效期5年,https://gjj.zhuhai.gov.cn/zwgk/zcwjjjd/content/post_3855288.html,政府网站
珠海,广东省,贷款,最长贷龄30年,支持,最长计算至退休后5年且不超过68周岁,https://www.zhuhai.gov.cn/sjb/zw/zcwj/content/post_3793512.html,政府网站
珠海,广东省,提取,购房一次性提取,支持,购房之日起三年内（以不动产登记日期为准）可以购房原因申请提取，审批通过后提取金额按公积金账户当前余额90%一次性计算；同一套住房累计不超购房总价及利息总额。,,
珠海,广东省,提取,租房提取限额,支持,夫妻双方在珠海无房且连续足额缴存满3个月，每月最多提取一次，提取金额一般为账户余额90%、一次性支取，夫妻双方每个自然年内累计不超过28000元，不跨年累计。,,
珠海,广东省,提取,多孩租房上浮,未确认,珠海租房提取统一按账户余额90%计、夫妻每自然年28000元上限执行；租房提取补充通知及公积金中心热点问题解答均未载明多子女家庭租房提取额度上浮规定，未能确认。,,
珠海,广东省,提取,加装电梯提取,支持,既有住宅加装或更新电梯可申请提取，需提供身份证、不动产权证、规划部门同意增设或更新电梯复函、加装电梯合同、载明费用分摊的业主意见书及转账凭证。,,
珠海,广东省,提取,车位购置提取,不支持,购买车库、商铺、写字楼、车位及小产权房等非住宅不动产不可提取公积金；“自住住房”须为职工居住其内且对该房屋拥有所有权的住宅。截至2026年8月新政仍不含车位。,,
珠海,广东省,提取,大病救助提取,支持,职工本人或配偶经县级以上人民医院确诊患恶性肿瘤、脑中风后遗症、重大器官移植术、终末期肾病尿毒症期等重大疾病可提取，不超医保报销后自费部分。,,
珠海,广东省,提取,既提又贷,支持,购房提取后并未被禁止再申请公积金贷款，但账户余额减少会直接影响可贷额度，中心建议先办贷款再办提取；公积金贷款最低首付比例首套二套均20%、保障性住房15%。,,
珠海,广东省,提取,首付直付,支持,购买一手房或二手房可持认购书、订金银行转账凭证（收款方须为开发商、付款方须为申请人）或契税发票等办理一次性提取支付首付款，提取金额按账户当前余额90%计算。,,
珠海,广东省,提取,代际互助,支持,缴存职工可提取账户90%余额帮助直系亲属购房支付首付或还贷；直系亲属（父母、子女）间提取须提供户口簿、出生证或单位开具并盖章的关系证明，配偶间须提供结婚证。,,
珠海,广东省,提取,按月冲还商贷,支持,珠海'偿还购房贷款本息提取'（含商贷）规则为'每个自然月内提取一次'，同一套住房每月提取累计金额不超过该购房贷款当月应还本息。收款借记卡须为指定的建行、工行、农行、中行、交行、招行、珠海农商银行等。即商贷支持按月提取。,,
珠海,广东省,提取,物业费提取,未确认,珠海2026年8月21日施行的优化提取使用政策只新增城市更新改造提取与自住住房装修提取两项，未同步推出物业费提取。截至查证日珠海市住房公积金管理中心官网提取业务事项清单中无支付自住住房物业费一项，本地尚未出台物业费提取细则，仅国家条例层面授权（2026年9月20日施行），暂不能办理。,,
珠海,广东省,提取,住房装修提取,支持,允许。本市（含横琴）自住住房已取得不动产权证书且初始登记满8年（含）可申请；每套累计提取总额不超过1500元/㎡×产权证所载建筑面积，且不超过装修（服务）合同金额与申请时个人账户余额的90%，无全市统一固定上限。本人及配偶、父母、子女可全家帮共同申请，但每人只能在装修与城市更新改造提取中二选一、仅限办一次，须近12个月无提取记录、住房无未结清商业性住房贷款。,,
珠海,广东省,缴存-灵活就业,支持,,珠海市住房公积金管理中心《灵活就业人员自愿缴存账户续缴》业务指南,https://gjj.zhuhai.gov.cn/zwfw/bmfw/content/post_3923051.html,2026-07
珠海,广东省,缴存-缓缴,支持,经营确有困难的单位，经职代会或工会表决通过，可申请办理降低比例缴存或缓缴住房公积金,珠海市人民政府/市住房公积金管理中心 政民互动问答,https://www.zhuhai.gov.cn/hd/cjwtjd/szfgjjglzx/content/post_3934846.html,2026
惠州,广东省,贷款,单双职工额度差异,支持,个人最高100万元、家庭（双缴存）最高150万元（2026.5阶段）,https://www.huizhou.gov.cn/zwgk/hzsz/zwyw/content/post_5763973.html,政府网站
惠州,广东省,贷款,首套二套额度差异,不支持,2026.5起阶段性统一首套、二套最高额度（个人100万/家庭150万）,https://www.huizhou.gov.cn/zwgk/hzsz/zwyw/content/post_5763973.html,政府网站
惠州,广东省,贷款,绿色建筑上浮,不支持,2026.5阶段统一政策取消绿色建筑单独上浮（原政策曾上浮）,https://www.huizhou.gov.cn/zwgk/hzsz/zwyw/content/post_5763973.html,政府网站
惠州,广东省,贷款,二孩家庭上浮,不支持,2026.5阶段统一政策取消二孩及以上家庭单独上浮,https://www.huizhou.gov.cn/zwgk/hzsz/zwyw/content/post_5763973.html,政府网站
惠州,广东省,贷款,三孩家庭上浮,不支持,2026.5阶段统一政策取消三孩家庭单独上浮,https://www.huizhou.gov.cn/zwgk/hzsz/zwyw/content/post_5763973.html,政府网站
惠州,广东省,贷款,人才青年上浮,支持,Ⅱ类人才个人120万/家庭170万、Ⅰ类人才个人150万/家庭200万,https://www.huizhou.gov.cn/zwgk/hzsz/zwyw/content/post_5763973.html,政府网站
惠州,广东省,贷款,家庭共享额度代际互助,支持,支持家庭代际互助提取（本人、配偶及其父母、子女）,https://www.huizhou.gov.cn/zwgk/hzsz/zwyw/content/post_5763973.html,政府网站
惠州,广东省,贷款,商转公,支持,商转公贷款（含异地缴存人），额度按原标准执行,https://hzgjj.huizhou.gov.cn/gkmlpt/content/5/5609/post_5609582.html,政府网站
惠州,广东省,贷款,最长贷龄30年,支持,最长期限30年（不超退休后5年）,https://www.huizhou.gov.cn/zwgk/hzsz/zwyw/content/post_5763973.html,政府网站
惠州,广东省,提取,购房一次性提取,支持,购买新建商品住房自购房合同签订之日起两年内、再交易住房自不动产权证书签发之日起两年内申请，每月可提取一次并可累计提取；全款购房累计提取不超过购房总价款，按揭购房不超过首付款。,,
惠州,广东省,提取,租房提取限额,支持,2026年最新口径：租赁本市商品住房可按当月应缴存额申请可提取额度，每人每月最高1000元，每月可提取一次；租住本市公租房、保障性租赁住房的按实际房租支出据实全额提取。,,
惠州,广东省,提取,多孩租房上浮,支持,三孩（含以上）家庭符合租房提取条件的，可按实际房租全额提取，不受每人每月1000元上限限制，每月可提取一次；须提供备案租赁合同与租赁发票，优惠有效期至2027年12月31日。,,
惠州,广东省,提取,加装电梯提取,支持,本市既有住宅增设电梯的，可在电梯安装竣工验收后一年内申请提取一次，提取额不超过本次增设电梯应分摊的费用；范围已扩大至职工本人及配偶双方父母的自住住房加装电梯。,,
惠州,广东省,提取,车位购置提取,不支持,车位、车库不属于提取范围。公积金中心2026年4月答复市民建议时列举的十二类可提取情形中不含购买车位；商铺、写字楼、商务公寓等非住宅类亦明确不可提取。,,
惠州,广东省,提取,大病救助提取,支持,因本人、配偶或夫妻双方直系血亲患重大疾病造成家庭生活严重困难的，可在社保医疗费报销单开具之日起两年内提出申请，申请时当期治疗费用只能提取一次，不得重复申请。,,
惠州,广东省,提取,既提又贷,支持,购买保障性住房明确可提取个人账户公积金支付首付款等购房款，同时申请住房公积金贷款，提取与贷款金额累计不超过所购住房总价；普通商品住房预提首付款后亦不影响可贷额度。,,
惠州,广东省,提取,首付直付,支持,实行预提住房公积金支付购房首付款：签订购房认购书后即可申请，购房职工（含共有产权人）及配偶累计提取总额不超过认购书约定的首付款，资金直接支付首付，无需先垫付后提取。,,
惠州,广东省,提取,代际互助,支持,2026年5月6日起支持家庭代际互助提取：在惠州辖区内购自住房，提取对象由产权人及配偶扩大至其父母、子女；按揭购房提取总额不超实际首付，全款购房不超房屋总价，且不可用于偿还月供。,,
惠州,广东省,提取,按月冲还商贷,支持,惠州市明确：职工使用商业贷款购房，正常还贷3个月后可提取公积金还商贷；'本市签约银行商业贷款可签订逐月划扣协议，偿还贷款将按月自动提取到绑定的个人银行账户中'。非签约银行/异地商贷也可每月提取一次。即商贷支持按月（签约银行可自动划扣）提取。,,
惠州,广东省,提取,物业费提取,不支持,不允许。惠州市住房公积金管理中心2026年3月18日经惠州12345答复，在列举购买建造翻建大修自住住房、偿还房贷本息、租房、封存满半年、低保、大病、加装电梯等12项提取情形后，明确根据国务院《住房公积金管理条例》的规定，缴纳物业费不可以提取住房公积金。惠州2016年曾允许物业费经其他住房消费通道提取，但该规定有效期5年已届满失效。,,
惠州,广东省,提取,住房装修提取,不支持,不允许。惠州市住房公积金管理中心明确装修不属于大修范畴，仅适用于申请人大修本市自住住房提取的情形；大修指经房屋鉴定部门按住建部行业标准鉴定房屋危险性等级为C级或D级、需及时加固或修缮的房屋。市政府门户网站答复亦明确按照《住房公积金管理条例》规定，装修不可以使用住房公积金。现行住房消费提取情形仅购房、建造翻建大修、还贷、租房、加装电梯五类。,,
惠州,广东省,缴存-灵活就业,支持,,惠州市住房公积金管理中心 归集类知识库问答,https://hzgjj.huizhou.gov.cn/zmhd/zcwdzsk/gjl/content/post_5830670.html,2026-08
惠州,广东省,缴存-缓缴,支持,缴存住房公积金确有困难的单位，经职代会或工会讨论通过，经中心审核、报管委会批准后可降低比例或缓缴，每次期限不超过一年,惠州市人民政府《惠州市住房公积金管理规定》,https://www.huizhou.gov.cn/zwgk/gbjb/zfgb/eles/d4q/szfwj/content/post_4951894.html,2024/2025
中山,广东省,贷款,单双职工额度差异,支持,单缴存与双缴存职工最高贷款额度不同,https://zszfgjj.zs.gov.cn/gkmlpt/content/2/2610/post_2610825.html,政府网站
中山,广东省,贷款,首套二套额度差异,支持,首套与二套执行不同利率及住房套数认定,https://www.zs.gov.cn/zwgk/fggw/bsgfxwj/content/post_2537078.html,政府网站
中山,广东省,贷款,绿色建筑上浮,支持,购买绿色建筑商品住房贷款额度上浮20%,https://zszfgjj.zs.gov.cn/gkmlpt/content/2/2622/post_2622742.html,政府网站
中山,广东省,贷款,二孩家庭上浮,支持,多子女家庭贷款额度上浮30%,https://zszfgjj.zs.gov.cn/gkmlpt/content/2/2610/post_2610826.html?jump=true,政府网站
中山,广东省,贷款,三孩家庭上浮,支持,多子女家庭贷款额度上浮30%（含三孩）,https://zszfgjj.zs.gov.cn/gkmlpt/content/2/2610/post_2610826.html?jump=true,政府网站
中山,广东省,贷款,人才青年上浮,支持,高层次人才及乡村新秀等人才贷款额度上浮,https://zszfgjj.zs.gov.cn/gkmlpt/content/2/2610/post_2610825.html,政府网站
中山,广东省,贷款,家庭共享额度代际互助,支持,购房首付提取代际互助，配偶父母子女均可提取,https://zszfgjj.zs.gov.cn/ttxw/gab/zwdt/content/post_2640657.html,政府网站
中山,广东省,贷款,商转公,支持,开办商业贷款转公积金贷款业务,https://www.zs.gov.cn/zwgk/fggw/bsgfxwj/content/post_2537078.html,政府网站
中山,广东省,贷款,最长贷龄30年,支持,公积金贷款期限最长30年,https://www.zs.gov.cn/zwgk/fggw/bsgfxwj/content/post_2537078.html,政府网站
中山,广东省,提取,购房一次性提取,支持,一次性付款（含分期付款）购买本市自住住房，自购房发票或开发商收据开立之日起五年内可提取五次，首次须已支付房款50%以上，提取总额不超过购房总价；购买外市自住住房自办证日起五年五次。,,
中山,广东省,提取,租房提取限额,支持,在本市无房产且正常缴存满1个月的，每30日可提取一次，每次提取前一个月缴存额的50%且不超过3000元；月缴存额不足1600元且余额充足的按800元提取，账户余额不足800元的按余额提取并保留1元。,,
中山,广东省,提取,多孩租房上浮,支持,多子女家庭在本市无房产且租赁住房的，可按照实际住房租金支出提取住房公积金，不受50%缴存额与3000元上限约束，每30日申请提取一次，每次提取后账户须保留至少1元余额。,,
中山,广东省,提取,加装电梯提取,支持,对既有本市住宅房屋共有部位增设或更新电梯的，产权人及其配偶、产权人子女及其配偶可自特种设备使用登记证书登记之日起三年内申请提取一次，提取总额不超过因增设电梯分摊的实际支出费用。,,
中山,广东省,提取,车位购置提取,不支持,购买车位、车库不属于中山市住房公积金提取情形。现行《中山市住房公积金提取管理实施细则》第四条列举的十二类可提取情形中无车位（库），购房提取支出范围亦未纳入车库。,,
中山,广东省,提取,大病救助提取,支持,两类情形：医保报销后同一社保年度个人支付医疗费用累计超2万元可提取；职工或家庭成员（含父母、配偶的父母）患九类重大疾病的，自二级甲等及以上医院诊断证明书开立之日起一年内提取一次。,,
中山,广东省,提取,既提又贷,支持,2026年5月1日起，以住房公积金贷款（含组合贷款）购买本市自住住房并提取住房公积金支付首付款的，当次住房公积金贷款申请额度不扣减已提取的首付款金额，实现既提又贷。,,
中山,广东省,提取,首付直付,支持,贷款购买本市新建商品住房的，产权人及其家庭成员可提取个人账户余额用于支付首付款，总额不超商品房买卖合同约定的首付款，公积金中心审核后直接将资金转入房地产开发企业账户，无需先垫付。,,
中山,广东省,提取,代际互助,支持,首付款提取对象含产权人及其家庭成员（配偶、子女、父母、配偶的父母），购买新建商品住房不受提取间隔及房产份额限制；还贷时账户余额不足的，差额可由子女、父母、配偶的父母提取。,,
中山,广东省,提取,按月冲还商贷,有条件支持,仅限与公积金中心签约的15家银行（建行、工行、农行、中行、交行、农商、招行、浦发、广发、兴业、中信、邮储、渤海、东莞、光大等）办理的中山市住房贷款，须签订委托自动转账协议、按月审批划转（还多少取多少）。 中山市开办住房公积金委托自动转账业务：申请个人住房贷款（含商业性个人住房贷款、组合贷款）购买自住住房，若贷款行在签约银行范围内，可办理自动转账，市公积金中心后台按月将借款人及配偶公积金可提取额划转至绑定银行卡。,,
中山,广东省,提取,物业费提取,有条件支持,归入其他住房消费（物业水电费）提取通道，非独立的物业费提取情形。职工及配偶在本市有房产、无购房建造翻建大修提取情形且正常缴存满1个月，可每30日提取前一月缴存额的50%，单次上限900元，月缴存额不足1200元且账户余额充足按600元提取。2026年5月1日起，已办还贷提取者还贷期间每半年可再提取一次，按月冲还贷须留存1个月还款额。线上办理。 归入其他住房消费（物业水电费）提取通道，非独立的物业费提取情形。职工及配偶在本市有房产、无购房建造翻建大修提取情形且正常缴存满1个月，可每30日提取前一月缴存额的50%，单次上限900元，月缴存额不足1200元且账户余额充足按600元提取。2026年5月1日起，已办还贷提取者还贷期间每半年可再提取一次，按月冲还贷须留存1个月还款额。线上办理。,,
中山,广东省,提取,住房装修提取,不支持,不允许。现行《中山市住房公积金提取管理实施细则》（2025年8月1日印发）第四条提取情形不含装修，住房消费类仅含购买、建造、翻建、大修自住住房及物业费等其他住房消费。装修须按大修办理：房产须在中山市，凭市级以上房屋安全鉴定部门出具的《房屋安全鉴定书》且结果为危房（C/D级），自签发日起一年内提取一次，另需不动产权证书、施工合同、修缮发票。,,
中山,广东省,缴存-灵活就业,支持,,中山市人民政府（中山市灵活就业人员缴存使用住房公积金管理办法）,https://www.zs.gov.cn/zwgk/gzdt/tzgg/content/mpost_2360414.html,2023-12
中山,广东省,缴存-缓缴,支持,,中山市住房公积金管理中心（中山市住房公积金管理办法）,https://zszfgjj.zs.gov.cn/zwgk/qt/xxgkml/bmwj/gfxwj/content/post_1447060.html,2024
江门,广东省,贷款,单双职工额度差异,支持,单缴存与双缴存职工最高贷款额度不同,https://www.jiangmen.gov.cn/bmpd/jmszfhcxjsj/xzzx/zfgjjgl/content/post_1540844.html,政府网站
江门,广东省,贷款,首套二套额度差异,支持,首套与二套最高贷款额度不同（首套更高）,https://www.jiangmen.gov.cn/bmpd/jmszfhcxjsj/xzzx/zfgjjgl/content/post_1540844.html,政府网站
江门,广东省,贷款,绿色建筑上浮,支持,购买一星级以上绿色建筑住宅贷款额度上浮20%,https://www.jiangmen.gov.cn/bmpd/jmszfhcxjsj/xzzx/zfgjjgl/content/post_1540844.html,政府网站
江门,广东省,贷款,二孩家庭上浮,支持,多子女家庭贷款额度上浮（首套1.5倍/二套1.3倍）,https://www.jiangmen.gov.cn/bmpd/jmszfhcxjsj/xzzx/zfgjjgl/content/post_1540844.html,政府网站
江门,广东省,贷款,三孩家庭上浮,支持,多子女家庭贷款额度上浮（含三孩）,https://www.jiangmen.gov.cn/bmpd/jmszfhcxjsj/xzzx/zfgjjgl/content/post_1540844.html,政府网站
江门,广东省,贷款,人才青年上浮,支持,高层次人才及人才优粤卡贷款额度上浮,https://www.jiangmen.gov.cn/bmpd/jmszfhcxjsj/xzzx/zfgjjgl/content/post_1540844.html,政府网站
江门,广东省,贷款,家庭共享额度代际互助,支持,购房提取代际互助，父母子女可提取公积金支持购房,https://www.jiangmen.gov.cn/newzwgk/zfgb/2025/7/content/post_3349174.html,政府网站
江门,广东省,贷款,商转公,支持,开办商业贷款转公积金贷款业务,https://www.jiangmen.gov.cn/bmpd/jmszfhcxjsj/zcfg/zcjd/content/post_3484539.html,政府网站
江门,广东省,贷款,最长贷龄30年,支持,公积金贷款期限最长30年,https://www.jiangmen.gov.cn/bmpd/jmszfhcxjsj/xzzx/zfgjjgl/content/post_1540844.html,政府网站
江门,广东省,提取,购房一次性提取,支持,以自有资金全额付款购房且不申请住房贷款的，可在签订购房合同或不动产权证书发证日后两年内提取一次，提取金额不超过购房总价款；付首付并办贷款的提取额不超首期款，限一次。,,
江门,广东省,提取,租房提取限额,支持,连续足额缴存满3个月且本人及配偶在江门无房，首次申请额不超申请时每月可提取金额上限的6倍，此后间隔不少于3个月可累计提取。租住商品住房：月缴存额低于1000元的月上限500元，高于1000元的为当月应缴存额的50%。,,
江门,广东省,提取,多孩租房上浮,未确认,现行《江门市住房公积金提取管理办法》（2025年版）未设多子女家庭租房提取额度上浮条款；2025年年度报告仅提及提高多子女家庭公积金贷款额度。检索未见江门政府文件明确租房上浮，故标记未确认。,,
江门,广东省,提取,加装电梯提取,支持,本人及配偶和双方父母的自住住房加装电梯的，可在《特种设备使用登记证》发证日起一年内提取一次，提取金额不超过增设电梯支付或分摊的费用；2025年156名职工提取615.62万元。,,
江门,广东省,提取,车位购置提取,有条件支持,2026年8月8日至12月31日阶段性政策，仅限与自有住房同小区的一手车位（库） 阶段性新政：职工本人或配偶购买与自有住房同小区一手车位（库），自买卖合同签订之日起一年内可提取一次；全款购买提取不超车位总价，贷款购买不超车位首付款；二手车位暂不纳入。,,
江门,广东省,提取,大病救助提取,有条件支持,须为本人或直系亲属患列入江门市基本医疗保险特定病种疾病且造成家庭生活严重困难 本人或直系亲属患列入本市基本医疗保险特定病种疾病造成家庭生活严重困难的，可在医疗收费票据或发票开具之日起一年内申请，提取金额不超过个人缴纳的医疗费用；需继续治疗的间隔不少于3个月。,,
江门,广东省,提取,既提又贷,支持,办法第七条明确：提取住房公积金支付部分购房首期款且申请住房贷款的，可在签订购房合同后两年内提取一次，提取额不超购房首期款（完税金额或成交金额较低者与贷款金额的差额），即允许既提又贷。,,
江门,广东省,提取,首付直付,支持,可用公积金直接支付新建商品住房首期款：购买预售商品住房的提取资金划入商品房预售专用账户，现售商品住房划入开发商指定账户，存量房划入存量房资金监管账户，无需先自筹垫付再提取。,,
江门,广东省,提取,代际互助,有条件支持,限直系亲属（配偶及职工本人的父母、子女）首次购买自住住房 直系亲属首次购买自住住房的，可参照购房提取与偿还贷款本息提取规定提取住房公积金；2025年已取消直系亲属购房提取的面积限制，全年861名职工提取住房公积金8213.71万元。,,
江门,广东省,提取,按月冲还商贷,有条件支持,本市商贷须为公积金贷款承办银行办理且贷款未结清无逾期；异地商贷自2026-02-28起全国范围可按月提取（须无逾期、月提取额不超过最近一期月还款本息、每次申请有效期12个月）。 江门市支持商贷按月提取还贷：本市住房贷款可选择'按月提取还贷'方式（每月最高提取不超过月平均应还本息额）；2026年2月28日起新增'按月提取偿还异地住房贷款（含商业贷款）'业务，全国异地购房的江门缴存职工均可按月提取。,,
江门,广东省,提取,物业费提取,未确认,现行《江门市住房公积金管理委员会关于江门市住房公积金提取管理办法》（江公积金管委会〔2025〕2号，2025年9月1日施行，有效期至2030年8月31日）第四条14项提取条件中，住房消费类为购买自住住房、建造翻建大修自住住房、偿还购房贷款本息、无房租房、加装电梯、直系亲属首次购房，不含物业费。江门暂未出台物业费提取细则，仅国家条例层面授权（9月20日施行）。,,
江门,广东省,提取,住房装修提取,不支持,不允许。现行《江门市住房公积金管理委员会关于江门市住房公积金提取管理办法》（江公积金管委会〔2025〕2号，2025年9月1日施行）第四条住房消费类提取条件只含购买、建造、翻建、大修自住住房，不含装修；大修须提供达《房屋完损等级评定标准》严重损坏房、危险房等级或《危险房屋鉴定标准》C、D级的房屋安全鉴定报告及不动产权证书、修缮费用发票，2年内提取一次。,,
江门,广东省,缴存-灵活就业,未采集到相关信息,,江门市人民政府/江门市住房公积金管理中心,https://www.jiangmen.gov.cn/jmzjj/gkmlpt/content/2/2911/post_2911299.html,
江门,广东省,缴存-缓缴,支持,单位因连续三年亏损、缴存住房公积金确有困难，经职工代表大会或工会讨论通过，公积金中心审核、管委会批准后可缓缴,江门市人民政府—江门市住房公积金缴存管理办法,https://www.jiangmen.gov.cn/jmzjj/gkmlpt/content/2/2911/post_2911299.html,2023-09
湛江,广东省,贷款,单双职工额度差异,支持,,https://www.zhanjiang.gov.cn/zfgjj/gkmlpt/content/2/2175/post_2175214.html,政府网站
湛江,广东省,贷款,首套二套额度差异,不支持,,https://www.zhanjiang.gov.cn/hygq/content/post_2063016.html,政府网站
湛江,广东省,贷款,绿色建筑上浮,支持,,https://news.southcn.com/node_54a44f01a2/a542ac0253.shtml,官媒
湛江,广东省,贷款,二孩家庭上浮,支持,,https://www.zhanjiang.gov.cn/hygq/content/post_2063016.html,政府网站
湛江,广东省,贷款,三孩家庭上浮,支持,,https://www.zhanjiang.gov.cn/hygq/content/post_2063016.html,政府网站
湛江,广东省,贷款,人才青年上浮,支持,,https://www.zhanjiang.gov.cn/hygq/content/post_2063016.html,政府网站
湛江,广东省,贷款,家庭共享额度代际互助,有条件支持,限本市行政区域内首次购房时，职工父母或者子女可同时提取住房公积金账户存储余额（代际互助提取）,https://www.zhanjiang.gov.cn/zjsfw/bmdh/zfgjj/zwgk/bmwj/gfxwj/content/post_2176247.html,政府网站
湛江,广东省,贷款,商转公,支持,,https://www.zhanjiang.gov.cn/zjsfw/bmdh/zfgjj/zwgk/bmwj/gfxwj/content/post_1991302.html,政府网站
湛江,广东省,贷款,最长贷龄30年,支持,,https://www.zhanjiang.gov.cn/attachment/0/256/256018/2064588.pdf,政府网站
湛江,广东省,提取,购房一次性提取,支持,购买预售商品房自合同登记备案之日起三年内、现售商品房自不动产权登记之日起三年内提出申请；提取额不超过实际支付的购房款（不含住房按揭贷款额），二手房按契税计税金额与成交价孰低者计算。,,
湛江,广东省,提取,租房提取限额,支持,无房职工租房自住每季度可提取一次，个人每月不超1000元、夫妻双方每月不超2000元；租住公租房、保障性住房按实际房租提取；2023年及以后毕业的全日制大专以上毕业生可按实际缴存额全额提取。,,
湛江,广东省,提取,多孩租房上浮,支持,有两个及以上未成年子女的家庭无自有住房且租赁住房的，每季度可提取一次，个人每月租房提取额度不超过1200元、夫妻双方每月不超过2400元，较普通1000元/2000元标准上浮约20%。,,
湛江,广东省,提取,加装电梯提取,支持,城镇老旧小区住房加装电梯，以及出资为自有住宅（自建房除外）更新更换满15年的老旧电梯，可自电梯竣工验收之日起三年内一次性提取，提取额不超过安装或更新改造电梯的个人实际支付费用。,,
湛江,广东省,提取,车位购置提取,不支持,现行办法第四条列举的十二类提取情形不含购买车位、车库，且第十四条明确购买、建造、翻建、大修商业用房、商住两用房及偿还其贷款本息不得提取，湛江车位提取无政策依据。,,
湛江,广东省,提取,大病救助提取,支持,本人或配偶、父母、子女患重大疾病（含恶性肿瘤、慢性肾功能衰竭等14类）造成家庭生活严重困难的，自住院发票开具之日起三年内提出申请，提取额不超过个人所负担的住院医疗费用。,,
湛江,广东省,提取,既提又贷,支持,公积金中心答复明确：提取本人及父亲公积金用于首期房款支出后，该套房的公积金贷款额度不受提取影响；在湛江市范围内购买一手自住住房可预提公积金付首付后再办理公积金按揭贷款。,,
湛江,广东省,提取,首付直付,支持,本市行政区域内新建商品房楼盘经公积金中心审核符合规定的，可办理预提住房公积金交付首期房款业务；凭认购书、保证书、转账委托书等办理，预提资金直接转划至房企预售房款监控账户。,,
湛江,广东省,提取,代际互助,有条件支持,限在本市行政区域内首次购房，父母或子女可同时提取，且仅限首期房款支出 在本市行政区域内首次购房的，职工父母或者子女可同时提取住房公积金账户存储余额用于首期房款支出；偿还购房贷款本息则不能提取直系亲属的住房公积金，二手车位与异地房不适用。,,
湛江,广东省,提取,按月冲还商贷,有条件支持,"仅限已与中心开通商贷自动划转（委托提取还贷）的合作银行（如南粤银行等），须已正常还款满1个月且无逾期、账户余额不少于月缴存额 湛江商贷可办理""委托提取还贷（自动划转）""业务，每月从公积金账户自动划转偿还商贷；但并非所有银行均支持，以已签约自动划转的合作银行为准（如南粤银行）。",,
湛江,广东省,提取,物业费提取,未确认,现行《湛江市住房公积金管理委员会关于湛江市住房公积金提取管理办法(修订)》（湛公积金委〔2026〕2号，2026年5月7日施行，有效期5年）第四条12项提取情形中，住房消费类仅为购买建造翻建大修自住住房、偿还购房贷款本息、无房租房、老旧小区加装电梯、老旧电梯更新改造，不含物业费。湛江本轮刚完成修订仍未新增物业费提取，本地细则尚未出台。,,
湛江,广东省,提取,住房装修提取,不支持,不允许。现行《湛江市住房公积金管理委员会关于湛江市住房公积金提取管理办法(修订)》（湛公积金委〔2026〕2号，2026年5月7日施行）第四条仅允许购买、建造、翻建、大修自住住房提取，不含装修。大修须提供经房地产管理部门认证鉴定机构出具的《房屋安全鉴定书》（危险性鉴定C级及以上）及不动产权证书、购建材发票，自鉴定书发出之日起三年内一次性申请。,,
湛江,广东省,缴存-灵活就业,有条件支持,需具有本市常住户口或取得本市居住证，在本市以个人或个体工商户名义正常缴纳社会保险，年满18周岁且男性未满60周岁、女性未满55周岁,湛江市人民政府《湛江市自由职业人员住房公积金缴存使用暂行办法》,https://www.zhanjiang.gov.cn/zwgk/zfgb/2022/9/content/post_2061728.html,2022-05
湛江,广东省,缴存-缓缴,支持,单位因连续两年亏损或被政府定为困难企业、已依法批准缓缴社保，并经职代会/工会通过的，可申请暂缓缴存（缓缴）一年,湛江市人民政府《湛江市住房公积金缴存管理办法》,https://www.zhanjiang.gov.cn/zjzcai/post/49739,2025
清远,广东省,贷款,单双职工额度差异,支持,,https://www.qingcheng.gov.cn/qyqcczj/gkmlpt/content/2/2096/post_2096716.html,政府网站
清远,广东省,贷款,首套二套额度差异,不支持,,https://www.qingcheng.gov.cn/qyqcczj/gkmlpt/content/2/2096/post_2096716.html,政府网站
清远,广东省,贷款,绿色建筑上浮,支持,,https://www.gdqy.gov.cn/channel/qysgjj/ywzn/dhyw/content/post_2126944.html,政府网站
清远,广东省,贷款,二孩家庭上浮,支持,,https://www.qingcheng.gov.cn/qyqcczj/gkmlpt/content/2/2096/post_2096716.html,政府网站
清远,广东省,贷款,三孩家庭上浮,支持,,https://www.qingcheng.gov.cn/qyqcczj/gkmlpt/content/2/2096/post_2096716.html,政府网站
清远,广东省,贷款,人才青年上浮,未检索到,未检索到公开来源,,空
清远,广东省,贷款,家庭共享额度代际互助,不支持,,https://www.gdqy.gov.cn/channel/qysgjj/ywzn/dhyw/content/post_2126944.html,政府网站
清远,广东省,贷款,商转公,支持,,https://www.gdqy.gov.cn/xxgk/zzjg/zfjg/qyszjj/zwgk/gzdt/content/post_2131779.html,政府网站
清远,广东省,贷款,最长贷龄30年,有条件支持,贷款期限按借款人年龄核定，男性最长可贷至68周岁、女性至63周岁,https://k.sina.cn/article_7517400647_1c0126e4705908xih2.html,其他新闻
清远,广东省,提取,购房一次性提取,支持,购买非按揭自住住房（一次性付款或分期付款）的，自购房合同签订日期或房管部门备案日期起三年内可申请提取一次，买受人及其配偶累计提取总额不超过该房屋购房款，并按各自产权比例确定上限。,,
清远,广东省,提取,租房提取限额,支持,2025年3月10日起：租赁合同已在清远市住房租赁监管平台备案的最高限额全市统一为2500元/月/户，未备案的提取额度为1000元/月/人；租住公租房等保障性租赁住房按实际租金提取，间隔已缩至3个月。,,
清远,广东省,提取,多孩租房上浮,支持,多子女缴存人（有两个或两个以上子女，且至少有一名子女未满18周岁）租住商品房的，按实际租金提取，不受2500元/月/户最高限额限制；其他缴存人仍按备案与否适用2500元/1000元限额。,,
清远,广东省,提取,加装电梯提取,支持,为本人、配偶或双方父母拥有所有权且已建成投入使用的四层及以上多业主无电梯住宅加装电梯的，可在电梯《特种设备使用登记证》核发后三年内提取一次，总额不超该户实际分摊费用；老旧电梯更新改造亦可。,,
清远,广东省,提取,车位购置提取,不支持,清远将购置车位与商铺、新房装修、改善型装修及非购房贷款并列列为不得提取情形，购买车位、车库不能提取住房公积金；2025年优化政策征求意见时相关放宽建议明确未被采纳。,,
清远,广东省,提取,大病救助提取,有条件支持,须经基本医疗保险支付后，当年个人负担医疗费用累计超过本市上一年度居民人均可支配收入的50% 缴存人或配偶、子女、父母当年住院及门诊医疗费用经医保按规定支付后，累计个人负担超过本市上一年度居民人均可支配收入50%的部分可提取，每年一次；未经医保支付的不得申请。,,
清远,广东省,提取,既提又贷,支持,已办理支付首期款提取业务的缴存人，在业务办结后三个月内为该房屋申请公积金贷款的，核定公积金贷款额度时合并计算本次支付首期款提取金额，即提取首付不减少该套住房的可贷额度。,,
清远,广东省,提取,首付直付,支持,可办理购买预售、现售商品住房提取公积金支付首期款业务，缴存人及配偶累计提取总额不超过该房屋首期款，资金纳入商品房预售款监管账户或存量房交易资金监管账户，无需先自筹垫付。,,
清远,广东省,提取,代际互助,有条件支持,父母子女须联名购房或为共同借款人，按产权份额或份额内提取；非产权人的父母不能因子女购房提取 公积金中心明确判断能否提取看是否拥有房屋所有权，父母不拥有子女房屋所有权的不能提取其公积金；父母与子女联名购房的可作为共同借款人或共同申请人，在份额内提取并申请公积金贷款。,,
清远,广东省,提取,按月冲还商贷,不支持,"清远""按月冲还贷""业务仅针对公积金贷款；商贷不可办理按月对冲，仅可开通""按揭购房约定提取""，其自动划转为每6个月一次（手动划转可每月操作但非委托自动），不属于商贷按月委托提取。",,
清远,广东省,提取,物业费提取,未确认,现行《清远市住房公积金提取业务办事指南》列举的13项提取情形中，住房消费类为购买建造翻建大修自住住房、租房自住、既有住宅加装电梯、既有住宅老旧电梯更新改造、购买一手商品住房缴付契税、缴付物业专项维修基金，不含物业费。截至查证日清远未出台物业费提取细则，仅国家条例层面授权（2026年9月20日施行），本地暂不能办。,,
清远,广东省,提取,住房装修提取,不支持,不允许。清远市住房公积金管理中心《清远市住房公积金提取业务办事指南》在不得提取住房公积金情形中明确列明：缴存人以购置商铺、车位、新房装修、改善型装修及非购房贷款等原因申请提取的，不得提取。清远市12345于2026年1月22日答复亦明确房屋装修不能申请住房公积金贷款或提取，房屋装修与非居住用途房产均不在可提取范围。,,
清远,广东省,缴存-灵活就业,支持,,清远市人民政府门户网站《清远市个人自愿缴存使用住房公积金管理办法》政策解读,https://www.gdqy.gov.cn/channel/qysgjj/zcfg/zcjd/content/post_1888752.html,2024-06
清远,广东省,缴存-缓缴,支持,生产经营亏损的企业，经职工代表大会或工会讨论通过可申请缓缴。,清远市12345政务服务便民热线《清远市住房公积金缴存、提取管理办法》(自2024年6月1日起施行),https://12345.gdqy.gov.cn/201809/page/km/FAQ/faqDetail.html?klpId=875348&page=33,2024-06
海口,海南省,贷款,单双职工额度差异,支持,,https://gjj.hainan.gov.cn/hngjj/zcjd/202607/25bc7867d1924718a2ff4d491d657ca5.shtml,政府网站
海口,海南省,贷款,首套二套额度差异,不支持,,https://haikou.bendibao.com/live/2017511/40022.shtm,其他新闻
海口,海南省,贷款,绿色建筑上浮,支持,,https://gjj.hainan.gov.cn/hngjj/zcjd/202607/25bc7867d1924718a2ff4d491d657ca5.shtml,政府网站
海口,海南省,贷款,二孩家庭上浮,支持,,https://gjj.hainan.gov.cn/hngjj/zcjd/202607/25bc7867d1924718a2ff4d491d657ca5.shtml,政府网站
海口,海南省,贷款,三孩家庭上浮,支持,,https://gjj.hainan.gov.cn/hngjj/zcjd/202607/25bc7867d1924718a2ff4d491d657ca5.shtml,政府网站
海口,海南省,贷款,人才青年上浮,支持,,https://gjj.hainan.gov.cn/hngjj/zcjd/202607/25bc7867d1924718a2ff4d491d657ca5.shtml,政府网站
海口,海南省,贷款,家庭共享额度代际互助,支持,,https://www.hainan.gov.cn/hainan/zxxx/202604/c0b9084570694e4a8ce91e1f175640cc.shtml,政府网站
海口,海南省,贷款,商转公,支持,,https://gjj.hainan.gov.cn/hngjj/gfxwj/202511/9e1c5c715a8a46918ffbea68716d81ed.shtml,政府网站
海口,海南省,贷款,最长贷龄30年,支持,,https://gjj.hainan.gov.cn/hngjj/0400/202503/647c7df7b2a24a69bff28d5113cdd5b7.shtml,政府网站
海口,海南省,提取,购房一次性提取,有条件支持,须自购房合同备案或取得不动产权证之日起1年内提出；按揭贷款购房的提取额不超过合同约定的首付款，全额付款的不超过购房款。 购新房自合同备案起1年内、二手房自取得不动产权证起1年内可一次性提取账户余额；按揭购房提取额不超过首付款，全款购房不超过购房款。,,
海口,海南省,提取,租房提取限额,支持,海口属海口、三亚档：租赁已登记备案住房上限1500元/月/人，未备案900元/月/人；按实际租金据实提取且不超限额，新市民青年人备案后可全额提取本人月缴存额。,,
海口,海南省,提取,多孩租房上浮,支持,养育两个及以上未成年子女的家庭，以家庭为单位在最高提取限额基础上增加300元/月；夫妻双方均办理租房提取的，指定一方增加最高提取限额。,,
海口,海南省,提取,加装电梯提取,支持,自取得电梯特种设备使用登记证之日起1年内，房屋产权人本人、配偶及其子女、子女配偶可申请提取；额度不超过个人分摊的建设费用，已纳入政府改造的扣减财政奖补。,,
海口,海南省,提取,车位购置提取,不支持,提取范围不含购买车位/车库；公积金贷款亦明确车位等非住宅性质房产不予受理；还贷提取时购房贷款含车位贷的须剔除车位部分后计算可提取额。,,
海口,海南省,提取,大病救助提取,支持,缴存人、配偶或未成年子女大病住院，经医保报销后个人实际支付费用一个自然年度内累计超1万元的，可按实际支付额提取，自2025年12月1日起施行。,,
海口,海南省,提取,既提又贷,支持,按揭购房可同时申请公积金贷款并办理购房提取，提取额不超过合同约定的首付款；首付比例首套二套统一20%、保障性住房15%，已有未结清公积金贷款的仅限就该套房提取。,,
海口,海南省,提取,首付直付,有条件支持,限本省新建商品住房和保障性住房，且购房人及其配偶无未结清住房公积金贷款。 签订合同并办理备案后可申请提取，公积金机构将资金直接支付给开发企业，属预售房屋代付至预售资金监管账户，无需先垫付后报销。,,
海口,海南省,提取,代际互助,有条件支持,限子女在我省购买家庭首套新建商品房或二手自住住房，须优先提取子女家庭余额、不足部分方可提取父母账户。 父母可提取公积金支持子女购买首套住房支付购房款，父母与子女家庭累计提取不超过已支付购房款；购房人配偶的父母可参照办理，2026年4月起施行。,,
海口,海南省,提取,按月冲还商贷,有条件支持,须为本省（海南）自住住房商贷、贷款银行为已开通商贷约提的指定银行（第一批10家），且家庭有未结清公积金贷款时仅限组合贷中的商贷部分 海南（含海口）推行'商贷约提'，委托按月将公积金划转至还款账户用于偿还商贷，划款日每月15日。须为本省自住住房商贷、贷款银行为已开通商贷约提的指定银行，且家庭有未结清公积金贷款时仅限组合贷中的商贷部分。,,
海口,海南省,提取,物业费提取,支持,海南全省统一政策，海口适用省局文件。缴存人家庭在省内无未结清公积金贷款（或有未结清贷款但提取后家庭账户余额之和足够偿还3个月贷款）的，每年可提取一次，用于支付家庭名下海南省内任意一套自住住房的物业费（不含自建房及商铺、办公用房、产权式酒店等）。额度＝建筑面积×物业费单价×12；单价低于2元/㎡按2元、2—4元按实际、高于4元按4元核定。,,
海口,海南省,提取,住房装修提取,不支持,"海南全省统一政策。现行《海南省住房公积金管理局住房公积金提取业务操作规程》(2026年8月17日印发)第六条部分提取情形仅8类——购房、建造翻建大修、还贷、租房、老旧小区加装电梯、不可预见灾难、大病致困、支付物业费，不含装修。海南省12345热线2026年6月答复明确""装修不可申请提取公积金""。仅可大修提取，须提供C级或D级房屋安全鉴定报告。",,
海口,海南省,缴存-灵活就业,支持,,海南省人民政府网《我省推进灵活就业人员参加住房公积金制度》（2025-07，依据《海南省灵活就业人员参加住房公积金制度管理办法》）,https://www.hainan.gov.cn/hainan/ldjytj/202507/ddaccf41fec64a369fb084a954c45035.shtml,2025-07
海口,海南省,缴存-缓缴,支持,,海南省住房公积金管理局《关于住房公积金缓缴、调低缴存比例的通知》（2023-03-29）,https://gjj.hainan.gov.cn/hngjj/0503/202303/ba1dc22c034641e29cb3cd40f689b00c.shtml,2023-03
三亚,海南省,贷款,单双职工额度差异,支持,单方缴存最高100万元、夫妻双方缴存最高120万元,https://gjj.hainan.gov.cn/hngjj/zcjd/202607/25bc7867d1924718a2ff4d491d657ca5.shtml,政府网站
三亚,海南省,贷款,首套二套额度差异,不支持,首套、二套最高贷款基准额度相同（单方100万、双方120万），仅二套存贷挂钩余额倍数不同,https://gjj.hainan.gov.cn/hngjj/zcjd/202607/25bc7867d1924718a2ff4d491d657ca5.shtml,政府网站
三亚,海南省,贷款,绿色建筑上浮,支持,购买二星级及以上绿色建筑新建自住住房贷款额度上浮10%,https://gjj.hainan.gov.cn/hngjj/zcjd/202607/25bc7867d1924718a2ff4d491d657ca5.shtml,政府网站
三亚,海南省,贷款,二孩家庭上浮,支持,二孩及以上多子女家庭贷款额度上浮20%（单方120万、双方144万）,https://gjj.hainan.gov.cn/hngjj/zcjd/202607/25bc7867d1924718a2ff4d491d657ca5.shtml,政府网站
三亚,海南省,贷款,三孩家庭上浮,支持,二孩及以上多子女家庭（含三孩）贷款额度上浮20%,https://gjj.hainan.gov.cn/hngjj/zcjd/202607/25bc7867d1924718a2ff4d491d657ca5.shtml,政府网站
三亚,海南省,贷款,人才青年上浮,支持,高层次人才A-E类贷款额度上浮20%,https://gjj.hainan.gov.cn/hngjj/zcjd/202607/25bc7867d1924718a2ff4d491d657ca5.shtml,政府网站
三亚,海南省,贷款,家庭共享额度代际互助,支持,父母可提取公积金支持子女购买家庭首套住房，构建家庭代际互助格局,https://www.hainan.gov.cn/hainan/zxxx/202604/c0b9084570694e4a8ce91e1f175640cc.shtml,政府网站
三亚,海南省,贷款,商转公,支持,海南省公积金贷款政策支持商业贷款转公积金贷款,https://gjj.hainan.gov.cn/hngjj/zcjd/202607/25bc7867d1924718a2ff4d491d657ca5.shtml,政府网站
三亚,海南省,贷款,最长贷龄30年,支持,购买商品房、保障性住房最长贷款期限30年，且贷款到期日不超法定退休后5年,https://gjj.hainan.gov.cn/hngjj/0400/202503/647c7df7b2a24a69bff28d5113cdd5b7.shtml,政府网站
三亚,海南省,提取,购房一次性提取,有条件支持,须自购房合同备案或取得不动产权证之日起1年内提出；按揭贷款购房的提取额不超过合同约定的首付款，全额付款的不超过购房款。 购新房自合同备案起1年内、二手房自取得不动产权证起1年内可一次性提取账户余额；按揭购房提取额不超过首付款，全款购房不超过购房款。,,
三亚,海南省,提取,租房提取限额,支持,三亚与海口同档：租赁已登记备案住房上限1500元/月/人，未备案900元/月/人；按实际租金据实提取且不超限额，新市民青年人备案后可全额提取本人月缴存额。,,
三亚,海南省,提取,多孩租房上浮,支持,养育两个及以上未成年子女的家庭，以家庭为单位在最高提取限额基础上增加300元/月；夫妻双方均办理租房提取的，指定一方增加最高提取限额。,,
三亚,海南省,提取,加装电梯提取,支持,自取得电梯特种设备使用登记证之日起1年内，房屋产权人本人、配偶及其子女、子女配偶可申请提取；额度不超过个人分摊的建设费用，已纳入政府改造的扣减财政奖补。,,
三亚,海南省,提取,车位购置提取,不支持,提取范围不含购买车位/车库；公积金贷款亦明确车位等非住宅性质房产不予受理；还贷提取时购房贷款含车位贷的须剔除车位部分后计算可提取额。,,
三亚,海南省,提取,大病救助提取,支持,缴存人、配偶或未成年子女大病住院，经医保报销后个人实际支付费用一个自然年度内累计超1万元的，可按实际支付额提取，自2025年12月1日起施行。,,
三亚,海南省,提取,既提又贷,支持,按揭购房可同时申请公积金贷款并办理购房提取，提取额不超过合同约定的首付款；首付比例首套二套统一20%、保障性住房15%，已有未结清公积金贷款的仅限就该套房提取。,,
三亚,海南省,提取,首付直付,有条件支持,限本省新建商品住房和保障性住房，且购房人及其配偶无未结清住房公积金贷款。 签订合同并办理备案后可申请提取，公积金机构将资金直接支付给开发企业，属预售房屋代付至预售资金监管账户，无需先垫付后报销。,,
三亚,海南省,提取,代际互助,有条件支持,限子女在我省购买家庭首套新建商品房或二手自住住房，须优先提取子女家庭余额、不足部分方可提取父母账户。 父母可提取公积金支持子女购买首套住房支付购房款，父母与子女家庭累计提取不超过已支付购房款；购房人配偶的父母可参照办理，2026年4月起施行。,,
三亚,海南省,提取,按月冲还商贷,有条件支持,须为海南省内自住住房商贷，签约与中心联网的承办公积金委提业务的银行，且有未结清公积金贷款时仅限组合贷款的商贷部分。 海南省（含三亚）支持商业性个人住房贷款约定提取（约提），签订协议后按月从公积金账户划转还商贷。须所购住房为海南省内自住住房、贷款银行为联网合作银行（建行、工行、中行、交行、光大、省农信社、海南银行、民生、邮储、兴业等），且存在未结清公积金贷款时仅限组合贷商贷部分可办。,,
三亚,海南省,提取,物业费提取,支持,海南全省统一政策，三亚与海口适用省局同一文件。缴存人家庭在省内无未结清公积金贷款（或有未结清贷款但提取后家庭账户余额之和足够偿还3个月贷款）的，每年可提取一次，用于支付家庭名下海南省内任意一套自住住房的物业费（不含自建房及商铺、办公用房、产权式酒店等）。额度＝建筑面积×物业费单价×12；单价低于2元/㎡按2元、2—4元按实际、高于4元按4元核定。,,
三亚,海南省,提取,住房装修提取,不支持,海南全省统一政策，三亚市住房公积金管理中心为省局下属市县管理中心。现行《海南省住房公积金管理局住房公积金提取业务操作规程》(2026年8月17日印发)第六条部分提取情形仅8类——购房、建造翻建大修、还贷、租房、老旧小区加装电梯、不可预见灾难、大病致困、支付物业费，不含装修。12345热线2026年3月、6月答复均称暂无装修提取政策。,,
三亚,海南省,缴存-灵活就业,支持,,海南省住房公积金管理局—《关于开展灵活就业人员参加住房公积金制度工作的通知》,https://gjj.hainan.gov.cn/hngjj/zwdt/202404/b83cdac7a2a74a7db922e0ead42cc3fc.shtml,2024-05-01起施行
三亚,海南省,缴存-缓缴,支持,,海南省住房公积金管理局—《关于住房公积金缓缴、调低缴存比例的通知》,https://gjj.hainan.gov.cn/hngjj/0503/202303/ba1dc22c034641e29cb3cd40f689b00c.shtml,2023-03-29（琼公积金归〔2023〕3号）
南宁,广西壮族自治区,贷款,单双职工额度差异,不支持,单双缴存职工执行同一标准（首套90万/二套80万）,https://gjj.nanning.gov.cn/ywblzn/gjjdk/t6304064.html,政府网站
南宁,广西壮族自治区,贷款,首套二套额度差异,支持,首套90万/二套80万，新建商品房首套100万/二套90万,https://gjj.nanning.gov.cn/ywblzn/gjjdk/t6304064.html,政府网站
南宁,广西壮族自治区,贷款,绿色建筑上浮,有条件支持,自治区征求意见稿：二星级及以上绿色建筑上浮10%,https://www.nnjn.gov.cn/fw/ggfw/bzxzf/spf/bmxx_bzzf_61901/t5995082.html,政府网站
南宁,广西壮族自治区,贷款,二孩家庭上浮,支持,多子女家庭首套贷款额度加10万元,https://gjj.nanning.gov.cn/xxgk/zdxzjchgfxwj/t5365092.html,政府网站
南宁,广西壮族自治区,贷款,三孩家庭上浮,支持,多子女家庭首套贷款额度加20万元,https://gjj.nanning.gov.cn/xxgk/zdxzjchgfxwj/t5365092.html,政府网站
南宁,广西壮族自治区,贷款,人才青年上浮,支持,A/B类4倍、C类2倍、D/E类1.5倍,https://gjj.nanning.gov.cn/xxgk/zcwjcx/t6382902.html,政府网站
南宁,广西壮族自治区,贷款,家庭共享额度代际互助,支持,父母子女可共同提取付首付,https://www.nanning.gov.cn/zwgk/fdzdgknr/zfgb/2026nzfgb/d15q/bmwj/t6702774.html,政府网站
南宁,广西壮族自治区,贷款,商转公,支持,2026年5月8日起允许商业贷款转公积金贷款,http://www.nngjj.org.cn/,政府网站
南宁,广西壮族自治区,贷款,最长贷龄30年,支持,最长贷款期限可达30年,https://www.nanning.gov.cn/hd/cjwt/t6708519.html,政府网站
南宁,广西壮族自治区,提取,购房一次性提取,支持,购买新建商品房自合同备案、二手房自不动产登记之日起可提取一次；2026年8月1日起时限由2年延至5年，5年内每年一次，累计不超实际已付购房款。,,
南宁,广西壮族自治区,提取,租房提取限额,支持,城区、武鸣区及铁路分中心每人每月1200元，横州等5县市900元；已备案的可按实际租金提取、每套每月最高3000元；新市民、青年人、租住公租房保租房的按实际房租提取。,,
南宁,广西壮族自治区,提取,多孩租房上浮,支持,生育二孩、三孩的缴存人在现行限额基础上每人每月分别提高200元、400元，即城区二孩1400元/月、三孩1600元/月；横州等县市二孩1100元/月、三孩1300元/月。,,
南宁,广西壮族自治区,提取,加装电梯提取,支持,出资为拥有产权的既有住宅加装电梯可提取，总额不超过本市规定限额或实际分摊支付费用；住宅专项维修资金、房改售房款及财政补贴部分不计入。,,
南宁,广西壮族自治区,提取,车位购置提取,有条件支持,2026年8月1日至2028年7月31日阶段性支持；限购买本市自住住房所在项目的新建产权车位（库），不含二手车位及无产权车位。 自购买车位之日起2年内每年可提取一次，仅限一个产权车位，额度按备案登记价格核定、总额不超10万元；解除合同后他人再购同一车位须间隔超6个月。,,
南宁,广西壮族自治区,提取,大病救助提取,支持,疾病须符合《重大疾病保险的疾病定义使用规范》且在广西区内二甲以上医院住院；本人、配偶及双方父母、受监护子女可提取一次，总额不超住院费个人现金支付部分。,,
南宁,广西壮族自治区,提取,既提又贷,支持,申请公积金贷款前12个月内为购买本套住房、租房（限首套）或偿还本套商贷而提取的公积金，可合并至个人账户余额关联计算贷款额度，提取不影响可贷额度计算。,,
南宁,广西壮族自治区,提取,首付直付,支持,限六城区新建预售商品住房，网签备案后可委托中心将提取款项直接转入开发企业预售资金监管账户；合同撤销解除的，开发企业须10个工作日内原路径退回。,,
南宁,广西壮族自治区,提取,代际互助,支持,购房、还贷、加装电梯三类情形，职工及配偶提取至最高额度后仍不足以支付该笔住房消费的，其父母、子女可在规定额度内申请提取各自住房公积金。,,
南宁,广西壮族自治区,提取,按月冲还商贷,有条件支持,南宁住房公积金管理中心（市中心）缴存职工商贷仅支持“每月提取一次”（须自行通过线上渠道申请），无委托按月自动冲还；委托按月冲还商贷（冲还商贷）由广西区直住房公积金管理中心提供 南宁住房公积金管理中心（市中心）将商贷还贷提取频次由每年一次放宽至“同一笔贷款可每月提取一次”，但须缴存人自行通过微信服务号、个人网厅、爱南宁APP等线上渠道申请，并非一次性签约的委托按月自动冲还；公积金贷款按月对冲还贷仅限公贷。广西区直住房公积金管理中心（区直中心）已上线“冲还商贷”委托按月划转业务（合作17家银行）。,,
南宁,广西壮族自治区,提取,物业费提取,支持,每年可提取一次，无需与上次间隔满12个月，跨年度即可办理。缴存人及配偶合计标准每月200元（单套住房年度最高2400元），首次提取额度自2026年1月起计算，当年未提取额度可结转下一年。材料：本人身份证、公积金联名卡或I类银行卡、结婚证（已婚）；提取后账户须保留不低于100元。可经官网个人网厅、微信网厅、爱南宁APP线上办理。,,
南宁,广西壮族自治区,提取,住房装修提取,支持,缴存人及配偶仅可就名下一套（且为同一套）自住住房，在三类中选定一类：（一）新购建自住住房满6个月未满5年，按建筑面积×1500元/㎡核定，每年一次，总额≤20万元；（二）取得满5年的旧房局部翻新改造、适儿化适老化改造，一次性提取≤5万元；（三）旧房全面翻新装修，自装修合同签订起2年内每年一次，按装修发票核定（软装不计），总额≤20万元。暂仅支持线下网点办理。,,
南宁,广西壮族自治区,缴存-灵活就业,支持,,南宁住房公积金管委会关于印发《南宁市个人自愿缴存使用住房公积金实施办法(修订)》的通知,https://www.nanning.gov.cn/zwgk/fdzdgknr/zfgb/2025nzfgb/d11q/bmwj/t6355646.html,2024-12-31
南宁,广西壮族自治区,缴存-缓缴,支持,处于停产/半停产、经批准缓缴养老和失业保险金、或上年亏损且职工月均工资低于本市上年在岗职工月均工资50%的单位，可申请缓缴。,南宁住房公积金缴存管理办法（南宁市人民政府）,https://www.nanning.gov.cn/ywzx/nnyw/2021nzwdt/t4983346.html,2021
杭州,浙江省,贷款,单双职工额度差异,支持,单缴存职工与夫妻双方双缴存最高额度不同,https://www.hangzhou.gov.cn/art/2024/10/10/art_1229063385_1846263.html,政府网站
杭州,浙江省,贷款,首套二套额度差异,不支持,首套二套最高贷款额度统一,https://www.hangzhou.gov.cn/art/2024/10/10/art_1229063385_1846263.html,政府网站
杭州,浙江省,贷款,绿色建筑上浮,支持,购买绿色建筑贷款额度上浮20%,https://www.hangzhou.gov.cn/art/2024/10/10/art_1229063385_1846263.html,政府网站
杭州,浙江省,贷款,二孩家庭上浮,支持,多子女家庭（二孩及以上）上浮,https://www.hangzhou.gov.cn/art/2024/10/10/art_1229063385_1846263.html,政府网站
杭州,浙江省,贷款,三孩家庭上浮,支持,多子女家庭（含三孩）上浮,https://www.hangzhou.gov.cn/art/2024/10/10/art_1229063385_1846263.html,政府网站
杭州,浙江省,贷款,人才青年上浮,支持,高层次人才上浮50%；2026年4月1日起新市民青年人上浮20%,https://gjj.hangzhou.gov.cn/col/col1229287759/art/2026/art_bafa537c3985488ebf29724b839eb827.html,政府网站
杭州,浙江省,贷款,家庭共享额度代际互助,支持,2026年4月1日起实施代际互助,https://gjj.hangzhou.gov.cn/col/col1229287759/art/2026/art_bafa537c3985488ebf29724b839eb827.html,政府网站
杭州,浙江省,贷款,商转公,不支持,,https://zzhz.zjol.com.cn/ycpd/wbgrym/202210/t20221017_24933531.shtml,其他新闻
杭州,浙江省,贷款,最长贷龄30年,支持,,https://www.hangzhou.gov.cn/art/2024/10/10/art_1229063385_1846263.html,政府网站
杭州,浙江省,提取,购房一次性提取,支持,2026年4月1日起，购买、建造自住住房未办住房贷款的，房屋持有期间提取可截至合同签订后满5年，累计不超3次、不超实际支出总额；4月1日前为合同签订后满1年。,,
杭州,浙江省,提取,租房提取限额,支持,杭州市区（含萧山、余杭、临平、富阳、临安）2000元/月，桐庐、淳安、建德1200元/月，最高提取12个月；租住公租房、保租房按实际房租提取，合作租赁机构上浮50%后市区3000元/月。,,
杭州,浙江省,提取,多孩租房上浮,支持,多子女家庭无房租赁住房的，在规定额度标准上浮50%范围内按实际房租支出提取，即杭州市区最高3000元/月，桐庐、淳安、建德最高1800元/月。,,
杭州,浙江省,提取,加装电梯提取,支持,老旧住宅电梯更新、加装，缴存职工及直系亲属（配偶、父母、子女）可提取支付个人分摊费用，额度截至电梯竣工验收当月后满一年的账户余额，不超实际支付分摊费用。,,
杭州,浙江省,提取,车位购置提取,不支持,杭州未将车位（库）购置纳入提取范围，仅物业费提取额度可包含车位管理费；绍兴、台州、衢州等省内城市已放开，杭州“车位购置、适老化改造暂未放开提取”。,,
杭州,浙江省,提取,大病救助提取,支持,需因本人、配偶及直系亲属重病、大病造成家庭生活严重困难方可提取，用于支付物业专项维修资金、物业服务费等费用。 浙江省规定本人、配偶及直系亲属因重病大病造成家庭生活严重困难的可提取本人账户余额；杭州在浙江政务服务网设有“遇到其他突发事件造成家庭生活严重困难提取住房公积金”事项。,,
杭州,浙江省,提取,既提又贷,支持,杭州住房公积金管理中心明确提取不影响公积金贷款申请资格；可贷额度＝近12个月账户月均余额×20倍，低于20万按20万、高于90万按90万，故提前提取会降低可贷额度。,,
杭州,浙江省,提取,首付直付,支持,2025年6月23日起购买新建商品房可用公积金直付首付款，全程线上办理，中心3个工作日内直转资金监管账户；二手房线上功能随后推出。限购房人本人，配偶父母子女须网签后另办提取。,,
杭州,浙江省,提取,代际互助,支持,2026年4月1日起，职工购房、建造、翻建、大修自住住房或偿还房贷提取账户余额不足的，其配偶、双方父母、子女及子女配偶可凭有效关系证明提取各自公积金，合计不超规定限额。,,
杭州,浙江省,提取,按月冲还商贷,支持,杭州“还贷提取按月转账”业务覆盖商业贷款客户（杭州市范围内商业银行发放的住房按揭贷款），审核同意后按月核定提取金额并转账至本人银行账户用于还贷。,,
杭州,浙江省,提取,物业费提取,支持,缴存职工及配偶可提取公积金支付本市行政区域内家庭名下1套自住住房物业费，每年提取1次，限额不超过12个月物业费支出（含物业服务费、公共能耗费、车位管理费），家庭当年合计不超过10000元。申请提供房屋不动产权证或购房合同，物业费金额由本人及配偶如实申报或提供发票确定；未如实申报将记入失信记录并限制提取和贷款。灵活就业人员参照执行。,,
杭州,浙江省,提取,住房装修提取,不支持,普通全屋装修、二手房翻新、厨卫改造不在提取范围。现行仅两类通道：一是城市更新住房改造提取，缴存职工及配偶、父母、子女可提取用于老旧住宅电梯更新/加装、列入全省老旧小区改造计划的危旧房有机更新及共用部位维修的个人分摊费用，额度截至验收或协议签订当月后满一年的账户余额且不超过实际分摊支出；二是大修自住住房，须经鉴定为C/D级危房。 普通全屋装修、二手房翻新、厨卫改造不在提取范围。现行仅两类通道：一是城市更新住房改造提取，缴存职工及配偶、父母、子女可提取用于老旧住宅电梯更新/加装、列入全省老旧小区改造计划的危旧房有机更新及共用部位维修的个人分摊费用，额度截至验收或协议签订当月后满一年的账户余额且不超过实际分摊支出；二是大修自住住房，须经鉴定为C/D级危房。,,
杭州,浙江省,缴存-灵活就业,支持,,杭州住房公积金管理委员会《杭州市灵活就业人员缴存使用住房公积金管理办法(试行)》（杭房公委〔2023〕7号）,https://www.hangzhou.gov.cn/art/2023/12/11/art_1229063385_1838929.html,2023-12（2024-01-01施行）
杭州,浙江省,缴存-缓缴,支持,适用于经营困难、亏损等缴存确有困难的单位,杭州住房公积金管理中心《杭州市住房公积金缴存风控法务指引》,https://gjj.hangzhou.gov.cn/col/col1229468386/art/2026/art_4a31d101423f4ff4a3103c1c42ba2afa.html,2026
南京,江苏省,贷款,单双职工额度差异,支持,单缴存80万，家庭（双缴存）100万,https://www.nanjing.gov.cn/zzb/ywdt/njxx/202510/t20251010_5662830.html,政府网站
南京,江苏省,贷款,首套二套额度差异,不支持,首套二套最高贷款额度统一,https://www.nanjing.gov.cn/zzb/ywdt/njxx/202510/t20251010_5662830.html,政府网站
南京,江苏省,贷款,绿色建筑上浮,支持,绿色建筑及多子女家庭贷款额度上浮20%,https://www.nanjing.gov.cn/zzb/ywdt/njxx/202510/t20251010_5662830.html,政府网站
南京,江苏省,贷款,二孩家庭上浮,支持,多子女家庭贷款额度上浮,https://www.nanjing.gov.cn/zzb/ywdt/njxx/202510/t20251010_5662830.html,政府网站
南京,江苏省,贷款,三孩家庭上浮,支持,多子女家庭（含三孩）贷款额度上浮,https://www.nanjing.gov.cn/zzb/ywdt/njxx/202510/t20251010_5662830.html,政府网站
南京,江苏省,贷款,人才青年上浮,支持,青年人才房票支持，单人最高160万、家庭最高200万,https://m.jiwu.com/nj/news/6017045.html,其他新闻
南京,江苏省,贷款,家庭共享额度代际互助,支持,2026年4月起实施全家帮代际互助,http://jlwb.njdaily.cn/h5/html5/2026-04/17/content_549_260865.htm,其他新闻
南京,江苏省,贷款,商转公,不支持,,https://www.nanjing.gov.cn/zzb/hdhy/hygq_72666/202606/t20260603_5851098.html,政府网站
南京,江苏省,贷款,最长贷龄30年,支持,,https://gjj.nanjing.gov.cn/bszn/dkl/202510/t20251009_5662270.html,政府网站
南京,江苏省,提取,购房一次性提取,支持,购房后可一次性提取账户余额，本人及配偶合计提取总额不超过实际购房支出，须自购房有效证明文件生效之日起1年内申请提取1次。,,
南京,江苏省,提取,租房提取限额,支持,单身职工每年不超21600元，已婚夫妻双方合计每年不超43200元；每季度可提取一次、间隔90天，账户余额充足可一次提取全年额度。,,
南京,江苏省,提取,多孩租房上浮,支持,有两个及以上未成年子女的多子女家庭，租房提取限额提高20%，家庭每年上限可达51840元；与A/B/C类高层次人才2倍标准不叠加使用。,,
南京,江苏省,提取,加装电梯提取,支持,既有住宅增设电梯，职工及配偶可提取支付个人分摊费用，合计不超增设电梯费用扣除政府补贴后的个人分摊额，自证明生效起1年内提取1次。,,
南京,江苏省,提取,车位购置提取,未确认,2019年南京官方解答明确“购买商铺或车库”不可提取；2026年8月新京报统计将南京列入新增车位购置提取场景城市，但未见南京公积金中心正式文件。,,
南京,江苏省,提取,大病救助提取,支持,本人及配偶、父母、子女就医当年达到南京市大病保险支付标准即可按年度申请提取，提取金额不超过当年医疗费用个人负担部分，不受提取次数限制。,,
南京,江苏省,提取,既提又贷,支持,提取公积金支付购房款后仍可申请公积金贷款；2026年4月16日起父母（子女）付首付后还可继续提取偿还该笔住房贷款，含委托逐月还贷。,,
南京,江苏省,提取,首付直付,支持,2025年4月1日起提取范围由本人及配偶扩至购房人父母、子女，合计提取额不超认购协议或买卖合同约定的首付款，有效期至2028年12月31日。,,
南京,江苏省,提取,代际互助,支持,父母（子女）连续缴存满6个月且全国无未结清公积金贷款的，可作共同借款人，代际互助贷款最高100万元并可叠加至144万元，且可提取偿还该笔贷款。,,
南京,江苏省,提取,按月冲还商贷,支持,南京支持“委托逐月提取还商贷”，职工签订协议后公积金中心每月将账户金额自动划转至商贷还款银行卡；另有“补充逐月还商贷”用于结清公积金贷款后剩余缴存额还商贷。,,
南京,江苏省,提取,物业费提取,有条件支持,普通缴存人不能以物业费名义提取，仅限困难职工。《南京市住房公积金提取细则》第四条：享受低保或被市总工会认定为特困职工、本人及配偶父母子女因重大疾病致家庭生活特别困难、连续失业两年以上且男满45女满40周岁、遇其他突发事件致生活特别困难四类，可提取本人公积金支付房租、物业专项维修资金、物业服务费。低保特困类账户留存1元，重病类不超医保核定个人支付与自理之和，突发事件类由中心据实核定。需《享受低保待遇证明》或特困职工证书等。 普通缴存人不能以物业费名义提取，仅限困难职工。《南京市住房公积金提取细则》第四条：享受低保或被市总工会认定为特困职工、本人及配偶父母子女因重大疾病致家庭生活特别困难、连续失业两年以上且男满45女满40周岁、遇其他突发事件致生活特别困难四类，可提取本人公积金支付房租、物业专项维修资金、物业服务费。低保特困类账户留存1元，重病类不超医保核定个人支付与自理之和，突发事件类由中心据实核定。需《享受低保待遇证明》或特困职工证书等。,,
南京,江苏省,提取,住房装修提取,不支持,南京市人民政府在线答复明确“目前暂不支持装修房屋提取南京公积金”。现行《提取实施细则》(2021年5月1日施行)第四章仅列四类：建造、翻建（凭《建设工程规划许可证》或《村镇建设工程许可证》）、大修自建自住住房（须街道镇及以上建设规划部门同意大修材料）、既有住宅加装电梯（凭《特种设备注册登记表》、分摊方案与发票，夫妻合计不超扣补贴后个人分摊额）。建翻大修按物价部门核定经适房每平方米建安造价核额，须自文件生效起一年内申请一次，账户留存1元。,,
南京,江苏省,缴存-灵活就业,支持,,南京市人民政府 政民互动《请问南京灵活就业人员如何缴纳公积金？》,https://www.nanjing.gov.cn/hdjl/dwzsk/zffw/202603/t20260318_5807948.html,2026-03
南京,江苏省,缴存-缓缴,支持,适用于发生严重亏损、停产半停产等缴存确有困难的单位,南京住房公积金管理中心《南京市住房公积金缴存实施细则》,https://gjj.nanjing.gov.cn/zcfg/jcl/202104/t20210428_2900146.html,2021-04（第十五条）
苏州,江苏省,贷款,单双职工额度差异,支持,个人（单缴存）150万，家庭（双缴存）200万,https://www.suzhou.gov.cn/zfzb/202608/fea3781b9e9d4efdb0d13bfc8bba640c.shtml,政府网站
苏州,江苏省,贷款,首套二套额度差异,不支持,首套二套基础最高额度统一,https://www.suzhou.gov.cn/zfzb/202608/fea3781b9e9d4efdb0d13bfc8bba640c.shtml,政府网站
苏州,江苏省,贷款,绿色建筑上浮,支持,购买绿色建筑贷款额度上浮20%,https://www.suzhou.gov.cn/zfzb/202608/fea3781b9e9d4efdb0d13bfc8bba640c.shtml,政府网站
苏州,江苏省,贷款,二孩家庭上浮,支持,二孩家庭贷款额度上浮30%,https://gjj.suzhou.gov.cn/szgjj/fzxdt/202603/db257614ca4d492a8f7e95519f7ffad2.shtml,政府网站
苏州,江苏省,贷款,三孩家庭上浮,支持,三孩家庭贷款额度上浮40%,https://gjj.suzhou.gov.cn/szgjj/fzxdt/202603/db257614ca4d492a8f7e95519f7ffad2.shtml,政府网站
苏州,江苏省,贷款,人才青年上浮,支持,青年人才贷款贴息及额度上浮（如上浮50%）,https://gjj.suzhou.gov.cn/szgjj/fzxdt/202603/db257614ca4d492a8f7e95519f7ffad2.shtml,政府网站
苏州,江苏省,贷款,家庭共享额度代际互助,支持,实施代际互助（父母子女共同申请）,https://www.suzhou.gov.cn/zfzb/202608/fea3781b9e9d4efdb0d13bfc8bba640c.shtml,政府网站
苏州,江苏省,贷款,商转公,支持,,https://m.suzhou.bendibao.com/job/134925.shtm,其他新闻
苏州,江苏省,贷款,最长贷龄30年,支持,,https://gjj.suzhou.gov.cn/szgjj/gjjdkjbzcjll/wztt.shtml,政府网站
苏州,江苏省,提取,购房一次性提取,支持,购买新房、二手房可按相关票据开出当月的账户余额扣除一个月缴存额后提取，实行“提还（用）相等”原则，提取金额不得超过住房总价款或实际支付总价款。,,
苏州,江苏省,提取,租房提取限额,支持,按月委托提取，每月13日划转；月提取额不超过合同载明月租金且不超最高限额，个人每月1500元、夫妻租赁同一住房每月3000元，新市民与青年人免扣留存额。,,
苏州,江苏省,提取,多孩租房上浮,未确认,苏州多孩家庭优惠集中于贷款端（二孩上浮30%、三孩及以上上浮40%），未检索到租房提取额度随多子女上浮的官方规定；租房仍执行1500元/月、3000元/月标准。,,
苏州,江苏省,提取,加装电梯提取,支持,官网业务指南设有“自住住房电梯新建和更新改造提取”，提取上限为个人实际承担的电梯分摊费用；2025年全市办理52笔、324.07万元，直系亲属可互助提取。,,
苏州,江苏省,提取,车位购置提取,未确认,苏州2026年6月1日起新增经备案的现售产权公寓购买及还贷提取，但未检索到车位（库）购置提取的官方规定，公积金中心指南亦无车位提取事项。,,
苏州,江苏省,提取,大病救助提取,支持,本人及配偶、父母、子女（含配偶）患重大疾病可一年两次申请提取，额度不超过医保核定的个人自付与自费之和，重大疾病参照本市医保门诊特殊病种。,,
苏州,江苏省,提取,既提又贷,支持,提取住房公积金支付购房款后，符合贷款条件的仍可申请公积金贷款，且已提取的住房公积金可计入有效公积金账户余额用于计算贷款额度。,,
苏州,江苏省,提取,首付直付,支持,2023年6月1日起可提取账户余额直接支付购房前期资金，新房划转开发企业、二手房划入交易资金托管账户，不超合同约定的前期资金且留存1个月缴存额。,,
苏州,江苏省,提取,代际互助,支持,2026年6月1日起，购房、建造翻建大修、偿还自住住房贷款本息、低保边缘重病、患重病情形下本人、配偶、父母、子女（含配偶）均可提取；贷款端可共济父母子女额度。,,
苏州,江苏省,提取,按月冲还商贷,支持,《苏州市住房公积金缴存职工购建住房还贷提取实施细则》规定，偿还与公积金中心签约的商业银行发放的商贷本息实行还贷委托提取，公积金中心按月将可提取金额转账至指定还款银行卡（报销制、提还等额）。,,
苏州,江苏省,提取,物业费提取,支持,缴存人本人及配偶支付本市行政区域内自住住房物业管理费，可选家庭任意一套住房申请（本人与配偶须同一套）。申请前十二个月应无公积金提取行为，一个自然年度提取一次，合计不超过实际支付的一年物业费；账户须按最新缴存基数留存一个月缴存额（不含新职工补贴）。材料：身份证件、婚姻关系证明或单身声明、不动产权证书、一年内有效物业费发票（须载明小区、业主姓名、房屋坐落及费用时段，多张须首次一并提供）、关联银行卡。原则上线上申请。,,
苏州,江苏省,提取,住房装修提取,不支持,未开放普通全屋装修提取，仅限更新改造类。①老旧住区自主更新：须符合本市城市更新要求、发生与自住住房直接相关的楼本体改造并分摊改造成本，产权人及配偶、父母、子女及其配偶凭属地政府和部门证明材料提取，额度不超个人实际出资额，不足可申贷（不超总价扣补贴与个人出资的差额）。②自住住房电梯新建和更新改造：本人及配偶、双方父母、子女及其配偶自使用注册登记或发票开具起两年内提取，合计不超扣补贴后个人分摊额。③自建大修提取。 未开放普通全屋装修提取，仅限更新改造类。①老旧住区自主更新：须符合本市城市更新要求、发生与自住住房直接相关的楼本体改造并分摊改造成本，产权人及配偶、父母、子女及其配偶凭属地政府和部门证明材料提取，额度不超个人实际出资额，不足可申贷（不超总价扣补贴与个人出资的差额）。②自住住房电梯新建和更新改造：本人及配偶、双方父母、子女及其配偶自使用注册登记或发票开具起两年内提取，合计不超扣补贴后个人分摊额。③自建大修提取。,,
苏州,江苏省,缴存-灵活就业,支持,,苏州市人民政府《苏州市灵活就业人员参加住房公积金制度试点实施细则》（苏房金规〔2025〕3号）,https://www.suzhou.gov.cn/szsrmzf/gbzfgfxwj/202507/45bdf2219e7d4002bc538ce2c0ef73f3.shtml,2025-05（2025-07-01施行）
苏州,江苏省,缴存-缓缴,支持,适用于生产经营困难、缴存确有困难的单位,苏州市住房公积金管理中心 单位缓缴办事指南（依据《苏州市住房公积金缴存管理实施细则》苏房金规〔2024〕2号）,https://gjj.suzhou.gov.cn/szgjj/tsyw/201908/5b2f5efa53af422dbc81db9b95ff36ca.shtml,2025-02更新（依据2024-12-13发布细则）
无锡,江苏省,贷款,单双职工额度差异,支持,,https://www.wuxi.gov.cn/doc/2024/05/07/4302060.shtml,政府网站
无锡,江苏省,贷款,首套二套额度差异,支持,,https://www.wuxi.gov.cn/gjj/doc/2022/05/12/3665644.shtml,政府网站
无锡,江苏省,贷款,绿色建筑上浮,支持,,https://wxsfj.wuxi.gov.cn/fzlm/hdjlgny/myzjxqy/index.shtml?chanDocId=4820654&docId=3996413,政府网站
无锡,江苏省,贷款,二孩家庭上浮,支持,,https://www.wxgjj.com.cn/hfmis_wechat/static/zsk/341.htm,政府网站
无锡,江苏省,贷款,三孩家庭上浮,支持,,https://www.wxgjj.com.cn/hfmis_wechat/static/zsk/341.htm,政府网站
无锡,江苏省,贷款,人才青年上浮,支持,,https://www.wxgjj.com.cn/hfmis_wechat/static/zsk/341.htm,政府网站
无锡,江苏省,贷款,家庭共享额度代际互助,支持,,https://wuxi.focus.cn/zixun/1a773b715d20652f.html,其他新闻
无锡,江苏省,贷款,商转公,支持,,https://bigdata.wuxi.gov.cn/fzlm/hdjlgny/lxblgny/xjxq/index.shtml?AnswerID=ca8f21e4-860e-4b52-9b86-0bae5c18293e,政府网站
无锡,江苏省,贷款,最长贷龄30年,支持,,https://www.wuxi.gov.cn/gjj/doc/2022/05/12/3665644.shtml,政府网站
无锡,江苏省,提取,购房一次性提取,支持,购买本市商品住房可按合同签订日或发票开具日账户余额一次性提取（留存百元以下），存量房按产权建立日余额提取，同一套房屋累计不超房屋总价。,,
无锡,江苏省,提取,租房提取限额,支持,租住商品住房每人每年不超15000元，且年度累计不超实际支付房租；公共租赁住房按当年租赁合同中的年租金据实确定，可一次或分次提取。,,
无锡,江苏省,提取,多孩租房上浮,支持,2023年4月14日起多子女家庭租赁商品住房提取额度由每人每年15000元提高至每人每年20000元，有效期5年，需提供户口簿、子女出生医学证明等材料。,,
无锡,江苏省,提取,加装电梯提取,支持,列入住建部门备案清单的既有住宅增设电梯可提取一次，产权人家庭成员合计不超家庭分摊费用；旧住宅电梯整治费用亦可提取，2025年全市办理293笔超1120万元。,,
无锡,江苏省,提取,车位购置提取,未确认,2023年无锡提取范围未含车位（库）购置；省级党媒报道无锡缴存人每年提取4000元支付物业费和车位费，但未见无锡公积金中心正式文件与额度标准。,,
无锡,江苏省,提取,大病救助提取,支持,职工患重大疾病（参照医保门诊特殊病种）属“遭遇突发事件”情形，可提取金额不超过个人医药费自理部分；配偶及直系亲属（父母、子女及其配偶）亦可提取。,,
无锡,江苏省,提取,既提又贷,未确认,无锡购买自住住房可按合同签订日账户余额提取、另有公积金贷款制度，但未检索到无锡公积金中心关于“既提又贷”或“提贷同步”的正式表述与额度规则。,,
无锡,江苏省,提取,首付直付,未确认,无锡购房提取以产权建立日或合同签订日账户余额为可提取额，未检索到资金直接划转至开发企业或预售资金监管账户的首付直付机制的官方文件。,,
无锡,江苏省,提取,代际互助,支持,职工直系亲属（父母、子女及其子女的配偶）可就购买自住住房、偿还住房贷款本息、既有住宅增设电梯、遭遇突发事件（含重大疾病）等情形提取公积金。,,
无锡,江苏省,提取,按月冲还商贷,有条件支持,仅限已与中心开通委托还贷业务的指定银行（含工行、建行、农行、中行、交行、中信、招商、兴业等主要商业银行） 无锡支持住房贷款委托还贷，商业贷款可选择'逐月还贷'（月冲），每月20日左右将保留余额以上部分划转至还贷卡。仅限已与中心开通委托还贷业务的指定银行。,,
无锡,江苏省,提取,物业费提取,不支持,现行《无锡市住房公积金提取管理有关规定》以“职工有下列情形之一的，可以申请提取本人的住房公积金”穷尽列举十五项：购买自住住房、建造翻建、大修、支付房租、偿还住房贷款本息、补缴土地收益、支付旧住宅电梯整治费用、支付本市既有住宅增设电梯费用、退休、解除或终止劳动关系、丧失劳动能力、遭遇重大突发事件或享受低保、出境定居、被判处刑罚、职工死亡，清单不含支付物业费，故暂无法以物业费名义提取。官方公布的提取情形汇总（16类，含灵活就业人员提取）亦不含物业费。,,
无锡,江苏省,提取,住房装修提取,不支持,无普通装修提取通道，仅四类可提。①大修自住住房：须不动产权证书、经城建管理部门批准的大修证明，第二次大修另需房屋安全鉴定报告，额度为大修证明出具日账户余额。②建造、翻建：凭规划部门《建设规划许可证》，额度为批准日期顺延一年的账户余额。③旧住宅电梯整治费用：须列入整治工程计划，不超家庭分摊额。④本市既有住宅增设电梯费用：须列入住建部门项目备案清单，可提一次，家庭成员合计不超分摊费用。均须留存百元以下余额，配偶及同户直系亲属可共同提取。 无普通装修提取通道，仅四类可提。①大修自住住房：须不动产权证书、经城建管理部门批准的大修证明，第二次大修另需房屋安全鉴定报告，额度为大修证明出具日账户余额。②建造、翻建：凭规划部门《建设规划许可证》，额度为批准日期顺延一年的账户余额。③旧住宅电梯整治费用：须列入整治工程计划，不超家庭分摊额。④本市既有住宅增设电梯费用：须列入住建部门项目备案清单，可提一次，家庭成员合计不超分摊费用。均须留存百元以下余额，配偶及同户直系亲属可共同提取。,,
无锡,江苏省,缴存-灵活就业,支持,,无锡市住房公积金管理中心《无锡市灵活就业人员住房公积金缴存使用管理办法》（2024-08-20，2024-09-01施行，有效期五年）,https://www.wuxi.gov.cn/gjj/uploadfiles/202408/21/2024082109222513073201.pdf,2024-08
无锡,江苏省,缴存-缓缴,支持,,无锡市住房公积金管理中心《关于调整住房公积金缴存基数等有关事项的通知》（锡房金规〔2025〕3号）,https://www.wuxi.gov.cn/gjj/doc/2025/08/07/4625815.shtml,2025-08
宁波,浙江省,贷款,单双职工额度差异,不支持,,https://zjw.ningbo.gov.cn/col/col1229126257/art/2026/art_a7c4e0cfd50c4753becdfc112269f2a8.html,政府网站
宁波,浙江省,贷款,首套二套额度差异,支持,,https://zjw.ningbo.gov.cn/col/col1229126257/art/2026/art_a7c4e0cfd50c4753becdfc112269f2a8.html,政府网站
宁波,浙江省,贷款,绿色建筑上浮,支持,,https://zjw.ningbo.gov.cn/col/col1229126257/art/2026/art_a7c4e0cfd50c4753becdfc112269f2a8.html,政府网站
宁波,浙江省,贷款,二孩家庭上浮,支持,,https://zjw.ningbo.gov.cn/col/col1229126257/art/2026/art_a7c4e0cfd50c4753becdfc112269f2a8.html,政府网站
宁波,浙江省,贷款,三孩家庭上浮,支持,,https://zjw.ningbo.gov.cn/col/col1229126257/art/2026/art_a7c4e0cfd50c4753becdfc112269f2a8.html,政府网站
宁波,浙江省,贷款,人才青年上浮,支持,,https://zjw.ningbo.gov.cn/col/col1229126257/art/2026/art_a7c4e0cfd50c4753becdfc112269f2a8.html,政府网站
宁波,浙江省,贷款,家庭共享额度代际互助,支持,,https://zjw.ningbo.gov.cn/art/2025/3/19/art_1229126238_58923773.html,政府网站
宁波,浙江省,贷款,商转公,支持,,http://epaper.cnnb.com.cn/nbrb/pc/content/202603/31/content_269374.html,官媒
宁波,浙江省,贷款,最长贷龄30年,支持,,https://bbs.cnnb.com.cn/forum.php?mobile=no&mod=viewthread&tid=8186508,官媒
宁波,浙江省,提取,购房一次性提取,支持,2026年3月30日起，全款购房（未申请住房贷款）的产权人及配偶、父母、子女，可在房屋持有期间提取自合同签订之日起5年内的账户余额，累计提取总额不超实际支付购房款。,,
宁波,浙江省,提取,租房提取限额,支持,月度租房提取限额提高至2000元/人；高级人才、承租保障性住房的可按实际房租提取；支持按月提取或累计提取，线上申请“智能秒批”，2025年租房提取金额44.02亿元。,,
宁波,浙江省,提取,多孩租房上浮,支持,二孩及以上家庭租房提取在2000元/人·月的月度限额基础上上浮50%，即最高可按3000元/人·月提取；多孩家庭公积金贷款额度另可按当期最高限额上浮50%。,,
宁波,浙江省,提取,加装电梯提取,支持,既有多层住宅加装电梯中出资的业主或其配偶可申请提取住房公积金；宁波已将既有住宅电梯加装、老旧小区改造纳入提取范围，并通过部门数据共享简化材料。,,
宁波,浙江省,提取,车位购置提取,不支持,宁波市住房公积金管理中心答复，按《宁波市住房公积金提取管理暂行办法》，购买、建造、翻建、大修自住住房及偿还购房贷款本息可提取，购买车位不在提取范围内。,,
宁波,浙江省,提取,大病救助提取,有条件支持,需本人、配偶及直系亲属因重病、大病造成家庭生活严重困难方可提取，用于支付物业专项维修资金、物业服务费等费用。 宁波将“本人、配偶及直系亲属因重病、大病造成家庭生活严重困难，用于支付物业专项维修资金、物业服务费等费用”列为可提取情形，提取金额按实际医疗发票中自费部分计算。,,
宁波,浙江省,提取,既提又贷,支持,用公积金支付二手房首付后仍可申请公积金贷款；申请贷款日前近6个月内已提取的公积金可合并计算缴存账户余额，即提取不影响可贷额度计算。,,
宁波,浙江省,提取,首付直付,支持,推出首付直付“一站式”服务，2024年10月起覆盖新建商品住房、2025年3月28日起扩至二手房，累计办理2041笔、金额4.15亿元；提取额合计不超网签合同约定的首付款金额。,,
宁波,浙江省,提取,代际互助,支持,提取房屋所有权人账户余额不足时，其配偶、父母、子女可提取各自公积金，合计不超已支付购房金额；全款购房的产权人及配偶、父母、子女可在5年内分次提取。,,
宁波,浙江省,提取,按月冲还商贷,有条件支持,仅限宁波市行政区域内购房、且贷款银行为公积金承办银行（工行、农行、中行、建行、交行、宁波银行、中信、浦发、邮储、鄞州银行等）；市本级率先开办，分中心视情况推出。 宁波开展“商贷委提业务”，缴存职工与中心签订委托协议后，贷款结清前每月中心将不大于上月已还贷款本息额的公积金直接划入借款人指定银行卡；须为本地商贷且属承办银行，签约时账户须正常缴存、无逾期。,,
宁波,浙江省,提取,物业费提取,支持,在本市行政区域内拥有自住住房的产权人及其配偶，每年可申请提取1次公积金支付物业费，每人每次限额5000元，夫妻合计每年最多10000元；当年未提取或未提满不结转、不累加。无论名下几套住房，每人每年上限均为5000元。市外房产及未交付期房不适用。材料：不动产权证书、身份证、银行卡，配偶提取另需结婚证；支持浙里办、支付宝线上办理。,,
宁波,浙江省,提取,住房装修提取,不支持,普通自住住房装修不能提取，公积金中心明确答复现行政策暂不支持，仅翻建、大修（须房管或城建部门出具房屋严重损坏证明）可办理。改造类通道可提：既有多层住宅加装电梯、住宅老旧电梯更新（含改造、大修）、城镇老旧小区改造，均限房屋所有权人及配偶（电梯更新可含父母子女），在个人直接出资额内先用物业专项维修资金、不足部分再提公积金，需项目验收/使用登记证及出资凭证。 普通自住住房装修不能提取，公积金中心明确答复现行政策暂不支持，仅翻建、大修（须房管或城建部门出具房屋严重损坏证明）可办理。改造类通道可提：既有多层住宅加装电梯、住宅老旧电梯更新（含改造、大修）、城镇老旧小区改造，均限房屋所有权人及配偶（电梯更新可含父母子女），在个人直接出资额内先用物业专项维修资金、不足部分再提公积金，需项目验收/使用登记证及出资凭证。,,
宁波,浙江省,缴存-灵活就业,支持,,宁波市住房公积金管理委员会关于印发《宁波市灵活就业人员住房公积金缴存使用管理暂行办法》的通知（甬房公委〔2024〕2号）,https://zjw.ningbo.gov.cn/art/2024/4/19/art_1229126238_58922557.html,2024-04-07
宁波,浙江省,缴存-缓缴,支持,,宁波市住房和城乡建设局——缴存单位申请住房公积金缓缴业务应该怎么办理？,https://zjw.ningbo.gov.cn/col/col1229126193/art/2026/art_9c332b19cc364f8f8446223082e3adf9.html,2026
温州,浙江省,贷款,单双职工额度差异,支持,单缴存职工最高80万元、双缴存职工最高130万元,https://zfgjj.wenzhou.gov.cn/art/2025/3/18/art_1229322000_4283155.html,政府网站
温州,浙江省,贷款,首套二套额度差异,支持,二套住房首付比例20%,https://wzga.wenzhou.gov.cn/art/2025/8/7/art_1229441259_58877493.html,政府网站
温州,浙江省,贷款,绿色建筑上浮,支持,购买绿色建筑贷款额度上浮10%,https://m.yzwb.net/wap/news/3191811.html,其他新闻
温州,浙江省,贷款,二孩家庭上浮,支持,二孩家庭贷款额度上浮20%,https://m.yzwb.net/wap/news/3191811.html,其他新闻
温州,浙江省,贷款,三孩家庭上浮,支持,三孩家庭贷款额度上浮50%,https://m.yzwb.net/wap/news/3191811.html,其他新闻
温州,浙江省,贷款,人才青年上浮,支持,高层次人才及青年共富群体享专项额度,https://www.workercn.cn/c/2023-12-12/8077127.shtml,官媒
温州,浙江省,贷款,家庭共享额度代际互助,支持,允许父母子女代际互助,https://zfgjj.wenzhou.gov.cn/col/col1229322000/art/2026/art_3dac019ecb6a456b821687aa7f74ecc5.html,政府网站
温州,浙江省,贷款,商转公,支持,允许商业贷款转公积金贷款,https://zfgjj.wenzhou.gov.cn/art/2024/10/30/art_1229129106_2035704.html,政府网站
温州,浙江省,贷款,最长贷龄30年,支持,最长贷款期限可达30年,https://m.wz.bendibao.com/edu/71722.shtm,其他新闻
温州,浙江省,提取,购房一次性提取,支持,购买、建造、翻建、大修自住住房的，2026年4月27日起可在行为发生之日起36个月内申请提取（原为12个月）；须正常连续缴存满6个月，本人余额不足的配偶、父母、子女可提取。,,
温州,浙江省,提取,租房提取限额,支持,2025年8月起无房租房提取额度由1800元/月提高至2000元/月；新市民（非温州户籍）、青年人（40周岁以下）可按本人实际月缴存额全额提取，高层次人才可按实际房租每年提取一次。,,
温州,浙江省,提取,多孩租房上浮,支持,2016年1月1日以后生育多孩的缴存人家庭无自有住房的，可参照“随时提、全额提”政策按本人申请时实际月缴存额随时全额提取，首次提取最长不超12个月，不受2000元/月限额约束。,,
温州,浙江省,提取,加装电梯提取,支持,既有住宅加装电梯可提取，提取金额不超过费用筹集分摊方案的分摊金额，参照施工安装协议签订时间办理；老旧小区改造提取不超老旧小区改造计划中个人分摊支付费用。,,
温州,浙江省,提取,车位购置提取,未确认,温州市住房公积金管理中心公开提取情形清单中未见车位（库）购置提取；绍兴、台州、衢州等省内城市2026年已放开，温州是否同步放开未查到官方明确口径。,,
温州,浙江省,提取,大病救助提取,支持,因重病、大病造成家庭生活困难可提取，需提供本人或配偶及直系亲属重病大病诊疗证明书、关系证明、一年内住院治疗费用结算凭证，提取金额不超过个人自付金额。,,
温州,浙江省,提取,既提又贷,支持,用公积金支付二手房首付款后，申请人还可继续申请该二手房住房公积金贷款，申请提取总额与住房公积金贷款额合计不得超过房屋总价，即允许既提又贷。,,
温州,浙江省,提取,首付直付,支持,2024年3月乐清试点、2024年10月全市推广新建商品房首付提取；2025年6月17日起扩至二手房，过户完成后公积金直接划转至售房人账户，最长不超2个工作日。,,
温州,浙江省,提取,代际互助,支持,已办理个人住房贷款（含商业贷款和公积金贷款）的职工，其本人、配偶及直系亲属（父母、子女）可申请提取公积金用于协助还贷，提取总额上限为过去12个月实际偿还的贷款本息总额。,,
温州,浙江省,提取,按月冲还商贷,不支持,温州市住房公积金委托按月提取（内转还贷）业务仅适用于公积金贷款及公转商贴息贷款；偿还商业性住房按揭贷款仍须按《提取实施办法》另行申请提取，提取额度为申请之日起往前推算一年内的已还本息（按年/按次提取），不支持商贷按月委托冲还。,,
温州,浙江省,提取,物业费提取,不支持,现行提取情形清单不含支付物业费。2026年4月27日施行的最新政策仅新增契税、住宅专项维修资金提取及无房租赁按月提取，放宽购建房与还贷提取时限至36个月，均未涵盖物业费。市住房公积金管理中心2026年8月表示正根据国务院修订条例精神拟定“支付自住住房物业费”提取的具体政策，细则出台前不予办理。,,
温州,浙江省,提取,住房装修提取,有条件支持,普通装修不属提取情形，中心正拟定装修提取细则。现可办理的相近情形：既有住宅加装电梯提取，凭部门联审会议纪要、不动产权证、施工安装协议、费用筹集分摊方案，自签订协议起36个月内提取本人及配偶公积金；老旧小区改造提取，房屋须列入县区级以上政府改造计划并已开工，凭改造项目证明、开工证明及个人分摊支付凭证提取，金额不超过个人分摊费用。大修须C级以上危房鉴定报告。 普通装修不属提取情形，中心正拟定装修提取细则。现可办理的相近情形：既有住宅加装电梯提取，凭部门联审会议纪要、不动产权证、施工安装协议、费用筹集分摊方案，自签订协议起36个月内提取本人及配偶公积金；老旧小区改造提取，房屋须列入县区级以上政府改造计划并已开工，凭改造项目证明、开工证明及个人分摊支付凭证提取，金额不超过个人分摊费用。大修须C级以上危房鉴定报告。,,
温州,浙江省,缴存-灵活就业,有条件支持,须以灵活就业人员身份参加职工基本养老保险，且有相对稳定经济收入来源；年满16周岁未达法定退休年龄。,温州市住房公积金管理中心《温州市灵活就业人员缴存提取使用住房公积金管理暂行办法》及政策解读（2023-03）,https://zfgjj.wenzhou.gov.cn/art/2023/3/24/art_1229129105_2021291.html,2023-03
温州,浙江省,缴存-缓缴,支持,,温州市住房公积金管理中心《关于开展2026年度住房公积金月缴存额调整的通知》（2026-07-22，文内“降低缴存比例和缓缴”条款）,https://zfgjj.wenzhou.gov.cn/col/col1229322000/art/2026/art_fd85adf3b33f40d1b71719996c87c4d0.html,2026-07
南通,江苏省,贷款,单双职工额度差异,支持,,https://www.ntgjj.com/NewsDetail.aspx?DetailId=6526,政府网站
南通,江苏省,贷款,首套二套额度差异,支持,,https://www.ntgjj.com/NewsDetail.aspx?DetailId=6526,政府网站
南通,江苏省,贷款,绿色建筑上浮,支持,,https://www.ntgjj.com/NewsDetail.aspx?DetailId=6526,政府网站
南通,江苏省,贷款,二孩家庭上浮,支持,,https://www.ntgjj.com/NewsDetail.aspx?DetailId=24664543&UrlTowClass=40&UrlOneClass=33,政府网站
南通,江苏省,贷款,三孩家庭上浮,支持,,https://www.ntgjj.com/NewsDetail.aspx?DetailId=24664543&UrlTowClass=40&UrlOneClass=33,政府网站
南通,江苏省,贷款,人才青年上浮,支持,,https://www.ntgjj.com/NewsDetail.aspx?DetailId=6526,政府网站
南通,江苏省,贷款,家庭共享额度代际互助,支持,,https://www.ntgjj.com/NewsDetail.aspx?DetailId=24664543&UrlTowClass=40&UrlOneClass=33,政府网站
南通,江苏省,贷款,商转公,支持,,https://www.ntgjj.com/NewsDetail.aspx?DetailId=10294962,政府网站
南通,江苏省,贷款,最长贷龄30年,支持,,https://www.ntgjj.com/NewsDetail.aspx?DetailId=6526,政府网站
南通,江苏省,提取,购房一次性提取,支持,购买自住住房可一次性提取账户余额，同一套住房仅可提取一次；产权人配偶、子女、父母可同时提取，合计不超购房总价。,,
南通,江苏省,提取,租房提取限额,支持,租赁商品住房每人每月最高1200元，按实际房租且不超上限；租住公租房按实际房租支出提取。每年可提取一次。,,
南通,江苏省,提取,多孩租房上浮,支持,二孩家庭租房提取额度上浮50%（每人每月1800元），三孩家庭上浮100%（每人每月2400元）；多孩家庭须线下办理。,,
南通,江苏省,提取,加装电梯提取,支持,按通政办规〔2021〕5号出资加装电梯的建设者，可提取本人及直系亲属（配偶、子女、父母）公积金，合计不超个人分摊金额（扣除财政补贴后），取得使用登记证一年内一次性提取。,,
南通,江苏省,提取,车位购置提取,未确认,公开渠道未见南通明确放开购买车位/车库提取的官方文件；新《条例》新增车位提取2026-09-20才施行，南通细则未落地，暂无法确认。,,
南通,江苏省,提取,大病救助提取,支持,职工本人、配偶、未成年子女患重大疾病治疗造成家庭生活严重困难时可提取。 提取管理细则列明“职工本人、配偶、未成年子女患重大疾病治疗造成家庭生活严重困难”为可提取情形之一，须提供病历、缴费单据等材料经审核。,,
南通,江苏省,提取,既提又贷,支持,购买自住住房支付首付后可同步申请提取本人及配偶公积金并办理公积金贷款（“提贷并举”）；非户籍地非缴存地购房不予提取。,,
南通,江苏省,提取,首付直付,支持,支持提取住房公积金用于支付购房首付款（购房后提取，2025年报告披露支付购房首付款提取661笔、1.40亿元）；属购房提取范畴。,,
南通,江苏省,提取,代际互助,支持,购房代际提取范围由缴存人、配偶及未婚子女拓展至缴存人、配偶、子女、父母，合计提取不超购房总价款；加装电梯提取亦拓展至直系亲属。 2026-04“一人购房全家帮”新政落地，扩大购房代际提取范围至父母、子女，发挥家庭互助作用。,,
南通,江苏省,提取,按月冲还商贷,有条件支持,仅限在南通市行政区域内办理的个人住房商业贷款，且贷款银行须已与中心完成系统对接（已覆盖23家承办银行） 南通支持委托逐月提取公积金偿还商贷，签约后次月约定日逐月将公积金划转至还贷账户，已覆盖23家承办银行。仅限在南通市行政区域内办理的个人住房商业贷款，且贷款银行须已与中心完成系统对接。,,
南通,江苏省,提取,物业费提取,支持,缴存人已支付本市行政区域内自住住房物业费，且上一年度无住房公积金提取行为（支付物业费提取除外），每年可选择家庭任意一套住房申请提取一次；提取额度不超过实际支付的一年物业费，且每套住房提取总额不超过10000元/年。账户被冻结等情形不予办理。可通过南通市住房公积金网上业务大厅、“南通公积金”手机APP、微信公众号线上申请，或至中心各分支机构窗口线下办理。,,
南通,江苏省,提取,住房装修提取,不支持,无普通装修提取通道，仅建翻大修与加装电梯可提。①建造、翻建：提供规划、建设等职能部门批准文件。②大修自住住房：须房屋安全鉴定证明（按国标须鉴定为C级或D级危房）、大修费用发票，并经实地勘察正在实施大修。前两类须自证明材料开具起一年内申请，合计不超建翻大修总费用。③市区既有多层住宅加装电梯：按通政办规〔2021〕5号出资的建设者可提本人及配偶、子女、父母公积金，自取得使用登记证书起一年内一次性提取，不超扣财政补贴后个人分摊额。 无普通装修提取通道，仅建翻大修与加装电梯可提。①建造、翻建：提供规划、建设等职能部门批准文件。②大修自住住房：须房屋安全鉴定证明（按国标须鉴定为C级或D级危房）、大修费用发票，并经实地勘察正在实施大修。前两类须自证明材料开具起一年内申请，合计不超建翻大修总费用。③市区既有多层住宅加装电梯：按通政办规〔2021〕5号出资的建设者可提本人及配偶、子女、父母公积金，自取得使用登记证书起一年内一次性提取，不超扣财政补贴后个人分摊额。,,
南通,江苏省,缴存-灵活就业,支持,,南通市住房公积金管理中心《关于印发〈南通市灵活就业人员参加住房公积金制度办法〉的通知》（通金管〔2026〕17号，2026-04-01施行）,https://www.ntgjj.com/NewsDetail.aspx?DetailId=24685884&UrlTowClass=40&UrlOneClass=58,2026-04
南通,江苏省,缴存-缓缴,支持,,南通市海门区《关于印发〈南通市海门区市场主体歇业“一件事”改革实施方案（试行）〉的通知》（区级现行政策）,https://www.haimen.gov.cn/hmszwfwzx/zcwj/content/ea45eb52-f6d6-48b0-8e3f-f7da29066146.html,2023-2024
常州,江苏省,贷款,单双职工额度差异,支持,单人80万元、双人120万元,https://www.changzhou.gov.cn/gi_news/698174364173714,政府网站
常州,江苏省,贷款,首套二套额度差异,不支持,最高额度未区分首套与二套（单人80万/双人120万）,https://www.changzhou.gov.cn/gi_news/698174364173714,政府网站
常州,江苏省,贷款,绿色建筑上浮,支持,购买新建二星级及以上住宅绿色建筑，额度增加30万元,https://www.changzhou.gov.cn/gi_news/698174364173714,政府网站
常州,江苏省,贷款,二孩家庭上浮,支持,二孩+30万元、三孩+50万元,https://www.changzhou.gov.cn/gi_news/698174364173714,政府网站
常州,江苏省,贷款,三孩家庭上浮,支持,三孩+50万元,https://www.changzhou.gov.cn/gi_news/698174364173714,政府网站
常州,江苏省,贷款,人才青年上浮,支持,青春留常+20万；硕士150万、博士180万、人才礼遇180万,https://www.changzhou.gov.cn/gi_news/698174364173714,政府网站
常州,江苏省,贷款,家庭共享额度代际互助,支持,可共济使用双方父母及子女可贷额度；2026.8.1起直系亲属共同还贷代际互助提取,https://www.changzhou.gov.cn/api/mobile/news2018.php?fid=404177500822810&type=ns,政府网站
常州,江苏省,贷款,商转公,支持,有商转公贷款管理办法（先还后贷、以贷还贷）,https://www.jintan.gov.cn/html/czjt/2023/JFJLQAOQ_0105/211772.html,政府网站
常州,江苏省,贷款,最长贷龄30年,支持,最长30年（不超退休后5年）,https://www.changzhou.gov.cn/api/mobile/news2018.php?fid=404177500822810&type=ns,政府网站
常州,江苏省,提取,购房一次性提取,支持,购买自住住房的，本人及配偶、父母、子女均可提取，一处住房每人限一次，只能提取有效证明材料签发当月之前的余额，每户总额不超房屋总价。,,
常州,江苏省,提取,租房提取限额,支持,2026年4月1日起取消提取人员、次数及购房提取记录限制，每年可多次提取但年总额不超公积金中心公布的当年租房提取限额；此前执行每人每年15000元。,,
常州,江苏省,提取,多孩租房上浮,支持,符合多孩家庭租房提取政策的，每位缴存人每年提取上限由15000元提升至18000元；贷款端二孩加30万元、三孩及以上加50万元（2025年4月起执行）。,,
常州,江苏省,提取,加装电梯提取,支持,2026年4月1日起新增本市既有住宅加装或更新电梯提取，本人及配偶、父母、子女自电梯使用登记或更新交付之日起2年内一次性提取，总额不超个人分摊金额。,,
常州,江苏省,提取,车位购置提取,不支持,2026年4月1日施行的提取情形未含车位（库）购置；贷款端明确购买办公用房、商业用房及单体车库等非住房的，不予住房公积金贷款。,,
常州,江苏省,提取,大病救助提取,不支持,2026年4月1日施行的新提取细则取消了原“职工本人、配偶、未成年子女患重大疾病治疗造成家庭生活严重困难”提取情形，13类提取情形中已无重大疾病提取。,,
常州,江苏省,提取,既提又贷,支持,缴存人可提取公积金支付本市商品住房购房（首付）款，若申请公积金贷款的，提取额与公积金贷款额合计不应超过购房总价，即允许既提取又贷款。,,
常州,江苏省,提取,首付直付,支持,2023年11月1日起，购房人及配偶、父母、子女可申请提取，公积金中心在商品房买卖合同备案时将资金直接汇入预售资金监管账户作首付，同一套住房每人限一次。,,
常州,江苏省,提取,代际互助,支持,购买、建造、翻建、大修、更新改造自住住房及加装或更新电梯，除本人及配偶外双方父母、子女均可共同提取，每户总额不超实际住房消费费用；贷款端亦可共济额度。,,
常州,江苏省,提取,按月冲还商贷,有条件支持,仅限与市公积金中心数据联通、已开发数据接口的受托商业银行（目前为江南银行、中国银行、江苏银行、邮储银行等），且借款人的还贷账户须属上述受托银行方可办理逐月提取。 常州《提取住房公积金用于偿还住房贷款的规定》（2024-11-01起施行）支持商贷逐月提取：委托中心每月提取账户余额转账存入商贷借款人还贷银行卡。但须银行已开发数据接口实现联通，目前仅江南银行、中行、江苏银行、邮储银行等少数银行可办。,,
常州,江苏省,提取,物业费提取,不支持,2026年4月1日施行的新《常州市住房公积金提取管理实施细则》第五条穷尽列举十三项提取情形：购买自住住房、建造翻建大修更新改造自住住房、偿还购房贷款本息、无房租房自住、跨区域工作租房、本市既有住宅加装或更新电梯、低保对象或特困职工、解除劳动关系封存满半年、出境定居、退休、完全丧失劳动能力、死亡，及第（十三）项“管委会规定的其他情形”。清单未含支付物业费，故当前不能以物业费名义提取；第（十三）项兜底条款为后续增列留有空间。,,
常州,江苏省,提取,住房装修提取,有条件支持,新细则新增“更新改造自住住房”与“本市既有住宅加装或更新电梯”两类情形，但均须政府有关部门批准文件，不等于普通全屋装修。①建造翻建大修更新改造自住住房：本人及配偶、父母、子女均可提，一处住房每人一次，只能提批准当月（含）之前的账户余额，每户合计不超实际费用，须于批准文件日期后1年内申请，同类情形亦可申贷。②加装或更新电梯：上述亲属自使用注册登记或更新交付起两年内一次性提取，不超实际个人分摊额。均须保留一定余额。 新细则新增“更新改造自住住房”与“本市既有住宅加装或更新电梯”两类情形，但均须政府有关部门批准文件，不等于普通全屋装修。①建造翻建大修更新改造自住住房：本人及配偶、父母、子女均可提，一处住房每人一次，只能提批准当月（含）之前的账户余额，每户合计不超实际费用，须于批准文件日期后1年内申请，同类情形亦可申贷。②加装或更新电梯：上述亲属自使用注册登记或更新交付起两年内一次性提取，不超实际个人分摊额。均须保留一定余额。,,
常州,江苏省,缴存-灵活就业,支持,,常州市人民政府《常州市灵活就业人员参加住房公积金制度试点实施方案》及配套管理办法,https://www.changzhou.gov.cn/gi_news/716163400720074,2024/2026
常州,江苏省,缴存-缓缴,支持,生产经营困难、缴存确有困难的单位，经职代会（职工大会）或工会讨论通过，可申请降低缴存比例或缓缴,常州市人民政府《常州市住房公积金管理办法》,https://www.changzhou.gov.cn/api/mobile/news2018.php?fid=387176785151907&type=gi,2026
扬州,江苏省,贷款,单双职工额度差异,支持,单缴存108万元、双缴存180万元（2026阶段；2025为单90/双150）,https://gjjzx.yangzhou.gov.cn/zfxxgk/fdzdgk/xwfbh/art/2026/art_09690dae802349018ed3b1346e636c50.html,政府网站
扬州,江苏省,贷款,首套二套额度差异,不支持,最高额度未区分首套与二套（仅二套最低首付比例20%）,https://gjjzx.yangzhou.gov.cn/zfxxgk/fdzdgk/xwfbh/art/2026/art_09690dae802349018ed3b1346e636c50.html,政府网站
扬州,江苏省,贷款,绿色建筑上浮,支持,一星级+20%、二星级+30%、三星级+40%,https://gjjzx.yangzhou.gov.cn/zfxxgk/fdzdgk/xwfbh/art/2026/art_09690dae802349018ed3b1346e636c50.html,政府网站
扬州,江苏省,贷款,二孩家庭上浮,支持,二孩家庭最高额度上浮30万元,https://gjjzx.yangzhou.gov.cn/zfxxgk/fdzdgk/xwfbh/art/2026/art_09690dae802349018ed3b1346e636c50.html,政府网站
扬州,江苏省,贷款,三孩家庭上浮,支持,三孩及以上家庭最高额度上浮50万元,https://gjjzx.yangzhou.gov.cn/zfxxgk/fdzdgk/xwfbh/art/2026/art_09690dae802349018ed3b1346e636c50.html,政府网站
扬州,江苏省,贷款,人才青年上浮,支持,各层次人才上浮20至160万元（C类及以上160万等）,https://gjjzx.yangzhou.gov.cn/zfxxgk/fdzdgk/xwfbh/art/2026/art_09690dae802349018ed3b1346e636c50.html,政府网站
扬州,江苏省,贷款,家庭共享额度代际互助,支持,扩大代际互助提取，双方父母、子女可偿还贷款或建造翻修,https://gjjzx.yangzhou.gov.cn/zfxxgk/fdzdgk/xwfbh/art/2026/art_09690dae802349018ed3b1346e636c50.html,政府网站
扬州,江苏省,贷款,商转公,支持,阶段性调整商转公贷款规则，额度不超商贷剩余本金,https://gjjzx.yangzhou.gov.cn/zfxxgk/fdzdgk/xwfbh/art/2026/art_09690dae802349018ed3b1346e636c50.html,政府网站
扬州,江苏省,贷款,最长贷龄30年,支持,最长30年（到期不超退休后5年，借款年龄延至70周岁）,https://gjjzx.yangzhou.gov.cn/zfxxgk/fdzdgk/xwfbh/art/2026/art_09690dae802349018ed3b1346e636c50.html,政府网站
扬州,江苏省,提取,购房一次性提取,支持,购买自住住房的，职工及配偶可提取住房公积金账户存储余额，每户家庭提取总额不超过购房款总额；购买公有住房的不超过实际购房支付金额。,,
扬州,江苏省,提取,租房提取限额,支持,双缴存人家庭每年租房提取限额36000元，每位缴存人每年不超过24000元；月提取额不超当前月缴存额60%、年可提12个月，且不超实际房租与当年限额。,,
扬州,江苏省,提取,多孩租房上浮,未确认,扬州多子女优惠主要体现为贷款额度上浮（二孩30万元、三孩及以上50万元）与适儿化改造提取，未检索到租房提取限额随多孩上浮的官方规定。,,
扬州,江苏省,提取,加装电梯提取,支持,支付既有住宅加装电梯费用的可提取一次，每户家庭提取总额不超过加装电梯费用扣除政府补贴后的个人分摊金额，需提供加装电梯协议书、电梯使用登记证及分摊票据。,,
扬州,江苏省,提取,车位购置提取,支持,2026年7月15日起，缴存人家庭可就购买住房所支付的契税、维修基金及同一小区附属车库（位）购置费用申请提取，阶段性政策有效期至2026年12月31日。,,
扬州,江苏省,提取,大病救助提取,支持,职工本人、配偶或直系亲属患重大疾病治疗造成家庭生活严重困难的可提取，额度不超过家庭自费部分，病种参照医保规定的特殊病种并新增冠心病等四类。,,
扬州,江苏省,提取,既提又贷,支持,缴存人及配偶可提取支付首付款，不足部分其父母、子女可提取补缺；所有提取人合计提取总额加公积金贷款金额不超过该套住房总价款，即可既提又贷。,,
扬州,江苏省,提取,首付直付,支持,2023年起支持缴存人及配偶提取公积金支付购房首付款，2025年优化为配偶、父母或子女可提取补足首付款缺额；提取顺序为先购房人及配偶、余额不足再及父母子女。,,
扬州,江苏省,提取,代际互助,支持,2026年7月15日起，缴存人及配偶可提取公积金用于支持双方父母、子女偿还本市住房贷款本息，或支持其在本市建造、翻建、大修自住住房，需线下柜台办理。,,
扬州,江苏省,提取,按月冲还商贷,有条件支持,须无未结清住房公积金贷款（含组合贷中公积金部分须优先偿还、结清后方可申请）；商贷、银行借记卡、身份证等信息须可经数据共享接口查询核验；本人收款借记卡暂仅支持工行、农行、建行。 扬州出台《职工偿还商业性个人住房贷款委托逐月提取住房公积金实施办法》，主借款人及其配偶可委托中心在其偿还商贷期间，依据每月还款情况于次月20日提取账户资金划转至本人借记卡。2025年政策优化将逐月提取账户留存金额由6个月调整为3个月。,,
扬州,江苏省,提取,物业费提取,支持,缴存人家庭每年可申请提取一次公积金，用于支付本市范围内自有商品住房物业费。名下有多套自有商品住房的，单缴存人家庭可选其中一套，双缴存人家庭可各自选择一套。年度额度按自有商品住房建筑面积每平方米每月3元的定额标准计算（即36元/㎡·年），不限定建筑面积，车位不计入；以120平方米商品房计，每年可提4320元。个人账户被冻结、有未结清公积金贷款、为他人公积金贷款担保尚未撤销的，提取受限。,,
扬州,江苏省,提取,住房装修提取,支持,缴存人家庭可就本市名下一套自住住房的一次装修改造行为申请提取。额度按每平方米1500元定额计算，建筑面积上限144平方米（≤144㎡按实际、>144㎡统一按144㎡计），单套最高21.6万元。购新建商品住房不超五年的，自网签备案起五年内可分批次（视同一次装修）、免核查办理，每年不超一次；购二手房或购新房超五年等其他情形须经中心上门核实装修事实后一次性办理。装修改造按是否涉及多空间（如全屋）、多工种（水电泥瓦木工油漆）、是否具备整体性和造价基础界定。,,
扬州,江苏省,缴存-灵活就业,支持,,扬州市人民政府《扬州市灵活就业人员缴存使用住房公积金管理办法(试行)》,https://www.yangzhou.gov.cn/zwfw/ztfw/zffw/wyk/zcwj/art/2023/art_7db5231da3344a4d9154aef58f740d00.html,2023
扬州,江苏省,缴存-缓缴,支持,连续亏损6个月及以上且缴存确有困难的单位，经职代会或工会讨论通过，可申请缓缴住房公积金，期限不超过一年,扬州市住房公积金管理中心《扬州市住房公积金缴存管理办法》,https://gjjzx.yangzhou.gov.cn/zcfg/art/2019/art_1004ff80d0124b49a2aa91969479ae69.html,2019
徐州,江苏省,贷款,单双职工额度差异,支持,单人80万元、双人120万元（市区）；单人70万/双人90万（县市）,https://gjj.xz.gov.cn/govxxgk/466543007/2025-11-28/a8132e83-b60d-4edc-a4eb-3dbf3ab736fa.html,政府网站
徐州,江苏省,贷款,首套二套额度差异,不支持,最高额度未区分首套与二套（仅首付首套20%/二套30%）,https://gjj.xz.gov.cn/govxxgk/466543007/2025-11-28/a8132e83-b60d-4edc-a4eb-3dbf3ab736fa.html,政府网站
徐州,江苏省,贷款,绿色建筑上浮,支持,购买绿色建筑、改善型住宅、以旧换新新建商品房，最高额度上浮20%,https://www.jszwfw.gov.cn/jszwfw/bscx/itemlist/briefbszn.do?iddept_ql_inf=12320700468085556T3321017014000&ql_kind=10&webId=10,政府网站
徐州,江苏省,贷款,二孩家庭上浮,支持,二孩家庭最高额度提高20万元,http://share-plus.huaihai.tv/folder7348/2026-03-31/VY5Ck97VnsGrpD6i.html,官媒
徐州,江苏省,贷款,三孩家庭上浮,支持,三孩家庭最高额度提高40万元,http://share-plus.huaihai.tv/folder7348/2026-03-31/VY5Ck97VnsGrpD6i.html,官媒
徐州,江苏省,贷款,人才青年上浮,支持,40岁以下博士+30万、硕士+20万、本科+10万、大专+5万；高层次人才A类4倍等,http://share-plus.huaihai.tv/folder7348/2026-03-31/VY5Ck97VnsGrpD6i.html,官媒
徐州,江苏省,贷款,家庭共享额度代际互助,支持,父母、子女正常缴存可共同申请公积金贷款，参照夫妻标准,http://share-plus.huaihai.tv/folder7348/2026-03-31/VY5Ck97VnsGrpD6i.html,官媒
徐州,江苏省,贷款,商转公,支持,优化商转公贷款，执行首套政策（期限至2026.12.31）,https://gjj.xz.gov.cn/govxxgk/466543007/2025-11-28/a8132e83-b60d-4edc-a4eb-3dbf3ab736fa.html,政府网站
徐州,江苏省,贷款,最长贷龄30年,支持,最长30年（主借款人70岁且不超30年）,https://gjj.xz.gov.cn/govxxgk/466543007/2025-11-28/a8132e83-b60d-4edc-a4eb-3dbf3ab736fa.html,政府网站
徐州,江苏省,提取,购房一次性提取,支持,购买自住住房可在购房合同签订时间2年内一次性提取，提取金额不超过房屋价格；拍卖购房自《拍卖成交确认书》签订起2年内可提。,,
徐州,江苏省,提取,租房提取限额,支持,2026年4月1日起每人每年限额1.8万元，夫妻双方每年最高3.6万元（此前为每年1.2万元、夫妻每月1500元）；需连续缴存满3个月且缴存地无房。,,
徐州,江苏省,提取,多孩租房上浮,未确认,徐州2026年新政仅规定多子女家庭贷款额度上浮（二孩+20万元、三孩+40万元），未检索到租房提取对多子女家庭上浮的市级明文规定，不作判定。,,
徐州,江苏省,提取,加装电梯提取,支持,既有住宅增设电梯列为提取情形；出资加装电梯的产权人及配偶可申请，每户家庭提取总额不超过该户实际分摊的电梯建设费用，竣工验收后一次性提取。,,
徐州,江苏省,提取,车位购置提取,不支持,《徐州市住房公积金提取管理办法》第二十五条明确：单独购买阁楼、地下室、车库等非自住住房的，不能提取住房公积金。,,
徐州,江苏省,提取,大病救助提取,支持,2026年4月1日起，缴存人或其配偶、父母、子女患徐州门特病种（共30类）可提取；2026年1月1日起费用2年内可提，不超个人医保账户与现金支付之和。,,
徐州,江苏省,提取,既提又贷,支持,购买二手房提取公积金并申请公积金贷款，提取额不再从贷款额度中扣除，提取额与贷款额之和不超过总房价即可；2025年12月起取消120万元上限。,,
徐州,江苏省,提取,首付直付,有条件支持,仅限购买徐州市新建商品住房，资金划入商品房预售资金监管账户；二手房不能用公积金余额直接付首付。 购买新建商品住房签订买卖合同后，购房人本人、配偶及直系亲属（父母、子女）可申请提取公积金支付首付款；邳州管理部明确二手房不可用公积金余额付首付。,,
徐州,江苏省,提取,代际互助,支持,2026年4月1日起支持公积金贷款代际互助，父母、子女可共同申请并按夫妻标准核定额度；购房首付、适老化改造亦可提取父母、子女公积金。,,
徐州,江苏省,提取,按月冲还商贷,有条件支持,须贷款银行为与中心签约《直连查询商贷信息协议书》的银行（首批工行、农行、中行、建行、交行、邮储等）；商贷须正常还款满6个月且无逾期；提取人及配偶公积金账户余额数大于商贷月供一定倍数（2025-04起放宽至月供6倍）；且本人及配偶无未结清公积金贷款。 徐州自2022年8月1日试行《委托按月提取住房公积金偿还商业银行个人住房贷款实施办法》，委托中心自次月起每月按上月实际还款额从公积金账户划转至本人还款银行卡，直接偿还商贷。2025年4月进一步放宽余额倍数等限制条件。,,
徐州,江苏省,提取,物业费提取,支持,房屋产权在本市即可办理，每年度周期提取一次。2025年12月1日起每套住房每次不超过8000元，2026年4月1日起物业费与暖气费合并核算、上限提高至1万元/年；个人可提1套住房，夫妻双方不超过2套；有未结清公积金贷款也可办理。需物业费发票（开票一年内）、不动产权证、身份证、本人I类借记卡，提取配偶的另需结婚证；暂仅柜面办理。,,
徐州,江苏省,提取,住房装修提取,有条件支持,未开通普通全屋装修提取，仅“房屋适老化改造”可提取：须在徐州市民政部门申请适老化改造，本人、配偶及子女均可提取，金额不超过改造费用中个人支付部分总额，且本人及配偶名下无未结清公积金贷款、账户未被冻结。需《适老化改造项目认定书》或改造服务合同、验收报告，以及支付改造费用的发票。建造、翻建、大修按原情形另行办理。 未开通普通全屋装修提取，仅“房屋适老化改造”可提取：须在徐州市民政部门申请适老化改造，本人、配偶及子女均可提取，金额不超过改造费用中个人支付部分总额，且本人及配偶名下无未结清公积金贷款、账户未被冻结。需《适老化改造项目认定书》或改造服务合同、验收报告，以及支付改造费用的发票。建造、翻建、大修按原情形另行办理。,,
徐州,江苏省,缴存-灵活就业,支持,,徐州市住房公积金管理中心《徐州市灵活就业人员缴存使用住房公积金管理办法》政策解读,https://gjj.xz.gov.cn/govxxgk/466543007/2024-04-18/e50859e9-9975-49ad-b0fa-746814df6b1c.html,2024-04
徐州,江苏省,缴存-缓缴,支持,单位缴存确有困难的，经职代会或工会讨论通过，可提供决议和审计报告向中心申请缓缴，期限一年,江苏政务服务网《单位确有困难需要降低缴存比例或者缓缴住房公积金的审核》,https://www.jszwfw.gov.cn/jszwfw/bscx/itemlist/bszn.do?webId=8&iddept_yw_inf=12320300466543007T332101701200001&ql_kind=10&iddept_ql_inf=12320300466543007T3321017012000,
盐城,江苏省,贷款,单双职工额度差异,支持,,https://www.yancheng.gov.cn/art/2024/8/28/art_13184_4229119.html,政府网站
盐城,江苏省,贷款,首套二套额度差异,不支持,,https://www.yancheng.gov.cn/art/2024/8/28/art_13184_4229119.html,政府网站
盐城,江苏省,贷款,绿色建筑上浮,支持,,https://www.yancheng.gov.cn/art/2024/8/28/art_13184_4229119.html,政府网站
盐城,江苏省,贷款,二孩家庭上浮,支持,,https://www.yancheng.gov.cn/art/2023/11/13/art_30455_322.html,政府网站
盐城,江苏省,贷款,三孩家庭上浮,支持,,https://www.yancheng.gov.cn/art/2023/11/13/art_30455_322.html,政府网站
盐城,江苏省,贷款,人才青年上浮,支持,,https://www.yancheng.gov.cn/art/2023/11/13/art_30455_322.html,政府网站
盐城,江苏省,贷款,家庭共享额度代际互助,支持,,https://www.yancheng.gov.cn/jrobot/plugin/link/show.do?url=http%3A%2F%2Fwww.yancheng.gov.cn%2Fart%2F2026%2F2%2F6%2Fart_13185_4402723.html,政府网站
盐城,江苏省,贷款,商转公,支持,,https://www.yancheng.gov.cn/art/2023/11/13/art_30455_322.html,政府网站
盐城,江苏省,贷款,最长贷龄30年,支持,,https://www.yancheng.gov.cn/art/2023/11/13/art_30455_322.html,政府网站
盐城,江苏省,提取,购房一次性提取,支持,购建房自合同签订、发票开具或规划许可证签发之日起1年内可一次或分次办理；职工及家庭成员累计提取额加贷款额不超实际购建房支出。,,
盐城,江苏省,提取,租房提取限额,支持,大市区未婚800元/月、已婚1600元/月；其余县市未婚600元/月、已婚1200元/月。超限额凭合同发票可按实际租金提，不超地域月均房租×租赁面积。,,
盐城,江苏省,提取,多孩租房上浮,支持,二孩、三孩及以上家庭租房提取限额在现行标准上分别上浮20%、40%；大市区二孩1920元/月、三孩2240元/月，已婚职工一年可提19200元。,,
盐城,江苏省,提取,加装电梯提取,支持,自住住房增设电梯可提取，需提供规划部门增设电梯批准文件、不动产权证、增设电梯合同及资金分摊方案，应在电梯总价发票开具之日起1年内提取。,,
盐城,江苏省,提取,车位购置提取,不支持,《盐城市住房公积金提取细则》列举的提取情形中无购买车位（库）；贷款细则亦明确单体车库等非居住用房不可申请公积金贷款。,,
盐城,江苏省,提取,大病救助提取,支持,本人、配偶及具赡养或抚养义务的直系亲属患9类重大疾病（恶性肿瘤、尿毒症等）致生活特别困难可提；医保报销后1年内申请，不超个人负担部分。,,
盐城,江苏省,提取,既提又贷,支持,职工购建房除提取外还申请公积金贷款的，累计提取额加贷款额不超实际购建房支出；2026年家庭共济新政亦明确提取总额加贷款额不突破总房价。,,
盐城,江苏省,提取,首付直付,支持,2025年8月28日盐城新政：缴存人及家庭成员购买市域内新建商品住房，凭已备案《商品房买卖合同》可提取本人及家庭成员公积金支付首付款。,,
盐城,江苏省,提取,代际互助,支持,2026年2月6日起“家庭共济”：可共济提取支付购房款（含首付）、还贷；申请贷款时可共济使用双方父母、已婚子女及其配偶的可贷额度，共济人不计次数。,,
盐城,江苏省,提取,按月冲还商贷,支持,"盐城2025年6月上线""商贷委托提取签约""业务，签订协议后每月12日自动将公积金账户余额（保留0.01元）划转至指定银行卡用于偿还商贷本息；已与23家银行联网，可通过""盐城公积金""微信公众号、""我的盐城""APP或线下窗口办理。",,
盐城,江苏省,提取,物业费提取,支持,缴存人及配偶可提取公积金支付本市行政区域内自有商品住房（须已办不动产权证）物业费，2026年1月1日起执行。个人无要件提取1套住房，限额3000元/年；家庭无要件提取不超2套，合计6000元/年；实际支出超限额的凭物业费票据线下按实提取。可经“我的盐城”APP、“盐城公积金”公众号线上办理；有未结清公积金贷款的须近1年按时足额还款。,,
盐城,江苏省,提取,住房装修提取,不支持,盐城市住房公积金管理中心明确答复房屋装修不符合公积金提取条件，装修不在《盐城市住房公积金提取细则》可提取情形内。现行情形仅含购买、建造、翻建、大修自住住房、偿还贷款本息、租房、自住住房增设电梯等，其中建造、翻建、大修须为集体分配宅基地并提供规划许可文件、工程造价预算等材料，均非普通装修。2026年优化调整通知新增物业费提取，未纳入装修。,,
盐城,江苏省,缴存-灵活就业,支持,,盐城市人民政府 政民互动问答（灵活就业人员开户）,https://www.yancheng.gov.cn/art/2026/8/5/art_34247_28781.html,2026-08
盐城,江苏省,缴存-缓缴,支持,单位处于停产、半停产状态且停发工资的，或连续亏损的可申请降低比例或缓缴，经职代会/工会通过并报中心审批，期限不超过一年,盐城市住房公积金管理委员会《盐城市住房公积金缴存细则》,https://ycgjj.yancheng.gov.cn/art/2022/9/20/art_6596_3908977.html,2022-09
泰州,江苏省,贷款,单双职工额度差异,支持,,https://gjj.taizhou.gov.cn/xxgk/fdgknr/zcwj/bmwj/art/2026/art_7887774dd7aa4856b56202084b2952fc.html,政府网站
泰州,江苏省,贷款,首套二套额度差异,支持,按首次与第二次申请贷款次数区分最高额度（首次双职工100万元、第二次80万元）,https://j.taizhou.gov.cn/dwzw/dzqk/zfgb/2024nd23q/bmwj/art/2024/art_6ba3aaf191da40808af35f44a4345c92.html,政府网站
泰州,江苏省,贷款,绿色建筑上浮,支持,,https://lkx.taizhou.gov.cn/dwzw/dzqk/zfgb/2024nd23q/bmwj/art/2024/art_6ba3aaf191da40808af35f44a4345c92.html,政府网站
泰州,江苏省,贷款,二孩家庭上浮,支持,,https://gjj.taizhou.gov.cn/xxgk/fdgknr/zcwj/bmwj/art/2026/art_7887774dd7aa4856b56202084b2952fc.html,政府网站
泰州,江苏省,贷款,三孩家庭上浮,支持,,https://gjj.taizhou.gov.cn/xxgk/fdgknr/zcwj/bmwj/art/2026/art_7887774dd7aa4856b56202084b2952fc.html,政府网站
泰州,江苏省,贷款,人才青年上浮,支持,,https://gjj.taizhou.gov.cn/xxgk/fdgknr/zcwj/bmzcjd/art/2026/art_9bb259353c4b4882b5ead3e73c285f3e.html,政府网站
泰州,江苏省,贷款,家庭共享额度代际互助,支持,,https://gjj.taizhou.gov.cn/xxgk/fdgknr/zcwj/bmzcjd/art/2026/art_9bb259353c4b4882b5ead3e73c285f3e.html,政府网站
泰州,江苏省,贷款,商转公,支持,,https://gjj.taizhou.gov.cn/xxgk/fdgknr/zcwj/bmwj/art/2026/art_7887774dd7aa4856b56202084b2952fc.html,政府网站
泰州,江苏省,贷款,最长贷龄30年,支持,,https://lkx.taizhou.gov.cn/dwzw/dzqk/zfgb/2024nd23q/bmwj/art/2024/art_6ba3aaf191da40808af35f44a4345c92.html,政府网站
泰州,江苏省,提取,购房一次性提取,支持,职工购买自住住房取得合法手续后同一套住房只能提取一次，提取金额为购房凭证签发当日个人账户余额，总额不超购房费用；年度内交易只可提一次。,,
泰州,江苏省,提取,租房提取限额,支持,租住商品住房结合实际房租确定：单身不超15000元/年、已婚家庭不超30000元/年；公租房按当年应支付房租确定；委托按月提取付房租不超1250元/月。,,
泰州,江苏省,提取,多孩租房上浮,支持,二孩家庭（提取时至少一名子女未满18周岁）租房提取上限36000元/年，三孩48000元/年；按月提取二孩不超1500元/月、三孩不超2000元/月。,,
泰州,江苏省,提取,加装电梯提取,支持,既有住宅加装电梯或更新改造自住住房电梯可提取，凭加装电梯费用分摊协议办理；职工及配偶、子女及配偶提取总额不超扣除政府补贴后的家庭分摊费用。,,
泰州,江苏省,提取,车位购置提取,不支持,《泰州市住房公积金提取细则》住房消费提取情形（含2026年新增家庭互助还贷、老旧房屋改造）中均无购买车位（库）；现行办事指南21项提取类型未含车位。,,
泰州,江苏省,提取,大病救助提取,支持,患重病造成家庭生活困难可提取，需提供二级以上医院盖章病历证明和医疗费用票据；职工及其配偶、直系亲属提取总额不超医疗费用的自费部分。,,
泰州,江苏省,提取,既提又贷,支持,购买自住住房申请公积金贷款（含“公转商”贴息贷款）的，所提取总额与贷款总额之和不超购房费用；2026年5月1日起提取付首付亦不影响贷款额度。,,
泰州,江苏省,提取,首付直付,支持,购买泰州市范围内新建商品住房，可提取本人、配偶、本人父母及子女公积金账户余额支付首付款；款项转入开发企业资金监管账户；保障房限本人及配偶。,,
泰州,江苏省,提取,代际互助,支持,2026年6月1日起开展家庭互助还贷提取：父母、子女可提取公积金帮借款人偿还本地/异地公积金贷款及商贷，每人每年1次，合计不超上一年还贷总额。,,
泰州,江苏省,提取,按月冲还商贷,有条件支持,仅限江苏省内建设银行商贷（除苏州建行），且须账户余额不少于月缴额12倍、无未结清公积金贷款 泰州出台《委托按月提取住房公积金偿还商业性个人住房贷款实施办法》，每月15日按上月商贷还款额从公积金账户划转至商贷银行卡；但按月提取还商贷仅限省内建行（除苏州建行），其他银行需柜台办理。,,
泰州,江苏省,提取,物业费提取,支持,缴存人本人及配偶可提取公积金支付本市行政区域内自有住房自2025年度起的物业费，按实际年度物业费提取，每套每年不超过1万元。家庭最多适用两套住房，可共同支付一套或分别支付各套；允许跨年度、多年度提取，一张发票只能提取一次。仅限线下网点办理，需身份证、不动产权证、物业费发票、一类银行卡。账户冻结、黑名单、有在还公积金贷款或已办委托按月还商贷、付房租的不可办理。,,
泰州,江苏省,提取,住房装修提取,有条件支持,未开通普通全屋装修提取。2026年6月1日起施行“老旧房屋改造提取住房公积金”：不动产权证登记日期满20年的老旧房屋，产权人及配偶、子女及配偶均可提取，额度按每平方米1000元确定、合计不超过15万元，每位提取人只能办理一次、每套房屋只允许一户家庭办理。无需提供装修合同、发票及施工单位信息，凭不动产权证、身份证、银行卡到就近网点办理。 未开通普通全屋装修提取。2026年6月1日起施行“老旧房屋改造提取住房公积金”：不动产权证登记日期满20年的老旧房屋，产权人及配偶、子女及配偶均可提取，额度按每平方米1000元确定、合计不超过15万元，每位提取人只能办理一次、每套房屋只允许一户家庭办理。无需提供装修合同、发票及施工单位信息，凭不动产权证、身份证、银行卡到就近网点办理。,,
泰州,江苏省,缴存-灵活就业,支持,,泰州市住房公积金管理中心《泰州市灵活就业人员参加住房公积金制度实施办法》,https://gjj.taizhou.gov.cn/xxgk/fdgknr/zcwj/bmwj/art/2022/art_1a3126797f35410eac38dbf01ca94375.html,2022
泰州,江苏省,缴存-缓缴,支持,缴存确有困难的单位，经职代会或工会讨论通过，经中心审核、报管委会批准后可缓缴，期限每次不超过一年,泰州市人民政府办公室《泰州市住房公积金管理办法》,https://www.ftec.taizhou.gov.cn/dwzw/dzqk/zfgb/2024nd78q/szfbgswj/art/2024/art_21f5d592c8d04c51be1825639126ae93.html,2024
连云港,江苏省,贷款,单双职工额度差异,支持,,https://www.lyg.gov.cn/zglygzfmhwz/zcwj_zffw/content/31386f0e-91e4-40f6-b8fd-b3e4ae981cdd.html,政府网站
连云港,江苏省,贷款,首套二套额度差异,不支持,,https://www.lyg.gov.cn/zglygzfmhwz/zcwj_zffw/content/31386f0e-91e4-40f6-b8fd-b3e4ae981cdd.html,政府网站
连云港,江苏省,贷款,绿色建筑上浮,支持,,https://www.lyg.gov.cn/zglygzfmhwz/zcwj_zffw/content/31386f0e-91e4-40f6-b8fd-b3e4ae981cdd.html,政府网站
连云港,江苏省,贷款,二孩家庭上浮,支持,,https://www.lyg.gov.cn/zglygzfmhwz/zcwj_zffw/content/31386f0e-91e4-40f6-b8fd-b3e4ae981cdd.html,政府网站
连云港,江苏省,贷款,三孩家庭上浮,支持,,https://www.lyg.gov.cn/zglygzfmhwz/zcwj_zffw/content/31386f0e-91e4-40f6-b8fd-b3e4ae981cdd.html,政府网站
连云港,江苏省,贷款,人才青年上浮,支持,,https://www.lyg.gov.cn/zglygzfmhwz/zcwj_zffw/content/31386f0e-91e4-40f6-b8fd-b3e4ae981cdd.html,政府网站
连云港,江苏省,贷款,家庭共享额度代际互助,支持,,https://www.lyg.gov.cn/zglygzfmhwz/zcwj_zffw/content/31386f0e-91e4-40f6-b8fd-b3e4ae981cdd.html,政府网站
连云港,江苏省,贷款,商转公,支持,,https://www.lyg.gov.cn/zglygzfmhwz/zcwj_zffw/content/31386f0e-91e4-40f6-b8fd-b3e4ae981cdd.html,政府网站
连云港,江苏省,贷款,最长贷龄30年,支持,,https://www.lyg.gov.cn/zglygzfmhwz/zcwj_zffw/content/31386f0e-91e4-40f6-b8fd-b3e4ae981cdd.html,政府网站
连云港,江苏省,提取,购房一次性提取,支持,购建房提取总额不超实际支出，同一套房只能提一次且需同时一次性办理；本地商品房为《商品房买卖合同》备案之日起1年内，全款购房为满6个月后1年内。,,
连云港,江苏省,提取,租房提取限额,支持,市场租赁按家庭人数核定：一人户1007元/月、二人户1510元/月、三人及以上户1846元/月；高层次人才另加300-600元/月；保障性住房按实际房租全额提。,,
连云港,江苏省,提取,多孩租房上浮,支持,多孩家庭租房提取额度上浮20%，每人每年最高18000元（普通为15000元/年）；需提供户口簿或出生医学证明等亲子关系材料，年度总额内可多次提取。,,
连云港,江苏省,提取,加装电梯提取,支持,既有住宅增设电梯可提取，支持范围已扩至缴存人及其配偶、夫妻双方父母、子女及其配偶用于自住住房电梯新建和更新改造；2025年办理19笔、204万元。,,
连云港,江苏省,提取,车位购置提取,不支持,《连云港市住房公积金提取管理实施细则》列举的11项提取情形及《管理办法》第十六条9项情形中均无购买车位（库）；2026年4月优化政策也未新增。,,
连云港,江苏省,提取,大病救助提取,有条件支持,重大疾病按“遇到突发事件造成家庭生活严重困难”条款办理，可提取职工本人及配偶账户余额，额度不超近1年内个人实际支付的金额。 细则第九条明确突发事件含重大疾病，凭有效证明材料可提取本人及配偶公积金；可提取金额不超近1年内个人实际支付金额。旧版曾列明9类病种及自负超5万元。,,
连云港,江苏省,提取,既提又贷,支持,购买本市新建商品房的，缴存人可提取本人及配偶、父母、子女账户余额，提取总额与该套房贷款金额（含组合贷商贷部分）合计不超房屋总价；延至2027年6月30日。,,
连云港,江苏省,提取,首付直付,支持,继续实行提取住房公积金用于购房首付措施，已延至2027年6月30日；对公积金账户余额较多的缴存人及共有产权家庭成员，可在贷款前提取追加首付。,,
连云港,江苏省,提取,代际互助,支持,购买本市新建商品房的，缴存人可提取本人及配偶、父母、子女账户余额（阶段性政策执行至2027年6月30日）；加装和更新改造电梯可提子女及其配偶公积金。,,
连云港,江苏省,提取,按月冲还商贷,支持,"连云港2025年7月25日起正式启动""按月提取公积金还商贷""业务，商贷主借人或配偶（无未结清连云港公积金贷款）可登记后线上逐月或跳月提取，签署协议后每月自动划转偿还商贷本息。",,
连云港,江苏省,提取,物业费提取,未确认,连云港市住房公积金管理中心在江苏12345平台答复：暂未开通物业费提取公积金业务。中心表示将持续跟踪《住房公积金管理条例》修订进程及配套细则出台情况，及时研究制定自住住房物业费支付提取政策，出台后经官网、公众号发布。现行政策（2026年4月1日起执行的《关于优化住房公积金相关政策的通知》）仅涉政策延期、贷款额度、异地购房提取、全款购房提取时限，不含物业费。,,
连云港,江苏省,提取,住房装修提取,不支持,连云港市住房公积金管理中心2026年6月10日答复：无翻新的提取政策，只有关于翻建的提取政策。翻建需身份证、婚姻或家庭成员关系证明、不动产权证或国有土地使用证、《建设工程规划许可证》（或《乡村建设规划许可证》）、施工单位工程造价预算表及发票，于规划许可证发布之日起1年内办理，同一套房每人只能提取一次。装修、翻新不在可提取情形内。,,
连云港,江苏省,缴存-灵活就业,支持,,连云港市司法局《连云港市灵活就业人员参加住房公积金制度试点实施方案》,http://sfj.lyg.gov.cn/lygssfxzw/gfxwj/content/73b84265-88e0-450c-8ae3-b67c2a47e3d8.html,2025-06
连云港,江苏省,缴存-缓缴,支持,亏损企业确无能力按最低比例5%缴存的，须经职代会或工会审议通过并向中心提交材料，经批准后方可缓缴,连云港市人民政府《关于调整2026年度住房公积金缴存基数的通知》,https://www.lyg.gov.cn/zglygzfmhwz/sbjy/content/1003320003207002512300050.shtml,2026
镇江,江苏省,贷款,单双职工额度差异,支持,,https://www.zhenjiang.gov.cn/zhenjiang/bmxx/202412/24efbb8cf706461b853ac432d4072844.shtml,政府网站
镇江,江苏省,贷款,首套二套额度差异,不支持,,https://gjj.zhenjiang.gov.cn/zxxx/xwdt/202510/c6a3b7124af5448a84fc2f58e9056859.html,政府网站
镇江,江苏省,贷款,绿色建筑上浮,支持,,https://gjj.zhenjiang.gov.cn/zxxx/xwdt/202510/c6a3b7124af5448a84fc2f58e9056859.html,政府网站
镇江,江苏省,贷款,二孩家庭上浮,支持,,https://gjj.zhenjiang.gov.cn/zxxx/xwdt/202510/c6a3b7124af5448a84fc2f58e9056859.html,政府网站
镇江,江苏省,贷款,三孩家庭上浮,支持,,https://gjj.zhenjiang.gov.cn/zxxx/xwdt/202510/c6a3b7124af5448a84fc2f58e9056859.html,政府网站
镇江,江苏省,贷款,人才青年上浮,支持,,https://gjj.zhenjiang.gov.cn/zxxx/xwdt/202510/c6a3b7124af5448a84fc2f58e9056859.html,政府网站
镇江,江苏省,贷款,家庭共享额度代际互助,支持,,https://czj.zhenjiang.gov.cn/czj/xxgkzcjd/202607/8bf48604a0224d1a83ce909b8e0c9019.shtml,政府网站
镇江,江苏省,贷款,商转公,支持,,https://www.zhenjiang.gov.cn/zhenjiang/bmxx/202412/24efbb8cf706461b853ac432d4072844.shtml,政府网站
镇江,江苏省,贷款,最长贷龄30年,支持,,https://gjj.zhenjiang.gov.cn/zxxx/xwdt/202510/c6a3b7124af5448a84fc2f58e9056859.html,政府网站
镇江,江苏省,提取,购房一次性提取,支持,职工购买自住住房（含新房、二手房）可申请提取公积金账户余额；与直系亲属共同购房的，本人账户余额不足时共同购房人可申请提取其账户余额。,,
镇江,江苏省,提取,租房提取限额,支持,单身家庭每月最高1100元、年13200元；已婚（含单孩）每月2200元、年26400元；已婚多孩每月2600元、年31200元。年度累计不超限，次数不限。,,
镇江,江苏省,提取,多孩租房上浮,支持,在缴存地实际工作所在地无自有住房且租房的多子女家庭，连续足额缴存满3个月即可提取，每月最高2600元、年31200元，高于已婚家庭2200元/月标准。,,
镇江,江苏省,提取,加装电梯提取,支持,在本市范围内，职工自住住房电梯新建和更新改造的，职工本人、配偶及其双方父母均可申请提取住房公积金，用于支付电梯新建和更新改造个人分摊费用。,,
镇江,江苏省,提取,车位购置提取,不支持,《镇江市住房公积金提取实施细则》第五条列举的10类提取情形中无购买车位（库）；公积金中心明确公积金只能用于购房、房租、加装电梯等规定情形。,,
镇江,江苏省,提取,大病救助提取,有条件支持,限享受城市居民最低生活保障或特困职工家庭，夫妻一方或双方及其直系亲属患重病治疗、造成家庭生活严重困难的情形方可提取。 《镇江市住房公积金管理办法》第二十五条第3项：低保或特困职工家庭直系亲属患重病致生活严重困难可提取。2021年提取细则10类情形未单列大病，建议向中心确认。,,
镇江,江苏省,提取,既提又贷,支持,2026年5月1日起，缴存人购买新建自住商品房可申请提取公积金用于支付购房首付款，且提取后不影响贷款额度计算，实现既提取余额又申请公积金贷款。,,
镇江,江苏省,提取,首付直付,支持,2026年5月1日起，缴存职工购买新建自住商品房可直接提取公积金账户余额支付首付款，不再“先垫资、后提取”；新政首月25户家庭提取近300万元。,,
镇江,江苏省,提取,代际互助,有条件支持,限于与直系亲属共同购房、未成年子女及新就业人员单独购买首套自住住房、A-G类人才首次购本市自住住房等情形，父母或共同购房人方可提取。 与直系亲属共同购房的，本人余额不足时共同购房人可提取；未成年子女及新就业人员（放宽至10年）单独购首套住房的，父母可一次性提取；A-G类人才购房其父母也可提。,,
镇江,江苏省,提取,按月冲还商贷,有条件支持,"仅限已与公积金中心实现商贷数据共享的合作银行（具体名单见附件），且逐月提取还商贷须本人及配偶名下无公积金贷款、签约时账户留存1个月商贷月还额 镇江提供""逐月提取还商贷""及""补充逐月提取还商贷""业务，每月将公积金账户可用余额（不超上月商贷月还额）划入贷款银行卡；办理须在与中心联网共享商贷数据的合作银行申请。",,
镇江,江苏省,提取,物业费提取,支持,公积金缴存人每年可提取一次，用于支付镇江范围内已缴纳的近一年（当年或上一年度）自住住房物业费；有多套自住住房的，最多可选其中两套。每套每年最高不超过现行物业费最高标准（1.65元/㎡·月、可上浮20%即1.98元/㎡·月），实际缴费低于上限的按实提取。本人余额不足时配偶及共同购房的父母、子女可补足。需不动产权证、物业费发票、关系材料、身份证、I类储蓄卡。,,
镇江,江苏省,提取,住房装修提取,不支持,镇江市住房公积金管理中心答复：目前没有房屋内部装修的政策，无法提取公积金。现行可提取情形为购买、建造、翻建、大修自住住房、还贷、租房、离退休等，装修不在其中。大修须符合《房屋修缮范围和标准》界定（牵动或拆换部分主体构件、一次费用达同类结构新建造价25%以上），市区由中心委托中介机构上门查勘计价。2026年5月1日新政只新增物业费与首付提取，未涉及装修。,,
镇江,江苏省,缴存-灵活就业,支持,,镇江市住房公积金管理中心《灵活就业人员提取使用公积金更自由啦！》,https://gjj.zhenjiang.gov.cn/zxxx/xwdt/202607/b6ef4528c7c54565a7f7328ebce877be.html,2026-07
镇江,江苏省,缴存-缓缴,支持,发生严重亏损或停产半停产、经批准缓缴社保、上年度亏损或其他确有困难的单位，经职代会/工会通过并报中心、管委会审批可缓缴，期限不超过一年,镇江市住房公积金管理中心《镇江市住房公积金缴存实施细则》,https://gjj.zhenjiang.gov.cn/zcfg/202107/ee9a9fe6af72403d994510af2252a11b.html,2021
绍兴,浙江省,贷款,单双职工额度差异,支持,,https://gjj.sx.gov.cn/col/col1229319231/art/2026/art_7b0e348b2a8d43448c04455669a02320.html,政府网站
绍兴,浙江省,贷款,首套二套额度差异,不支持,,https://www.sx.gov.cn/col/col1229497321/art/2026/art_aa858ca00a98437a84750664e5dbdc39.html,政府网站
绍兴,浙江省,贷款,绿色建筑上浮,支持,,https://gjj.sx.gov.cn/col/col1229319231/art/2026/art_7b0e348b2a8d43448c04455669a02320.html,政府网站
绍兴,浙江省,贷款,二孩家庭上浮,支持,,https://gjj.sx.gov.cn/col/col1229319231/art/2026/art_7b0e348b2a8d43448c04455669a02320.html,政府网站
绍兴,浙江省,贷款,三孩家庭上浮,支持,,https://gjj.sx.gov.cn/col/col1229319231/art/2026/art_7b0e348b2a8d43448c04455669a02320.html,政府网站
绍兴,浙江省,贷款,人才青年上浮,支持,,https://gjj.sx.gov.cn/col/col1229319231/art/2026/art_7b0e348b2a8d43448c04455669a02320.html,政府网站
绍兴,浙江省,贷款,家庭共享额度代际互助,支持,,https://www.sx.gov.cn/col/col1229497321/art/2026/art_aa858ca00a98437a84750664e5dbdc39.html,政府网站
绍兴,浙江省,贷款,商转公,支持,,https://gjj.sx.gov.cn/art/2024/3/28/art_1229319231_4143106.html,政府网站
绍兴,浙江省,贷款,最长贷龄30年,支持,,https://gjj.sx.gov.cn/art/2022/5/31/art_1229442098_1868633.html,政府网站
绍兴,浙江省,提取,购房一次性提取,支持,2026年4月30日起，购房5年内可每年办理一次购房提取；购房超5年且从未办理购房提取的允许提取一次，累计提取总额不得超过实际支付的购房款。此前为5年内提取2次。,,
绍兴,浙江省,提取,租房提取限额,支持,2026年4月30日起租房提取额度由2000元/月·人上调至2500元/月·人（即3万元/年·人）；允许按年、按季、按月自由提取，每年最多不超过12次，惠及超4.9万名缴存职工。,,
绍兴,浙江省,提取,多孩租房上浮,支持,多孩家庭、高层次人才及青年人（35周岁以下）三类群体允许线下按实（实际租金）、按缴（近12个月缴存额）提取，不受2500元/月·人限额约束，并允许按月提取。,,
绍兴,浙江省,提取,加装电梯提取,支持,缴存职工、配偶或双方直系亲属对全市城镇国有土地四层及以上非单一产权多层住宅加装（或更新）电梯的，自验收合格之日起1年内可提取一次，累计不超家庭实际支付费用。,,
绍兴,浙江省,提取,大病救助提取,支持,缴存职工、配偶或双方直系亲属因恶性肿瘤、肾衰竭等重大疾病或遭遇突发事件造成家庭生活严重困难的可提取；医疗期间每年最多4次，累计不超实际支付的医疗费用。,,
绍兴,浙江省,提取,既提又贷,支持,《绍兴市住房公积金提取管理办法》第九条明确，购房提取累计金额不超实际支付购房款，申请住房贷款的以首付款金额为限，即购房时既可提取又可申请公积金贷款。,,
绍兴,浙江省,提取,首付直付,支持,支持提取公积金支付新建商品房、二手房首付款，变“先付后取”为“直转直付”，资金打入第三方监管账户，过户完成后划转至卖房人账户，最长不超过2个工作日。,,
绍兴,浙江省,提取,代际互助,支持,购房（含建造、翻建、大修）、还贷、既有住宅加装（或更新）电梯提取对象由缴存职工或直系亲属扩大至共有产权人或共同还款人的直系亲属；未提足的可提取双方父母或子女公积金。,,
绍兴,浙江省,提取,按月冲还商贷,有条件支持,"仅限工商银行、农业银行、中国银行、建设银行、绍兴银行（因银行数据共享受限），且须为绍兴市域内购房贷款 绍兴""无忧还贷""按月提取转账业务支持纯商贷按月转账（每月10日前到账），突破了商贷原先只能一年取一次的做法；目前受银行数据共享受限，仅限工行、农行、中行、建行、绍兴银行。",,
绍兴,浙江省,提取,物业费提取,支持,缴存职工及配偶缴纳绍兴市行政区域内自住住房物业费的，每年可提取1次，无需等待房贷结清；累计提取金额不超过一套自住住房一年实缴物业费，且最高不超过10000元/年·户，本人及配偶仅限提取同一套自住住房的物业费。材料：身份证明、物业费发票、不动产权证书，夫妻双方提取另需关系证明；可共享数据的免提供。,,
绍兴,浙江省,提取,住房装修提取,支持,以“更新改造（装修）提取”办理：自住住房须在绍兴市域内，且购房3年内、或购房超3年且房龄15年以上；缴存职工或配偶全国范围内无未结清公积金贷款，或月缴存额大于月还款额。按2000元/平方米提取，每套最高限额25万元；同一家庭仅可选1套办理1次，同一住房因交易提取间隔不少于3年。房屋仅限夫妻名下，农村自建房不适用。凭购房合同、不动产权证即可，无需装修合同发票。,,
绍兴,浙江省,提取,车位购置提取,支持,新购绍兴市行政区域内自住住房附属地下室、车位（库）的费用纳入购房提取范围。,,
绍兴,浙江省,缴存-灵活就业,支持,,绍兴市人民政府《绍兴市灵活就业人员缴存使用住房公积金管理办法(试行)》通知,https://www.sx.gov.cn/col/col1229558675/art/2024/art_ac699d25897d940df695c1f27c7ec380.html,2024-04
绍兴,浙江省,缴存-缓缴,支持,单位因经营亏损等原因造成缴存困难，经职代会或工会讨论通过并经中心或分中心审批后可缓缴。,绍兴市住房公积金管理中心《绍兴市住房公积金归集业务实施细则(试行)》通知,https://gjj.sx.gov.cn/art/2023/6/21/art_1229442098_1885012.html,2023-06
嘉兴,浙江省,贷款,单双职工额度差异,支持,,https://gjj.jiaxing.gov.cn/art/2025/10/22/art_1229564151_2578013.html,政府网站
嘉兴,浙江省,贷款,首套二套额度差异,支持,首套首次申请贷款额度上浮（单人65万元、双人130万元），二套不享受该上浮,https://gjj.jiaxing.gov.cn/art/2024/8/14/art_1229564144_2527240.html,政府网站
嘉兴,浙江省,贷款,绿色建筑上浮,支持,,https://gjj.jiaxing.gov.cn/art/2025/10/22/art_1229564151_2578013.html,政府网站
嘉兴,浙江省,贷款,二孩家庭上浮,支持,,https://gjj.jiaxing.gov.cn/art/2025/10/22/art_1229564151_2578013.html,政府网站
嘉兴,浙江省,贷款,三孩家庭上浮,支持,,https://gjj.jiaxing.gov.cn/art/2025/10/22/art_1229564151_2578013.html,政府网站
嘉兴,浙江省,贷款,人才青年上浮,支持,,https://gjj.jgswj.zj.gov.cn/art/2025/6/13/art_1229443506_13149.html,政府网站
嘉兴,浙江省,贷款,家庭共享额度代际互助,支持,,https://gjj.jiaxing.gov.cn/art/2024/8/14/art_1229452611_2527238.html,政府网站
嘉兴,浙江省,贷款,商转公,支持,,https://gjj.jiaxing.gov.cn/art/2024/8/14/art_1229452611_2527238.html,政府网站
嘉兴,浙江省,贷款,最长贷龄30年,支持,,https://www.sohu.com/a/235571711_578928,其他新闻
嘉兴,浙江省,提取,购房一次性提取,支持,2026年3月16日起，缴存人家庭购买自住住房可多次申请提取本人、配偶及直系亲属账户余额，一个自然年度提取一次，累计购房提取额不得超过购房总价。,,
嘉兴,浙江省,提取,租房提取限额,支持,在我市缴存住房公积金、无自有住房且租赁住房的，租房提取最高可提取1500元/月；2025年10月试点推出住房公积金直接支付人才公寓租金的“直付模式”，按月自动支付。,,
嘉兴,浙江省,提取,多孩租房上浮,支持,在我市无自有住房且租赁住房的二孩及以上家庭，实际房租支出超过1500元/月限额标准的，可按实际房租支出或月缴存额提取本人及配偶的住房公积金，需窗口办理并提供租金凭证。,,
嘉兴,浙江省,提取,加装电梯提取,支持,《嘉兴市住房公积金提取管理实施细则》将“既有住宅加装电梯或住宅老旧电梯更新”列为可提取情形；2025年全市办理老旧电梯更新提取27.14万元，并持续深化推广。,,
嘉兴,浙江省,提取,车位购置提取,未确认,嘉兴2026年3月16日新政及人大提案答复列举的提取情形中均未见车位（库）购置，仅物业费提取额度可含车位管理费；是否单独放开购买车位提取未查到官方口径。,,
嘉兴,浙江省,提取,大病救助提取,支持,实施细则第十二条明确，完全或者大部分丧失劳动能力以及遇到其他突发事件造成家庭生活严重困难（含缴存人本人、配偶、未成年子女患重大疾病造成家庭严重困难）的可申请提取。,,
嘉兴,浙江省,提取,既提又贷,支持,2026年3月16日起购房可多次提取本人、配偶及直系亲属账户余额，一个自然年度一次；如申请公积金贷款，累计购房提取总额与公积金贷款金额合计不得超过购房总价。,,
嘉兴,浙江省,提取,首付直付,支持,2023年、2025年分别出台政策支持购买新建商品住房、二手房的缴存人直接提取本人及配偶账户内公积金支付首付款；截至2026年3月底已办理1435笔、提取金额2.67亿元。,,
嘉兴,浙江省,提取,代际互助,支持,2026年3月16日起，购买自住住房可多次申请提取缴存人本人、配偶及直系亲属的住房公积金账户余额，一个自然年度提取一次，累计购房提取额不得超过购房总价。,,
嘉兴,浙江省,提取,按月冲还商贷,有条件支持,须为在公积金中心受托银行系统范围内申请的商贷、所购住房在本人或配偶户籍地/缴存地，且本人及配偶均无住房公积金贷款余额 嘉兴出台《职工偿还商业性个人住房贷款委托按月提取住房公积金实施办法》，次月15日按上月实际还款额从公积金账户划转；须商贷在本中心受托银行范围内、所购住房在户籍地或缴存地，且本人及配偶无公积金贷款余额。,,
嘉兴,浙江省,提取,物业费提取,支持,缴存人家庭无未结清公积金贷款的，本人及配偶可凭嘉兴市行政区域内多套自有住房的不动产权证书或备案合同、物业服务费发票提取，费用含物业费、垃圾清运费、车位管理费。一个自然年度每人限一次，多套房须合并一次办理、不得分次，合计不超过实际支付的不超过12个月物业费总额。首次申请或新增多套须到线下窗口办理，可现场签约按年委托提取。,,
嘉兴,浙江省,提取,住房装修提取,有条件支持,未开放普通全屋装修，仅有「房屋局部改造」通道：范围限于门窗（含阳台封窗）、卫生洁具、橱柜等项目。除改造房屋外无其他未结清公积金贷款方可申请，凭不动产权证书或备案合同、购买支付凭证（须注明购买人、房屋地址、品类、价格、时间）及现场施工照片到窗口办理并签承诺书，中心60天内完成审批。每家庭限一套、每人限一次，总额不超过5万元，暂定实施至2026年12月31日。 未开放普通全屋装修，仅有「房屋局部改造」通道：范围限于门窗（含阳台封窗）、卫生洁具、橱柜等项目。除改造房屋外无其他未结清公积金贷款方可申请，凭不动产权证书或备案合同、购买支付凭证（须注明购买人、房屋地址、品类、价格、时间）及现场施工照片到窗口办理并签承诺书，中心60天内完成审批。每家庭限一套、每人限一次，总额不超过5万元，暂定实施至2026年12月31日。,,
嘉兴,浙江省,缴存-灵活就业,支持,,嘉兴市住房公积金管理服务中心《嘉兴市灵活就业人员缴存和使用住房公积金管理办法》通知,https://gjj.jiaxing.gov.cn/art/2024/8/7/art_1229564144_2400475.html,2024-08
嘉兴,浙江省,缴存-缓缴,支持,濒临破产、已停产或已依法批准缓缴社会保险费的单位，经职代会或工会讨论通过并报公积金管理部门审批后可缓缴。,嘉兴市住房公积金管理服务中心《嘉兴市住房公积金缴存管理实施细则》等三个细则通知,https://gjj.jiaxing.gov.cn/art/2024/8/14/art_1229564144_2527240.html,2024-08
金华,浙江省,贷款,单双职工额度差异,支持,,http://jsj.jinhua.gov.cn/col/col1229168704/art/2026/art_8cb5939cea204c1aa092207257345b1d.html,政府网站
金华,浙江省,贷款,首套二套额度差异,不支持,,http://jsj.jinhua.gov.cn/col/col1229168704/art/2026/art_8cb5939cea204c1aa092207257345b1d.html,政府网站
金华,浙江省,贷款,绿色建筑上浮,支持,,http://jsj.jinhua.gov.cn/col/col1229168704/art/2026/art_8cb5939cea204c1aa092207257345b1d.html,政府网站
金华,浙江省,贷款,二孩家庭上浮,支持,,http://jsj.jinhua.gov.cn/col/col1229168704/art/2026/art_8cb5939cea204c1aa092207257345b1d.html,政府网站
金华,浙江省,贷款,三孩家庭上浮,支持,,http://jsj.jinhua.gov.cn/col/col1229168704/art/2026/art_8cb5939cea204c1aa092207257345b1d.html,政府网站
金华,浙江省,贷款,人才青年上浮,支持,,http://jsj.jinhua.gov.cn/col/col1229168704/art/2026/art_8cb5939cea204c1aa092207257345b1d.html,政府网站
金华,浙江省,贷款,家庭共享额度代际互助,支持,,https://www.0579fw.com/fczt/goufangzhengce/zc03.html,其他新闻
金华,浙江省,贷款,商转公,支持,,http://zfgjj.jinhua.gov.cn/art/2023/10/12/art_1229174529_1798506.html,政府网站
金华,浙江省,贷款,最长贷龄30年,支持,,http://zfgjj.jinhua.gov.cn/col/col1229168257/art/2025/art_1229168257_58719287.html,政府网站
金华,浙江省,提取,购房一次性提取,支持,购买自住住房可提取账户余额，累计不超过实际支付的购房款；2026年2月11日起放宽时间限制，凭有效购建房材料可不受时间限制提取一次。,,
金华,浙江省,提取,租房提取限额,支持,2024年9月2日起每户家庭最高提取额度为36000元/年（3000元/月），取消提取次数限制；符合条件的缴存人可按实际房租支出提取或直接支付房租。,,
金华,浙江省,提取,多孩租房上浮,有条件支持,金华市级对多孩家庭按实际房租支出据实提取；下辖义乌市明确二孩、三孩家庭租房提取额度上浮50% 多孩家庭租房可按实际房租支出提取，不受月缴存额与限额约束；义乌市标准2000元/月，二孩三孩家庭上浮50%即3000元/月、36000元/年。,,
金华,浙江省,提取,加装电梯提取,支持,既有住宅加装（或更新）电梯可提取，累计提取金额不超过实际支付的改造费用；本人及配偶余额不足时可提取父母、子女账户余额。,,
金华,浙江省,提取,车位购置提取,有条件支持,金华市级办法未将车位列入提取情形；下辖义乌市允许购置住宅所在小区车库（位）提取 义乌市规定在义乌市行政区域内购置住宅所在小区的车库（位）可提取，本人及配偶、父母、子女均可提取，提取总额不超过车库实际支付费用。,,
金华,浙江省,提取,大病救助提取,支持,遭遇突发事件或因重大疾病造成家庭生活严重困难可提取，提取金额不超过实际自付费用；本人账户余额不足时可提取配偶账户余额。,,
金华,浙江省,提取,既提又贷,支持,提取支付二手房购房款首付的同时，满足贷款条件并预留足额账户余额的，仍可申请公积金贷款，提取金额与贷款额合计不超过房屋总价。,,
金华,浙江省,提取,首付直付,支持,新房自2024年3月18日、二手房自2025年3月14日起可提取公积金直接支付首付款；二手房采用预申请锁定额度，过户后直接划转至卖方账户。,,
金华,浙江省,提取,代际互助,支持,购房、偿还贷款本息、加装电梯时，本人及配偶余额不足可提取父母、子女账户余额；2026年浙江多地新政将范围扩至配偶父母、子女配偶。,,
金华,浙江省,提取,按月冲还商贷,支持,"金华商贷及组合贷商贷部分均可申请""每月一提""，签订协议次月生效，每月20日前核定提取额并转账至借款人还款账户；已实现委办银行商贷还贷提取全覆盖，截至2024年6月已有4.2万户商贷按月提取。",,
金华,浙江省,提取,物业费提取,支持,缴存人及配偶在金华市行政区域内拥有自住住房的，可按每户家庭每年不超过10000元标准提取用于支付物业费，每年一次，且不超过账户余额。条件为家庭名下无未结清公积金贷款，或有未结清贷款（含组合贷款）但已办理按月提取还贷业务。需提供本人身份证、本人名下I类借记卡、不动产权证书（配偶提取另需结婚证），可经浙里办APP或线下公积金窗口办理。,,
金华,浙江省,提取,住房装修提取,有条件支持,金华市本级（婺城、金东等）未出台装修提取细则，下辖义乌市已实施：对义乌市行政区域内首次办理不动产权登记满5周年（含）以上的自住住房装修的，缴存人及配偶可凭购房合同或不动产权证、装修（服务）合同、税务发票提取，合计不超过装修实际费用且最高不超过50万元（含）。每家庭限一套、每人限一次，配偶提取需提供结婚证，暂定实施至2026年12月31日。 金华市本级（婺城、金东等）未出台装修提取细则，下辖义乌市已实施：对义乌市行政区域内首次办理不动产权登记满5周年（含）以上的自住住房装修的，缴存人及配偶可凭购房合同或不动产权证、装修（服务）合同、税务发票提取，合计不超过装修实际费用且最高不超过50万元（含）。每家庭限一套、每人限一次，配偶提取需提供结婚证，暂定实施至2026年12月31日。,,
金华,浙江省,缴存-灵活就业,支持,,金华市住房公积金管理中心《金华市灵活就业人员住房公积金缴存使用暂行办法》政策解读,http://zfgjj.jinhua.gov.cn/art/2022/8/12/art_1229174531_1787282.html,2022-08
金华,浙江省,缴存-缓缴,支持,单位因经营亏损等原因缴存确有困难，经职代会或工会讨论通过并报市住房公积金管理委员会审批后可缓缴。,金华市住房公积金管理委员会关于印发《金华市住房公积金缴存管理办法》等三个办法的通知,http://zfgjj.jinhua.gov.cn/art/2025/9/22/art_1229174529_1831595.html,2025-09
台州,浙江省,贷款,单双职工额度差异,支持,单方缴存最高70万元、双方缴存最高130万元,https://gjj.zjtz.gov.cn/art/2024/10/30/art_1229569132_1714886.html,政府网站
台州,浙江省,贷款,首套二套额度差异,支持,,https://www.zjtz.gov.cn/col/col1229795687/art/2026/art_e68b5d18e67540beb7ffcd5934044f7e.html,政府网站
台州,浙江省,贷款,绿色建筑上浮,支持,购买星级及以上绿色建筑贷款额度上浮10%,https://www.zjtz.gov.cn/art/2025/3/25/art_1229193993_1717909.html,政府网站
台州,浙江省,贷款,二孩家庭上浮,支持,二孩家庭贷款额度上浮30%,https://www.zjtz.gov.cn/art/2025/3/25/art_1229193993_1717909.html,政府网站
台州,浙江省,贷款,三孩家庭上浮,支持,三孩及以上家庭贷款额度上浮50%,https://www.zjtz.gov.cn/art/2025/3/25/art_1229193993_1717909.html,政府网站
台州,浙江省,贷款,人才青年上浮,支持,40周岁以下青年人才首套贷款额度上浮30%,https://www.zjtz.gov.cn/art/2025/3/25/art_1229193993_1717909.html,政府网站
台州,浙江省,贷款,家庭共享额度代际互助,支持,允许父母子女代际互助提取或共同申请,https://gjj.zjtz.gov.cn/art/2022/7/21/art_1229574868_1676945.html,政府网站
台州,浙江省,贷款,商转公,支持,允许商业贷款转公积金贷款,https://gjj.zjtz.gov.cn/art/2024/3/29/art_1229574868_1692467.html,政府网站
台州,浙江省,贷款,最长贷龄30年,支持,最长贷款期限30年,https://www.zjtz.gov.cn/art/2022/3/28/art_1229193993_1673693.html,政府网站
台州,浙江省,提取,购房一次性提取,支持,购买期房、二手房可提取，累计不超过房屋总价；2016年1月1日后购房且未申请公积金贷款的，2026年3月23日起可按实际需求多次提取，累计达购房总价终止。,,
台州,浙江省,提取,租房提取限额,支持,2026年3月23日起无房职工租赁住房提取标准调整为2100元/月，一年内可多次提取；按实际市场租赁的，可按照实际租房年租金支出金额提取。,,
台州,浙江省,提取,多孩租房上浮,支持,定额市场租赁提取标准为1800元/月·人，多孩家庭可上浮50%（即2700元/月·人）；非台州户籍或40周岁以下新市民、青年人可按实际月缴存额全额提取。,,
台州,浙江省,提取,加装电梯提取,支持,既有多层住宅加装、更新电梯验收合格后，业主可提取本人及配偶、父母、子女住房公积金，不超过个人出资金额，限验收合格后12个月内办理。,,
台州,浙江省,提取,车位购置提取,支持,2026年3月23日起，购买自住住房时同小区储藏室、车位、车库等辅助用途房费用可纳入购房总价提取；2016年1月1日后购房的可分类各补提取一次。,,
台州,浙江省,提取,大病救助提取,支持,本人、配偶、父母或子女患重大疾病可每年提取一次，限额不超过近12个月个人实际承担医疗费用总额；病种含恶性肿瘤、尿毒症等8类或年费用超8万元。,,
台州,浙江省,提取,既提又贷,有条件支持,购房提取须在申请公积金贷款（期房）或贷款发放（二手房）之前办理，未申请贷款的可提取购房之日起36个月内余额 细则明确申请住房公积金贷款的，须在申请贷款前办理购房提取；2026年新政进一步放宽未贷款情形，2016年后购房未贷款的可多次提取至累计达购房总价。,,
台州,浙江省,提取,首付直付,支持,《台州市住房公积金提取管理实施细则》第七条明确，购买新建商品房和二手房可提取住房公积金直接支付购房首付，覆盖新房与存量二手房交易场景。,,
台州,浙江省,提取,代际互助,支持,购买、建造、翻建、大修自住住房及偿还住房贷款本息，本人余额不足的均可按配偶、父母、子女顺序提取；加装电梯与老旧小区改造亦允许父母、子女提取。,,
台州,浙江省,提取,按月冲还商贷,有条件支持,仅限台州市内合作银行（中行、农行、建行、交行、邮储等）发放的商业性住房贷款，且须与公积金中心签订《委托按月提取住房公积金还贷协议书》。 2024年12月10日起施行的《台州市住房公积金委托按月提取还贷管理办法》将委托按月提取还贷的贷款范围由公积金贷款扩大至“台州市内合作银行商业性住房贷款”和省内公积金贷款；签约次月起，中心按借款人上月实际还贷额从委托人公积金账户划转至指定银行账户，余额不足按可提取额划转、不足100元暂停。此前纯商业住房贷款还贷提取为1年1次。,,
台州,浙江省,提取,物业费提取,支持,提取公积金可用于支付台州市行政区域内自住住房物业管理费，提取金额不超过实际支付的各年度物业管理费用；允许多年度费用同时提取（以往年度未提的可一并补提），同一张物业管理费发票同一职工限提取1次。需凭物业管理费发票申请，适用范围限台州市域内自住住房。,,
台州,浙江省,提取,住房装修提取,有条件支持,以“支持旧房自主更新”名义办理，可用于旧房改造、重新装修、适老化改造：持有台州市行政区域内自住住房满10年（自办理不动产权证起算）且未出售的，可提取账户余额，限额为1000元/平方米×不动产权证记载建筑面积，同一套住房同一职工限提1次，名下多套符合条件的可分别申请。仅需提供不动产权证，无需装修合同发票。房龄不足10年的新房装修不适用。 以“支持旧房自主更新”名义办理，可用于旧房改造、重新装修、适老化改造：持有台州市行政区域内自住住房满10年（自办理不动产权证起算）且未出售的，可提取账户余额，限额为1000元/平方米×不动产权证记载建筑面积，同一套住房同一职工限提1次，名下多套符合条件的可分别申请。仅需提供不动产权证，无需装修合同发票。房龄不足10年的新房装修不适用。,,
台州,浙江省,缴存-灵活就业,有条件支持,男性未满60周岁、女性未满50周岁，且需在台州市连续正常缴存城镇职工养老保险满2年,台州市住房公积金管理中心《台州市自由职业者个人缴存和使用住房公积金管理办法》,https://www.zjtz.gov.cn/art/2020/3/24/art_1229193993_1092830.html,2020-03
台州,浙江省,缴存-缓缴,支持,,台州市住房公积金管理中心《台州市住房公积金缴存管理实施细则》,https://www.zjtz.gov.cn/art/2021/3/16/art_1229193993_1638079.html,2021-03
衢州,浙江省,贷款,单双职工额度差异,支持,,https://www.qz.gov.cn/col/col1229040189/art/2026/art_571e893aa0e247ba85ef8a70b6a83969.html,政府网站
衢州,浙江省,贷款,首套二套额度差异,不支持,,https://www.qz.gov.cn/col/col1229040189/art/2026/art_571e893aa0e247ba85ef8a70b6a83969.html,政府网站
衢州,浙江省,贷款,绿色建筑上浮,有条件支持,购买符合好房子设计条件或超144平方米大户型且连续缴存5年以上、余额超30万元、月缴存超5000元的，可首付后全额贷,https://www.qz.gov.cn/col/col1229040189/art/2026/art_571e893aa0e247ba85ef8a70b6a83969.html,政府网站
衢州,浙江省,贷款,二孩家庭上浮,支持,,https://www.qz.gov.cn/col/col1229040189/art/2026/art_571e893aa0e247ba85ef8a70b6a83969.html,政府网站
衢州,浙江省,贷款,三孩家庭上浮,支持,,https://www.qz.gov.cn/col/col1229040189/art/2026/art_571e893aa0e247ba85ef8a70b6a83969.html,政府网站
衢州,浙江省,贷款,人才青年上浮,支持,,https://qz.china.com.cn/2026-04/03/content_43390809.shtml,其他新闻
衢州,浙江省,贷款,家庭共享额度代际互助,支持,,https://www.qz.gov.cn/col/col1229040189/art/2026/art_571e893aa0e247ba85ef8a70b6a83969.html,政府网站
衢州,浙江省,贷款,商转公,支持,,https://qz.china.com.cn/2026-04/03/content_43390809.shtml,其他新闻
衢州,浙江省,贷款,最长贷龄30年,有条件支持,贷款期限按借款人年龄核定，一般不超过68周岁（不固定30年封顶）,https://www.qz.gov.cn/col/col1229040189/art/2026/art_571e893aa0e247ba85ef8a70b6a83969.html,政府网站
衢州,浙江省,提取,购房一次性提取,支持,购买自住住房可提取，额度为提取时个人账户内存储余额，同一套住房只能提取一次且不超过房款总额；2026年新政将购房提取时限延长至24个月。,,
衢州,浙江省,提取,租房提取限额,支持,租住商品住房的，12个月内本人及配偶合计最高24000元（2000元/月）且不超过当年缴存额；租住公租房按实际房租支出全额提取。,,
衢州,浙江省,提取,多孩租房上浮,支持,二孩、三孩无房家庭租房提取限额上浮50%，最高3000元/月；同时取消多孩家庭租房提取不得超过夫妻双方月缴存额的限制。,,
衢州,浙江省,提取,加装电梯提取,支持,缴存职工本人、配偶及其父母、子女既有住宅加装电梯，竣工验收且档案归档后可提取，合计不超过家庭实际分摊支付费用，限档案接收证明开具后12个月内。,,
衢州,浙江省,提取,车位购置提取,支持,2026年4月20日起，在衢州市范围内购买车库、车位、储藏室可申请提取住房公积金，提取时限为相关凭证出具后24个月内。,,
衢州,浙江省,提取,大病救助提取,支持,本人、配偶及其父母、子女因恶性肿瘤、尿毒症等10类重大疾病造成家庭生活严重困难的，可每年提取一次，不超过年度内自负医疗费用。,,
衢州,浙江省,提取,既提又贷,支持,办理公积金贷款前未购房提取的，可在网签合同备案时间6个月内申请购房提取，且该套住房购房提取金额与贷款金额之和不超过房屋总价。,,
衢州,浙江省,提取,首付直付,支持,新建商品房由“先付后取”优化为“即取即付”，可提取本人及直系亲属余额直接支付首付；二手房亦可提取支付首付，2025年办理373笔共7000余万元。,,
衢州,浙江省,提取,代际互助,支持,购房、建造、翻建、大修自住住房提取本人及配偶余额后不足的，可提取双方父母、子女及子女配偶账户余额；子女在户籍地、工作地购房父母亦可提取。,,
衢州,浙江省,提取,按月冲还商贷,支持,"衢州2026年4月20日起施行的《关于调整优化住房公积金若干政策的通知》明确""支持提取公积金归还商业贷款，可按月、季、年提取公积金""，取消原12个月提取间隔限制，商贷可按月提取；若有未结清公积金贷款，还贷提取仅限于偿还该笔公积金贷款（含组合贷）。",,
衢州,浙江省,提取,物业费提取,支持,职工本人及配偶无未结清公积金贷款的，每年只能选择一套住房申请提取支付物业费，两次提取间隔不少于12个月，金额不超过当年实际缴纳的物业费，最高按住宅建筑面积每月2元/㎡计算。租赁住房且合同明确物业费由承租人缴纳的也可提取。需提供身份证、本人国有银行储蓄卡、购房合同或不动产权证、物业费合法票据，配偶提取另需配偶身份证及结婚证，租房的另需无房证明。,,
衢州,浙江省,提取,住房装修提取,有条件支持,未开放普通全屋装修，仅有两条通道：一是「住房更新或适老化改造」提取——持有衢州市范围自住住房且无未结清公积金贷款、购房（建房）满10年（含）以上（限一套），缴存人及配偶可提取一次最近12个月的缴存额，最多可提2次；二是「住房消费提取」——购买单品2000元至10万元的家电家具后，凭当年度衢州消费补助材料提取一次。两项不可叠加，个贷率超95%时暂停执行。 未开放普通全屋装修，仅有两条通道：一是「住房更新或适老化改造」提取——持有衢州市范围自住住房且无未结清公积金贷款、购房（建房）满10年（含）以上（限一套），缴存人及配偶可提取一次最近12个月的缴存额，最多可提2次；二是「住房消费提取」——购买单品2000元至10万元的家电家具后，凭当年度衢州消费补助材料提取一次。两项不可叠加，个贷率超95%时暂停执行。,,
衢州,浙江省,缴存-灵活就业,支持,,衢州市人民政府《衢州市灵活就业人员参加住房公积金制度试点方案》通知(衢政发〔2025〕11号),https://www.qz.gov.cn/col/col1229855432/d10q/szfwj/art/2025/art_3860e20ef2404fbe9305a0afec3a4032.html,2025-10
衢州,浙江省,缴存-缓缴,支持,单位经营亏损、不能正常发放工资且职工月平均工资低于上一年度当地职工月平均工资50%，经职代会或工会讨论通过可申请缓缴。,衢州市人民政府《衢州市住房公积金缴存管理实施细则》及规范性文件征求意见结果反馈,https://www.qz.gov.cn/art/2023/5/17/art_1229596715_48092.html,2023-05
湖州,浙江省,贷款,单双职工额度差异,不支持,"2025-09-30新政明确""不再区分单双职工""",http://hufdc.huzhou.gov.cn/news.jspx?contentid=28283397&categoryid=14,政府网站
湖州,浙江省,贷款,首套二套额度差异,支持,首套按账户余额18倍、二套按12倍计算额度,http://hufdc.huzhou.gov.cn/news.jspx?contentid=28283397&categoryid=14,政府网站
湖州,浙江省,贷款,绿色建筑上浮,支持,购买绿色建筑或高品质住宅贷款额度上浮30%,http://hufdc.huzhou.gov.cn/news.jspx?contentid=28283397&categoryid=14、https://hzgjj.huzhou.gov.cn/art/2022/11/24/art_1229208881_54664999.html,政府网站
湖州,浙江省,贷款,二孩家庭上浮,支持,多子女家庭首套上浮30%、二套上浮20%，最高91万/84万,https://m.thepaper.cn/detail/31864746,官媒
湖州,浙江省,贷款,三孩家庭上浮,支持,多孩家庭含三孩，适用首套上浮30%、二套20%政策,https://www.mohurd.gov.cn/xinwen/dfxx/art/2026/art_fcdaa8d4efb240619fbbae7a44f75a3b.html,政府网站
湖州,浙江省,贷款,人才青年上浮,支持,新就业大学生、引进人才首套贷款额度上浮30%,https://hzgjj.huzhou.gov.cn/col/col1229208758/art/2025/art_17172e731d7049c0a00cb3d306ea9ead.html,政府网站
湖州,浙江省,贷款,家庭共享额度代际互助,支持,允许直系亲属（父母、子女）互助提取公积金,http://hufdc.huzhou.gov.cn/news.jspx?contentid=28283397&categoryid=14,政府网站
湖州,浙江省,贷款,商转公,支持,允许商业贷款转公积金贷款,https://hzgjj.huzhou.gov.cn/art/2023/4/18/art_1229208804_58883596.html,政府网站
湖州,浙江省,贷款,最长贷龄30年,支持,最长贷款期限30年，延长至男68周岁、女63周岁,http://hufdc.huzhou.gov.cn/news.jspx?contentid=28283397&categoryid=14、https://hzgjj.huzhou.gov.cn/art/2021/12/31/art_1229208766_54668717.html,政府网站
湖州,浙江省,提取,购房一次性提取,支持,购买、建造、翻建、大修自住住房可提取账户余额；以“房票”等拆迁补偿款购房视同首付款，住房公积金提取与贷款金额累计不超过所购住房总价。,,
湖州,浙江省,提取,租房提取限额,支持,在我市无自有产权住房的按每人每月1500元标准提取，2024年4月起取消不得超过月缴存额限制，实现按需提取；多子女家庭另按实际租金支出提取。,,
湖州,浙江省,提取,多孩租房上浮,支持,多子女家庭租房可按实际租金支出提取住房公积金，不受每人每月1500元限额限制；一般缴存人仍执行1500元/月标准。,,
湖州,浙江省,提取,加装电梯提取,支持,既有住宅加装电梯（含共享电梯）可提取；按年或按月支付电梯使用费的按当年实际使用费提取，买断终身使用权的按实际支出提取，可提取直系亲属余额。,,
湖州,浙江省,提取,车位购置提取,有条件支持,须为与自住住房在同一小区内、具有独立产权且非商业性质的车库、车位、储藏室 湖州公积金政策解答明确，购买车库、车位、储藏室等可提取住房公积金，但必须与自住住房在同一小区内，且具有独立产权、非商业性质。,,
湖州,浙江省,提取,大病救助提取,支持,缴存人患大病或发生重大伤害可提取住房公积金；2025年全市共办理大病提取174笔、金额511.26万元，公积金使用已延伸至医疗健康等民生领域。,,
湖州,浙江省,提取,既提又贷,支持,2025年1月1日起购买新建商品房可提取本人及配偶余额支付首付款，申请办理住房公积金贷款的，提取金额与贷款金额合计不超过所购房屋总金额。,,
湖州,浙江省,提取,首付直付,支持,公积金中心审核出具查询单后，申请人委托开发企业代办，中心核实后将提取金额直接打入开发企业预售资金监管账户（现售房打入企业基本收款账户）。,,
湖州,浙江省,提取,代际互助,支持,购买首套自住住房或建造、翻建、大修及加装电梯，本人及配偶余额不足可提取直系亲属（父母、子女）余额；2025年9月30日起取消保留6个月缴存额限制。,,
湖州,浙江省,提取,按月冲还商贷,支持,湖州市公积金中心2023年2月推出“委托按月提取公积金偿还商业性个人住房贷款”业务，签订委托协议后次月起按月自动提取账户余额偿还商贷本息。须为与公积金系统联网银行（17家）的商贷，账户保留月缴存额6倍，购房须在浙江省内或省外的公积金缴存地/户籍地。,,
湖州,浙江省,提取,物业费提取,支持,申请人及配偶无公积金贷款或已还清的（有未结清贷款的只能按冲还贷执行），可提取支付湖州市行政区域内一套自住住房的物业费（含同小区汽车库或车位），按房屋实际建筑面积2元/㎡/月标准、每年可提12个月，无需提供物业费发票。夫妻不能重复提取，共有房屋只能由一方提取。身份、房屋权属、婚姻信息通过数据共享获取，可经浙里办APP、市民服务中心或银行延伸网点办理。,,
湖州,浙江省,提取,住房装修提取,不支持,湖州目前不办理装修提取。市住房公积金管理中心2026年5月答复市人大建议时明确，对开展装修提取公积金业务将根据房地产形势变化及中心资金情况适时研究及探索。现行可提取情形为购买、建造、翻建、大修自住住房、偿还贷款本息、租房、支付物业费、加装电梯，及2026年4月新增的契税与住宅专项维修资金提取等，不含装修；建造、翻建、大修仍可提取，其中大修须经房屋安全鉴定。,,
湖州,浙江省,缴存-灵活就业,支持,,湖州市住房公积金管理中心《湖州市灵活就业人员参加住房公积金制度试点缴存管理实施细则》等通知,https://hzgjj.huzhou.gov.cn/art/2023/8/31/art_1229515808_1672597.html,2023-08
湖州,浙江省,缴存-缓缴,支持,经营发生亏损、职工月平均工资低于上一年度全市职工月平均工资50%的单位，经职代会或工会讨论通过并报管委会批准可暂缓缴存(缓缴)。,湖州市住房公积金管理中心《关于规范和阶段性适当降低住房公积金缴存比例的通知》(湖公积金发〔2016〕22号),https://hzgjj.huzhou.gov.cn/art/2017/4/18/art_1229515808_1633753.html,2017-04
舟山,浙江省,贷款,单双职工额度差异,支持,单方缴存最低15万、双方缴存最低25万；现行首套80万/二套60万,http://m.zhoushan.bendibao.com/live/988.shtm,其他新闻
舟山,浙江省,贷款,首套二套额度差异,支持,首套最高80万、二套最高60万,https://zsgjj.zhoushan.gov.cn/art/2025/3/24/art_1229663034_1665635.html,政府网站
舟山,浙江省,贷款,绿色建筑上浮,支持,"绿色低碳建筑贷款额度上浮20%；购买""好房子""上浮50%",https://zsgjj.zhoushan.gov.cn/art/2023/8/30/art_1229339704_1656863.html、https://www.zhoushan.gov.cn/col/col1229748024/art/2026/art_da03cd3f821a4657aad84cdfe5e0614e.html,政府网站
舟山,浙江省,贷款,二孩家庭上浮,支持,二孩家庭贷款额度上浮20%,https://zszjj.zhoushan.gov.cn/col/col1518890/art/2026/art_3cb68432baff4b8c8a8f922cbfd39cad.html,政府网站
舟山,浙江省,贷款,三孩家庭上浮,支持,三孩家庭贷款额度上浮50%,https://zsgjj.zhoushan.gov.cn/art/2025/7/8/art_1229339704_1666352.html,政府网站
舟山,浙江省,贷款,人才青年上浮,支持,新市民、青年人、产业工人首套上浮20%，人才上浮50%,https://zsgjj.zhoushan.gov.cn/art/2025/7/8/art_1229339704_1666352.html,政府网站
舟山,浙江省,贷款,家庭共享额度代际互助,支持,父母公积金助力子女购房，偿还贷款可提直系亲属公积金,https://zsgjj.zhoushan.gov.cn/col/col1570144/art/2026/art_d138d95727e545748770a951ca5d4561.html,政府网站
舟山,浙江省,贷款,商转公,支持,未结清原商贷即可办理商转公,https://zsgjj.zhoushan.gov.cn/col/col1570144/art/2026/art_d138d95727e545748770a951ca5d4561.html,政府网站
舟山,浙江省,贷款,最长贷龄30年,支持,最长30年，延长至退休后5年，二手房房龄+贷龄≤40年,https://baike.sogou.com/v102397718.htm、http://m.zhoushan.bendibao.com/live/988.shtm,其他新闻
舟山,浙江省,提取,购房一次性提取,支持,购买具有自有产权的普通自住住房可提取本人及配偶账户余额，职工本人及配偶、父母、子女累计提取总额不得超过所购住房支付的总价款。,,
舟山,浙江省,提取,租房提取限额,支持,单职工家庭最高月提取额1400元、双职工家庭2880元；2024年8月30日起新市民与35周岁以下青年人可按实际租金支出提取，超额部分需提供租金发票。,,
舟山,浙江省,提取,多孩租房上浮,有条件支持,多孩家庭可按实际房租支出据实提取，突破原1400元/2880元的月限额 新市民、青年人、多孩家庭等群体可按实际房租支出提取住房公积金，并自主选择按年或按月提取，不再受原单职工1400元/月、双职工2880元/月上限约束。,,
舟山,浙江省,提取,加装电梯提取,支持,既有住宅加装电梯及住宅老旧电梯更新可提取，所有权人及配偶在规划许可证发证后两年内可提取一次，额度不超过实际分摊的加装费用。,,
舟山,浙江省,提取,车位购置提取,未确认,未检索到舟山市关于购买车位（库）提取住房公积金的明确规定。舟山市2026年新政仅新增装修提取、“好房子”贷款额度上浮等内容，未见车位提取条款。,,
舟山,浙江省,提取,大病救助提取,支持,职工本人、配偶及无经济来源的子女身患重大疾病或发生重大伤害事故造成家庭生活严重困难的可提取，但办理时本人或配偶不得有未结清住房贷款。,,
舟山,浙江省,提取,既提又贷,支持,购买二手房可提取公积金支付首付款，且申请人合计提取总额与住房公积金贷款额合计不得超过房屋总价，实现提取与贷款并行办理。,,
舟山,浙江省,提取,首付直付,支持,2023年10月起新建商品房、2025年2月13日起二手房均可预申请锁定额度，完成过户后公积金中心直接将资金划转至出卖方收款账户，无需先垫付首付。,,
舟山,浙江省,提取,代际互助,支持,购建房本人余额不足可提取配偶、父母、子女余额；2025年起偿还自住住房贷款可每年提取一次本人及配偶直系亲属（父母、子女）余额，累计不超贷款本息总额。,,
舟山,浙江省,提取,按月冲还商贷,支持,舟山自2016年1月起推出“职工按月提取公积金偿还商业性住房贷款”业务，签订委托协议次月起执行，每月自动划付至还款账户。2023年11月起取消保底余额要求。须正常还贷6个月以上且无逾期；纯公积金贷款未结清前不能办商贷抵扣，组合贷须先办公积金贷款抵扣。,,
舟山,浙江省,提取,物业费提取,支持,缴存人本人及配偶可提取公积金支付舟山市行政区域内自有住房自2025年度起的物业费，每个家庭限一套住房，按实际支付的年度物业费提取，每年最高不超过10000元，需提供物业费发票。可按年度单独提取，也可合并提取自2025年起多个年度的费用。偿还贷款提取后账户仍有余额的，可凭物业费发票、不动产权证再提取。须线下到各级公积金中心服务大厅办理。,,
舟山,浙江省,提取,住房装修提取,支持,无公积金贷款，或月缴存额大于等于月还款额的缴存人，其舟山市行政区域内自住住房房龄满8年（含）以上（2018年以前建成，按房屋建成年份而非购房时间认定）的，可申请一次性提取本人及配偶账户余额支付装修费用。额度按不动产权证登记面积每平方米2000元计算（100平方米最高20万元），每个家庭限一套，不动产权证可共享获取的无需提供。暂定实施至2026年12月31日。,,
舟山,浙江省,缴存-灵活就业,支持,,舟山市住房公积金管理中心《舟山市灵活就业人员住房公积金缴存与使用管理办法》通知,https://zsgjj.zhoushan.gov.cn/art/2023/10/27/art_1229339704_1659181.html,2023-10
舟山,浙江省,缴存-缓缴,支持,企业因严重亏损等原因缴存住房公积金有困难的，经职代会或工会讨论通过并报住房委员会批准可缓缴。,舟山市住房公积金管理中心发布《浙江省住房公积金条例》,https://zsgjj.zhoushan.gov.cn/art/2023/3/3/art_1229339700_1653893.html,2023-03
合肥,安徽省,贷款,单双职工额度差异,支持,,https://www.hefei.gov.cn/zwgk/public/13811/111322921.html,政府网站
合肥,安徽省,贷款,首套二套额度差异,不支持,,https://www.hefei.gov.cn/zwgk/public/13811/111322921.html,政府网站
合肥,安徽省,贷款,绿色建筑上浮,支持,,https://gjjzx.hefei.gov.cn/public/4311/109318445.html,政府网站
合肥,安徽省,贷款,二孩家庭上浮,支持,,https://www.hefei.gov.cn/zwgk/public/13811/111322921.html,政府网站
合肥,安徽省,贷款,三孩家庭上浮,支持,,https://www.hefei.gov.cn/zwgk/public/13811/111322921.html,政府网站
合肥,安徽省,贷款,人才青年上浮,支持,,https://www.hfxf.gov.cn/rsks/ysfwsc/18679097.html,政府网站
合肥,安徽省,贷款,家庭共享额度代际互助,支持,,https://sgj.ah.gov.cn/content/article/80754636,政府网站
合肥,安徽省,贷款,商转公,支持,,https://gjjzx.hefei.gov.cn/public/4311/111701317.html,政府网站
合肥,安徽省,贷款,最长贷龄30年,支持,,https://gjjzx.hefei.gov.cn/public/4311/105386431.html,政府网站
合肥,安徽省,提取,购房一次性提取,支持,购自住住房可一次性提取本人及配偶账户余额，本人、配偶及产权共有人合计提取额不超过实际已支付房款，提取金额取至百元整。,,
合肥,安徽省,提取,租房提取限额,支持,连续足额缴存满3个月且本市无房，单身职工1500元/月、年不超18000元；已婚家庭3000元/月、年不超36000元，每月可提一次，金额取至百元。,,
合肥,安徽省,提取,多孩租房上浮,支持,多子女家庭（二孩及以上且有未成年子女）租房提取限额按现行标准上浮50%：已婚4500元/月、年54000元，单身2250元/月、年27000元。,,
合肥,安徽省,提取,加装电梯提取,支持,既有住宅加装电梯、电梯更新，竣工验收使用后两年内一次性提取，本人及配偶、父母（含双方父母）、子女合计不超过实际支付费用，政府补贴部分需扣减。,,
合肥,安徽省,提取,车位购置提取,不支持,合肥现行提取情形未纳入购买车位、车库、储藏室；2026年扩大提取范围仅新增物业费、城市更新住房改造、契税、住宅专项维修资金、重大疾病五类。,,
合肥,安徽省,提取,大病救助提取,支持,本人及配偶、父母、子女住院治疗35类重大疾病可提取，额度不超账户余额且不超费用清单自付部分，每年度一次；35类病种自2026年5月9日起执行。,,
合肥,安徽省,提取,既提又贷,支持,可先提取账户余额（含直接支付首付款）再就同一套住房申请公积金贷款；但合肥贷款额度与账户缴存余额挂钩，提取后余额下降会影响可贷额度。,,
合肥,安徽省,提取,首付直付,支持,购买合肥市新建商品住房可提取本人及配偶公积金支付首付款，中心按委托书将资金直接转入商品房预售资金监管账户，不超账户余额且不超首付款金额。,,
合肥,安徽省,提取,代际互助,支持,2026年12月31日前在合肥购自住住房，双方父母、子女无需产权也可提取：全款不超已付全部房款，按揭不超已付首付款；新购新房时父母子女还可提取直接付首付。,,
合肥,安徽省,提取,按月冲还商贷,支持,合肥推出偿还公积金贷款、商业贷款、组合贷款提取“随心取”服务，将还贷提取由每年一次放宽至每月一次；商贷还款后可每月申请提取一次，21家联机银行（建行、工行、交行等）可线上无纸化办理，非联机银行可柜台办理。,,
合肥,安徽省,提取,物业费提取,支持,缴存人及其配偶可提取公积金支付合肥市行政区域内自有住房物业费。单身缴存人或已婚家庭每年累计不超过4200元，可多次提取、每月不超过一次，提取金额取至百元整。材料仅需身份证明、婚姻证明文书、一类银行储蓄卡；房产信息以大数据核查为准，核不到的需提供不动产权证及不动产登记查询结果至柜面。已办还贷提取的仍可申办。,,
合肥,安徽省,提取,住房装修提取,不支持,合肥未开通面向普通缴存人的全屋装修提取，仅可走“城市更新住房改造提取”：项目限城市危险住房解危处置、城镇老旧小区改造、既有住宅电梯加装与更新四类，提取人为缴存人及配偶、父母、子女，额度不超过个人账户余额且合计不超过个人实际支付费用（有政府补贴需扣减），危旧房改造、加装电梯均在费用票据或竣工验收起两年内一次性提取。另大修须C级或D级危房鉴定。 合肥未开通面向普通缴存人的全屋装修提取，仅可走“城市更新住房改造提取”：项目限城市危险住房解危处置、城镇老旧小区改造、既有住宅电梯加装与更新四类，提取人为缴存人及配偶、父母、子女，额度不超过个人账户余额且合计不超过个人实际支付费用（有政府补贴需扣减），危旧房改造、加装电梯均在费用票据或竣工验收起两年内一次性提取。另大修须C级或D级危房鉴定。,,
合肥,安徽省,缴存-灵活就业,支持,,合肥市人民政府公报——关于优化住房公积金政策的通知（合金管办〔2024〕6号）,https://www.hefei.gov.cn/group1/M00/8B/03/wKgEHmeA1luAY6XrAERCKT-wOc0022.pdf,2024-10-23
合肥,安徽省,缴存-缓缴,支持,,安徽省人民政府——缴存单位降低住房公积金缴存比例或缓缴的审核（省直分中心）,https://www.ah.gov.cn/site/tpl/7091?cswd=2222&ssqdId=4028e69e9483137f0195266729f45e81&ssqdCode=fabde3aa69754a11aefa934a5f67e5e0&activeId=6785131,
芜湖,安徽省,贷款,单双职工额度差异,支持,单身最高70万元，双缴存（家庭）最高90万元,https://www.wuhu.gov.cn/openness/zfgb/40147954.html,政府网站
芜湖,安徽省,贷款,首套二套额度差异,支持,首套与二套最高贷款额度不同（首贷家庭90万、二次80万）,https://www.wuhu.gov.cn/openness/zfgb/40147954.html,政府网站
芜湖,安徽省,贷款,绿色建筑上浮,支持,购买一星级及以上绿色建筑贷款额度上浮20%,https://www.wuhu.gov.cn/openness/zfgb/40147954.html,政府网站
芜湖,安徽省,贷款,二孩家庭上浮,支持,多子女家庭贷款额度上浮20%,https://www.wuhu.gov.cn/openness/zfgb/40147954.html,政府网站
芜湖,安徽省,贷款,三孩家庭上浮,支持,多子女（三孩）家庭贷款额度上浮20%,https://www.wuhu.gov.cn/openness/zfgb/40147954.html,政府网站
芜湖,安徽省,贷款,人才青年上浮,支持,人才、青年人才贷款额度上浮,https://www.wuhu.gov.cn/openness/zfgb/40147954.html,政府网站
芜湖,安徽省,贷款,家庭共享额度代际互助,支持,支持缴存人共济使用双方父母及子女公积金可贷额度（房金委〔2025〕2号）,https://www.wuhu.gov.cn/openness/zfgb/40147954.html,政府网站
芜湖,安徽省,贷款,商转公,支持,办理商业贷款转公积金贷款,https://www.wuhu.gov.cn/openness/zfgb/40147954.html,政府网站
芜湖,安徽省,贷款,最长贷龄30年,支持,贷款期限最长30年,https://www.wuhu.gov.cn/openness/public/6596211/31831021.html,政府网站
芜湖,安徽省,提取,购房一次性提取,支持,购房合同签订之日起12个月内可申请提取一次：全款购房不超购房金额，商业按揭不超首付款金额，产权共有人按所占份额计算。,,
芜湖,安徽省,提取,租房提取限额,支持,连续足额缴存3个月且本市无房，每月可提一次，单身职工年最高12000元、已婚家庭年最高24000元；新市民、青年人可按不超上月本人月缴存额提取。,,
芜湖,安徽省,提取,多孩租房上浮,支持,多子女家庭（三孩及以上）无自有住房租房的可按实际支付租金提取，不受现行最高额度限制；未超限额可线上无要件办理，超额部分需柜面提供租赁合同及发票。,,
芜湖,安徽省,提取,加装电梯提取,支持,老旧小区加装电梯，竣工验收后自费用发票开具之日起12个月内一次性提取，额度不超本户应分摊费用；父母名下住宅加装电梯且父母均未缴存的，子女也可提取。,,
芜湖,安徽省,提取,车位购置提取,不支持,芜湖市现行提取业务规范列明15类提取情形，未包含购买车位、车库、储藏室；2026年4月扩大提取范围新增的亦为自主更新、适老化、适幼化等改造类。,,
芜湖,安徽省,提取,大病救助提取,支持,本人、配偶、直系亲属（含父母、子女）患10类重大疾病，或一年内自付医疗费超2万元的其他重疾，可提取本人账户，每12个月一次，不超医保报销后自付金额。,,
芜湖,安徽省,提取,既提又贷,有条件支持,需申请首次公积金贷款购买该套住房的，账户须预留贷款额度10% 购房提取与公积金贷款可同时办理：需申请首次公积金贷款的，提取额不超首付款金额且个人账户余额应预留公积金贷款额度的10%。,,
芜湖,安徽省,提取,首付直付,支持,首次申请公积金贷款购本市新建商品住房，可提取本人及配偶账户余额付首付，中心当场办结后直接将资金转入开发企业商品房预售资金监管账户；原文件已公告再延续3年。,,
芜湖,安徽省,提取,代际互助,支持,2025年4月1日起购本市新建商品住房，本人及配偶提取不足的，直系亲属（子女、双方父母）可申请购房首付款提取和每年还贷提取；另可共济使用双方父母及子女可贷额度。,,
芜湖,安徽省,提取,按月冲还商贷,有条件支持,仅限与中心实现商贷数据共享的合作银行（最初8家，后扩展至14家商业银行） 芜湖市2023年10月开通委托划转住房公积金偿还商业性个人住房贷款业务，可按月划转公积金至还款卡，划转金额不超过上月实际商贷还款本息；仅支持已实现商贷数据共享的合作银行。,,
芜湖,安徽省,提取,物业费提取,不支持,芜湖市住房公积金管理中心现行《住房公积金政策及常见问题解答汇编》列举提取情形共19类（购房、还贷、租房、退休、离职、丧失劳动能力、出境定居、死亡、重大疾病、自建翻建、大修、拆迁安置增购、增设电梯、新市民青年人、商贷按月划转、城市更新住房改造、住房安全管理、适老化、适幼化），清单不含支付物业费；全文检索无“物业费”字样。,,
芜湖,安徽省,提取,住房装修提取,有条件支持,普通全屋装修不可提取：公积金中心明确答复“装修自有住房不符合提取要求，无法申请提取”，仅可走大修，须安全鉴定达C级或D级并提供《房屋安全鉴定报告》。但2026年4月7日起设有“城市更新住房改造提取”：名下芜湖市住房建成满15年，或鉴定使用性为Cs/Css级并改造更新的，本人及直系亲属可提取，额度为建筑面积×1000元/㎡、最高10万元，同一套住房仅一次。 普通全屋装修不可提取：公积金中心明确答复“装修自有住房不符合提取要求，无法申请提取”，仅可走大修，须安全鉴定达C级或D级并提供《房屋安全鉴定报告》。但2026年4月7日起设有“城市更新住房改造提取”：名下芜湖市住房建成满15年，或鉴定使用性为Cs/Css级并改造更新的，本人及直系亲属可提取，额度为建筑面积×1000元/㎡、最高10万元，同一套住房仅一次。,,
芜湖,安徽省,缴存-灵活就业,支持,,芜湖市住房公积金管理中心—关于印发《芜湖市灵活就业人员住房公积金管理办法》的通知,https://gjj.wuhu.gov.cn/openness/public/6596901/39444852.html,2024-07
芜湖,安徽省,缴存-缓缴,支持,单位缴存住房公积金确有困难，经职工代表大会或工会讨论通过，公积金中心审核、管委会批准后可降低比例或缓缴,芜湖市住房公积金管理中心—常见问题解答(2022年第6期),https://gjj.wuhu.gov.cn/openness/public/6596901/40070375.html,2022-06
淮南,安徽省,贷款,单双职工额度差异,支持,单身最高50万元（2026年提至70万），双缴存最高65万元（提至80万）,https://gjj.huainan.gov.cn/public/118319869/1260268435.html,政府网站
淮南,安徽省,贷款,首套二套额度差异,支持,首套与二套贷款额度不同,https://gjj.huainan.gov.cn/public/118319869/1260268435.html,政府网站
淮南,安徽省,贷款,绿色建筑上浮,支持,购买星级绿色建筑贷款额度上浮20%（一/二/三星统一20%）,https://gjj.huainan.gov.cn/public/118319869/1260268435.html,政府网站
淮南,安徽省,贷款,二孩家庭上浮,支持,二孩家庭贷款额度上浮20%,https://gjj.huainan.gov.cn/public/118319869/1260268435.html,政府网站
淮南,安徽省,贷款,三孩家庭上浮,支持,三孩家庭贷款额度上浮20%,https://gjj.huainan.gov.cn/public/118319869/1260268435.html,政府网站
淮南,安徽省,贷款,人才青年上浮,支持,专科以上人才贷款额度不与账户余额挂钩（上浮支持）,https://gjj.huainan.gov.cn/public/118319869/1260268435.html,政府网站
淮南,安徽省,贷款,家庭共享额度代际互助,支持,允许父母子女代际互助提取公积金,https://www.huainan.gov.cn/zwgk/bmdt/1260902501.html,政府网站
淮南,安徽省,贷款,商转公,支持,恢复商业贷款转公积金贷款,https://www.huainan.gov.cn/zwgk/jrhn/1259587067.html,政府网站
淮南,安徽省,贷款,最长贷龄30年,支持,贷款期限最长30年（借款人年龄不超过68周岁）,https://gjj.huainan.gov.cn/public/118319869/1260268435.html,政府网站
淮南,安徽省,提取,购房一次性提取,支持,购买、建造、翻建、大修自住住房自情形发生之日起两年内办理，本人、配偶、家庭成员及产权共有人累计提取额不大于实际支出。,,
淮南,安徽省,提取,租房提取限额,支持,本市无房租住商品住房的提取额为1200元/月、每年度不超14400元，可按年、按季、按月提取；新市民青年人可全额提取月缴存额，公租房按实际租金提取。,,
淮南,安徽省,提取,多孩租房上浮,支持,多子女家庭租房提取额度在1200元/月基础上上浮20%，即每月1440元、每年度不超过17280元；需提供多子女证明材料。,,
淮南,安徽省,提取,加装电梯提取,支持,本市既有住宅增设电梯，本人及配偶可提取支付自住住房及双方父母自住住房的个人分摊费用，电梯竣工验收后一年内一次性提取，不超过该户实际支付费用。,,
淮南,安徽省,提取,大病救助提取,支持,发生危重疾病及其他突发事件造成家庭生活严重困难的可提取住房公积金，提取额不得超过上一年度个人应负担的治疗费用总额。,,
淮南,安徽省,提取,既提又贷,支持,如申请住房公积金贷款的，提取额与贷款额之和不得超过房屋总价，即允许先提取再贷款，但两者合计受房屋总价约束。,,
淮南,安徽省,提取,首付直付,支持,本市公积金缴存职工支付不低于两万元购房定金后，可提取住房公积金余额作为购房首付款；房屋产权共有人及直系亲属（父母、子女）均可参与提取。,,
淮南,安徽省,提取,代际互助,支持,2026年4月1日起支持直系亲属（父母、子女）互助还贷提取：本人及配偶提取不足时父母子女可每年提取一次，累计不超实际还款本息；购房提取亦含家庭成员。,,
淮南,安徽省,提取,按月冲还商贷,有条件支持,仅限已实现商贷数据共享的银行（已开通邮储银行、招商银行等） 淮南市开通住房公积金偿还商贷委托划转业务，签约后当月办理次月生效，按月自动划转公积金至还款账户用于偿还商贷本息；目前仅支持邮储银行、招商银行等已实现数据共享的银行，后续逐步扩大范围。,,
淮南,安徽省,提取,物业费提取,支持,持有淮南市行政区域内住宅的缴存人可提取公积金支付物业费。提取金额=建筑面积×1.26元/㎡×12个月，每个家庭每年可提取一次；物业费标准高于1.26元/㎡的，需提供缴纳物业费发票申请提取。自2026年4月1日起实施。政策附风险条款：如遇国家、省政策调整或个贷率超出合理区间、出现资金流动性不足等风险，可暂停执行或适时调整。,,
淮南,安徽省,提取,住房装修提取,支持,持有淮南市行政区域内房屋产权满5年及以上的房屋产权人及其配偶，可提取一次住房公积金用于自住住房装修，提取金额按房屋面积计算，每平方米不超过2000元（文件未另设总额上限）。申请人须为该房屋产权人或其配偶，同一套住房限提取一次。该政策与物业费、适老化改造、产权车位提取同批自2026年4月1日起实施。,,
淮南,安徽省,提取,车位购置提取,支持,2026年4月1日起支持购买产权车位提取：缴存人购买本市行政区域内住宅配套产权车位的，自取得有效凭证之日起5年内可一次性提取支付车位款。,,
淮南,安徽省,缴存-灵活就业,有条件支持,年龄限制：年满18周岁、男性未满55周岁、女性未满50周岁，在淮南市域内就业且具合法稳定收入来源、信用良好,淮南市住房公积金管理中心—关于印发淮南市灵活就业人员缴存使用住房公积金相关政策的通知,https://gjj.huainan.gov.cn/public/118319869/1259938007.html,2023-12
淮南,安徽省,缴存-缓缴,支持,单位缴存住房公积金确有困难，经职工代表大会或工会讨论通过，公积金中心审核、管委会批准后可降低比例或缓缴，期限一年,淮南市住房公积金管理中心—淮南市住房公积金归集管理办法,https://hn.ahzwfw.gov.cn/bog-bsdt/static/workProcess/components/applicationMaterial.html?ssqdCode=f04da9debe1542afabbe5aac22aee3ab&ssqdId=4028e69f901629080190481053683b5f&typeSipe=btnSkip,
马鞍山,安徽省,贷款,单双职工额度差异,支持,单身最高70万元，双缴存最高100万元,https://masgjj.mas.gov.cn/zcfg/zxwj/2006119971.html,政府网站
马鞍山,安徽省,贷款,首套二套额度差异,支持,首套与二套最高贷款额度及利率不同,https://masgjj.mas.gov.cn/zcfg/zxwj/2006119971.html,政府网站
马鞍山,安徽省,贷款,绿色建筑上浮,支持,购买一星级绿色建筑贷款额度上浮20%,https://masgjj.mas.gov.cn/zcfg/zxwj/2006119971.html,政府网站
马鞍山,安徽省,贷款,二孩家庭上浮,支持,二孩家庭最高贷款额度增加10万元,https://masgjj.mas.gov.cn/zcfg/zxwj/2006119971.html,政府网站
马鞍山,安徽省,贷款,三孩家庭上浮,支持,三孩家庭最高贷款额度增加20万元,https://masgjj.mas.gov.cn/zcfg/zxwj/2006119971.html,政府网站
马鞍山,安徽省,贷款,人才青年上浮,支持,本科最高120万元，硕士/博士最高160万元,https://masgjj.mas.gov.cn/zcfg/zxwj/2006119971.html,政府网站
马鞍山,安徽省,贷款,家庭共享额度代际互助,有条件支持,阶段性支持父母子女一次性提取住房公积金（非长期固定政策）,https://masgjj.mas.gov.cn/zcfg/zxwj/2006119971.html,政府网站
马鞍山,安徽省,贷款,商转公,支持,2025年6月启动新一轮商转公,https://masgjj.mas.gov.cn/zcfg/zxwj/2006010401.html,政府网站
马鞍山,安徽省,贷款,最长贷龄30年,支持,贷款期限最长30年,https://www.mas.gov.cn/smxs/site/tpl/13414641?postId=124288241,政府网站
马鞍山,安徽省,提取,购房一次性提取,支持,购买商品房、经济适用房、拆迁安置房、配售型保障性住房及二手房，提取金额不超过提取当月个人账户余额；购房提取最大金额不超房价总额减去贷款差额。,,
马鞍山,安徽省,提取,租房提取限额,支持,2024年12月5日起，无房职工租房提取额度未婚职工由1000元/月提高至1500元/月、已婚家庭由1500元/月提高至2500元/月；新市民、青年人可全额提取本人月缴存额。,,
马鞍山,安徽省,提取,多孩租房上浮,支持,多子女家庭符合租房提取条件的，支持按实际房租支出提取住房公积金，突破未婚1500元/月、已婚2500元/月的固定限额。,,
马鞍山,安徽省,提取,加装电梯提取,支持,本人、配偶名下住宅加装电梯可提取，夫妻双方父母名下住宅加装电梯也可提取夫妻双方公积金；最大金额不超加装电梯费用扣除政策补贴、住宅专项维修资金后的分摊额。,,
马鞍山,安徽省,提取,车位购置提取,支持,2026年1月15日起，缴存职工在我市购买商品住房的配套车位，可申请提取一次住房公积金，提取金额不超过实际支付的车位款。,,
马鞍山,安徽省,提取,大病救助提取,支持,职工本人、配偶及未成年子女患重大疾病（参照市医保规定病种）造成家庭严重困难可一次性提取本人及配偶公积金；父母患重疾的，子女提取额不超赡养义务应分担比例。,,
马鞍山,安徽省,提取,既提又贷,支持,提取公积金支付新建商品住房、现售商品住房和二手住房首付款后，仍可就同一套住房申请公积金贷款；购房提取最大金额按房价总额减去贷款差额（即应付首付款）核定。,,
马鞍山,安徽省,提取,首付直付,支持,2026年8月1日起，购买本市现售商品住房和二手住房，缴存人及配偶、父母、子女可申请提取公积金支付首付款，中心核验交易信息后即时将资金转入约定卖方收款账户。,,
马鞍山,安徽省,提取,代际互助,支持,支持父母子女间代际互助提取的情形共7类：购买自住住房、偿还住房贷款、缴纳契税及维修基金、缴纳物业费、重大疾病等突发事件、支付新建住房首付款、支付现售及二手房首付款。,,
马鞍山,安徽省,提取,按月冲还商贷,支持,马鞍山市2021年7月率先在全省开通商贷委托划转业务，按月或按年自动划转公积金偿还商贷；至2022年11月全市15家受托银行全部上线。纯商贷且月还款额不超过公积金月缴存额即可办理按月划转（组合贷视账户余额可按月或按年）。,,
马鞍山,安徽省,提取,物业费提取,支持,缴存职工缴纳住房物业费可每年申请提取一次住房公积金，提取金额=房屋面积×1.32元/㎡×12个月；实际缴纳物业费高于1.32元/㎡标准的，可凭当年度物业费发票申请提取，单套住房每年最高提取额度不超过5000元。物业费亦属本市支持父母子女间代际互助提取的五种情形之一。本通知自2026年1月15日起施行，有效期暂定一年。,,
马鞍山,安徽省,提取,住房装修提取,支持,缴存职工在马鞍山市已购自住住房且该套住房当前仍在名下的，可提取一次公积金用于房屋装修，单套提取金额不超过建筑面积×2500元/㎡。实行“无证明化”极简办理，无需装修合同、建材发票等第三方证明材料，申请材料为身份证、一类银行卡、婚姻证明、本市住房不动产权证书，线下窗口即申即办、秒批秒到。属安徽省内首创，自2026年1月15日起施行，有效期暂定一年。,,
马鞍山,安徽省,缴存-灵活就业,支持,,马鞍山市住房公积金管理中心—马金委〔2025〕3号 关于印发《马鞍山市灵活就业人员住房公积金管理暂行规定》的通知,https://masgjj.mas.gov.cn/zcfg/zxwj/2005861061.html,2025-03
马鞍山,安徽省,缴存-缓缴,支持,连续两年亏损、正常缴存有困难的单位，经职工代表大会或工会讨论通过，报管委会授权公积金中心审批后可降低比例或缓缴，期限每次不超过1年,马鞍山市人民政府—关于印发马鞍山市住房公积金归集管理办法的通知,https://www.mas.gov.cn/xxgk/zfgb/detail/63760fc2c6f3b3d30497c895.html,2026-04
安庆,安徽省,贷款,单双职工额度差异,支持,单身最高70万元，双缴存最高80万元,https://gjj.anqing.gov.cn/ywzl/tqyw/2003906451.html,政府网站
安庆,安徽省,贷款,首套二套额度差异,支持,首次住房公积金贷款在基准上增加10万元额度,https://gjj.anqing.gov.cn/ywzl/tqyw/2003906451.html,政府网站
安庆,安徽省,贷款,绿色建筑上浮,支持,购买绿色建筑贷款额度上浮20%,https://gjj.anqing.gov.cn/ywzl/tqyw/2003906451.html,政府网站
安庆,安徽省,贷款,二孩家庭上浮,支持,二孩家庭上浮20%（双缴存最高96万、单缴存84万）,https://gjj.anqing.gov.cn/ywzl/tqyw/2003906451.html,政府网站
安庆,安徽省,贷款,三孩家庭上浮,支持,三孩（多子女）家庭适用上浮政策,https://gjj.anqing.gov.cn/ywzl/tqyw/2003906451.html,政府网站
安庆,安徽省,贷款,人才青年上浮,支持,大专及以上人才贷款额度上浮20%,https://gjj.anqing.gov.cn/ywzl/tqyw/2003906451.html,政府网站
安庆,安徽省,贷款,家庭共享额度代际互助,支持,允许父母子女代际互助（还贷互助提取）,https://www.susong.gov.cn/public/2000003901/2030124841.html,政府网站
安庆,安徽省,贷款,商转公,支持,以贷还贷方式办理商转公,https://gjj.anqing.gov.cn/ywzl/tqyw/2003906451.html,政府网站
安庆,安徽省,贷款,最长贷龄30年,支持,贷款期限最长30年（可至借款人68周岁）,https://www.anqing.gov.cn/public/4018368/2007259367.html,政府网站
安庆,安徽省,提取,购房一次性提取,支持,未申办个人住房贷款的，缴存人本人及配偶在购建和大修住房五年内可按年提取，额度不超过总购房款；购买自住商品房首付款比例达15%即可提取。,,
安庆,安徽省,提取,租房提取限额,支持,2025年10月1日起，缴存人及配偶在本市无自有住房租赁商品住房的，租房提取上限由14400元/年提高至18000元/年；新市民、青年人不超当年度汇缴金额。,,
安庆,安徽省,提取,多孩租房上浮,支持,多子女家庭（一对夫妻生育二个及以上子女且至少一子女未满18周岁）租房提取上限由21600元/年提高至27000元/年，即以每月1800元为最高限额。,,
安庆,安徽省,提取,加装电梯提取,支持,2026年4月1日起优化：缴存人、配偶及双方父母既有住宅加装电梯及老旧电梯更新改造的，自竣工验收之日起5年内可一次性提取，不超实际分摊金额（扣除政府补贴）。,,
安庆,安徽省,提取,车位购置提取,支持,2026年4月1日起，缴存人及配偶名下有自住住房的可一次或分次提取购买自住住房配套车位，每户累计不超5万元、时限不超3年；名下无房仅购车位不可提取。,,
安庆,安徽省,提取,大病救助提取,支持,缴存人及家庭成员（配偶、父母、子女）患9类重大疾病造成家庭严重困难的，可按年提取，提取额度不超过医保报销后自费部分金额。,,
安庆,安徽省,提取,既提又贷,支持,购房提取公积金总金额（含本人、配偶、父母、子女）与贷款金额之和不得超过所购住房的总房款，即允许既提取又贷款但受总房款约束。,,
安庆,安徽省,提取,首付直付,支持,2025年9月9日起，购买本市自住新建商品住房可提取本人、配偶、父母、子女公积金直接支付购房首付款，累计不超总房款；二手房、自建房暂不适用。,,
安庆,安徽省,提取,代际互助,支持,购房可一次性提取父母、子女公积金支付购房款；还贷时本人及配偶提取不足的，父母子女可每年提取一次（不超前12个月实际还贷本息），结清贷款时可一次性提取余额。,,
安庆,安徽省,提取,按月冲还商贷,有条件支持,仅限已与中心实现商贷数据共享的合作银行（已扩至工行、邮储、农行、招行、徽商、建行、交行、农商行、广发、中行、中信、浦发等多家） 安庆市2025年4月29日推出“委托按月划转住房公积金偿还个人住房商业贷款”业务，签约后每月按上月商贷实际还款额自动划转至还款卡；仅限已授权并成功从银行获取共享数据的商贷，且申请人（含配偶）无未结清公积金贷款（同套房组合贷除外）。,,
安庆,安徽省,提取,物业费提取,支持,缴存人可提取住房公积金支付住房物业费，每年提取一次，须在取得物业费发票一年内办理；本人及配偶合计提取额不超过发票总金额，且最高不超过5000元。不限定物业费所属年份，但应严格审核发票信息，相同年份不得重复提取。材料为缴存人身份证、婚姻状况证明（结婚证或婚姻状况声明书）、一类银行卡、不动产权证书（首次提取时提供）、物业费发票。,,
安庆,安徽省,提取,住房装修提取,支持,缴存人及配偶名下有自住住房的，可提取住房公积金支付自住住房装修费用，自首次申请办理装修提取业务之日起3年内，可一次或分次提取，累计提取金额不超过20万元。材料为缴存人身份证、婚姻状况证明、一类银行卡、自住住房不动产权证书（首次提取时提供），无需装修合同与发票。附暂停条款：安庆市住房公积金个贷率高于90%时，停止实施本条政策。,,
安庆,安徽省,缴存-灵活就业,有条件支持,需在我市以个人身份缴纳城镇职工养老保险半年以上(无欠缓缴)或本年度缴纳城乡居民养老保险，并提供缴费证明,安庆市人民政府—政策问答解读：关于灵活就业人员如何缴存和使用住房公积金,https://www.anqing.gov.cn/public/3902119/2006358581.html,2023-03
安庆,安徽省,缴存-缓缴,支持,对缴存公积金确有困难的单位，经职工代表大会或工会讨论通过，公积金中心审核后可降低缴存比例或缓缴,安庆市人民政府—文字解读：公积金归集提取业务指南,https://www.anqing.gov.cn/public/4018368/2007351827.html,
六安,安徽省,贷款,单双职工额度差异,支持,新建住房双缴存80万元/单缴存60万元；二手房双缴存60万元/单缴存40万元,https://zfgjj.luan.gov.cn/gjjfw/ywzn/dkzn/5437738.html,政府网站
六安,安徽省,贷款,首套二套额度差异,支持,首套与二套贷款额度认定不同,https://zfgjj.luan.gov.cn/gjjfw/ywzn/dkzn/5437738.html,政府网站
六安,安徽省,贷款,绿色建筑上浮,支持,购买二星级及以上绿色建筑贷款额度上浮20%,https://zfgjj.luan.gov.cn/gjjfw/ywzn/dkzn/5437738.html,政府网站
六安,安徽省,贷款,二孩家庭上浮,支持,二孩家庭贷款额度上浮20%,https://zfgjj.luan.gov.cn/gjjfw/ywzn/dkzn/5437738.html,政府网站
六安,安徽省,贷款,三孩家庭上浮,支持,三孩（多子女）家庭贷款额度上浮,https://zfgjj.luan.gov.cn/gjjfw/ywzn/dkzn/5437738.html,政府网站
六安,安徽省,贷款,人才青年上浮,支持,高层次人才贷款额度上浮,https://zfgjj.luan.gov.cn/gjjfw/ywzn/dkzn/5437738.html,政府网站
六安,安徽省,贷款,家庭共享额度代际互助,支持,允许父母子女代际互助提取公积金,https://www.luan.gov.cn/content/article/10590585,政府网站
六安,安徽省,贷款,商转公,支持,以贷还贷/先还后贷方式办理商转公,https://www.luan.gov.cn/content/article/10532992,政府网站
六安,安徽省,贷款,最长贷龄30年,支持,贷款期限最长30年（男68/女63周岁）,https://zfgjj.luan.gov.cn/gjjfw/ywzn/dkzn/5437738.html,政府网站
六安,安徽省,提取,购房一次性提取,支持,本人及家庭成员（配偶、父母、子女）可在购房5年内一次或多次提取，每次须间隔12个月以上，合计提取额不超过已付购房款；优先提取购房人及配偶余额。,,
六安,安徽省,提取,租房提取限额,支持,2025年4月25日起每自然年度租房提取上限由15000元调整为18000元，每月可提取一次；新市民、青年人可按本人月缴存额全额提取，公租房按当期租金提取。,,
六安,安徽省,提取,多孩租房上浮,支持,多子女家庭租房可按实际房租金额提取，突破18000元/年的额度上限；超出现行额度上限的需提供生育证明材料、租房协议及房租税务发票。,,
六安,安徽省,提取,加装电梯提取,支持,本市既有住宅加装电梯，本人及家庭成员（配偶、父母、子女）可一次性提取，合计提取额不超过加装电梯实际支付金额，按加装电梯发票或收据认定。,,
六安,安徽省,提取,车位购置提取,不支持,六安现行十二类提取情形（购房、建造翻建大修、拆迁增购、还贷、租房、大病、加装电梯、离退休、出境定居、解除劳动关系、死亡、低收入家庭物业费）不含车位车库。,,
六安,安徽省,提取,大病救助提取,支持,本人及家庭成员（配偶、父母、子女）患9类重大疾病可提取，合计不超医保报销后自费部分；提取间隔已由12个月缩短至3个月，不得重复提取。,,
六安,安徽省,提取,既提又贷,支持,2026年5月15日六市金管〔2026〕7号“提贷并举”：缴存人购本市新建商品住房可提取本人及家庭成员公积金直接付首付，资金仍不足的可同步申请公积金贷款。,,
六安,安徽省,提取,首付直付,支持,购买新建商品住房提取付首付的，资金直接转入开发企业监管账户；文件明确要求各房地产企业不得以任何形式拒绝、拖延或变相限制缴存人使用该方式。,,
六安,安徽省,提取,代际互助,支持,打破“谁购房谁提取”：购房及还贷提取范围由本人及配偶扩大到父母和子女，还贷时提取金额不足可提取家庭成员公积金，合计不超累计已还款金额。,,
六安,安徽省,提取,按月冲还商贷,支持,六安市自2026年4月1日起开办偿还商业银行住房贷款按月提取住房公积金业务，将“每次提取间隔12个月以上”优化为“按月提取”；线上渠道（个人网厅、皖事通APP）于2026年6月15日开通，实现“掌上办”。,,
六安,安徽省,提取,物业费提取,有条件支持,仅限民政部门认定的低收入家庭，缴存人及配偶可提取公积金支付本市自住住房物业费。提取额不超过已支付的物业费，应在支付物业费一年以内提出，每季度不超过一次、每次间隔3个月以上。须提供身份证、一类银行卡、家庭关系证明、民政等部门出具的低收入家庭证明、不动产权证及物业费发票，且只能到管理部窗口线下办理。另须累计缴存满六个月、无公积金贷款及担保。 仅限民政部门认定的低收入家庭，缴存人及配偶可提取公积金支付本市自住住房物业费。提取额不超过已支付的物业费，应在支付物业费一年以内提出，每季度不超过一次、每次间隔3个月以上。须提供身份证、一类银行卡、家庭关系证明、民政等部门出具的低收入家庭证明、不动产权证及物业费发票，且只能到管理部窗口线下办理。另须累计缴存满六个月、无公积金贷款及担保。,,
六安,安徽省,提取,住房装修提取,不支持,六安市住房公积金中心在12345网络渠道明确答复：“根据现行政策规定，我中心不支持装修提取住房公积金。”现行《六安市住房公积金提取业务办事指南》共列13类提取情形（含购房、建造翻建大修、偿还贷款、租房、重大疾病、加装电梯、离退休、死亡、低收入家庭物业费等），不含装修。仅可因建造、翻建、大修自住住房提取，大修须提供危险性鉴定为C级或D级的房屋安全鉴定报告。,,
六安,安徽省,缴存-灵活就业,支持,,六安市住房公积金管理中心—六安市住房公积金缴存管理办法,https://zfgjj.luan.gov.cn/public/content/10531797,2024-07
六安,安徽省,缴存-缓缴,支持,单位缴存住房公积金确有困难，经职工代表大会或工会讨论通过并公示后，可向市公积金中心申请缓缴或降低缴存比例，期限每次不超过一年,六安市住房公积金管理中心—六安市住房公积金缴存业务操作细则,https://zfgjj.luan.gov.cn/public/6608511/10701481.html,
淮北,安徽省,贷款,单双职工额度差异,支持,单身最高60万元（2026年提至70/80万），双缴存最高80万元（提至100万）,https://www.huaibei.gov.cn/zwgk/public/content/64704378,政府网站
淮北,安徽省,贷款,首套二套额度差异,支持,首套与二套贷款额度及利率不同,https://www.huaibei.gov.cn/zwgk/public/content/64704378,政府网站
淮北,安徽省,贷款,绿色建筑上浮,支持,一/二/三星级绿色建筑分别上浮10%/15%/20%,https://hbzfgjj.huaibei.gov.cn/zwgk/public/91/64595501.html,政府网站
淮北,安徽省,贷款,二孩家庭上浮,支持,二孩家庭贷款额度上浮20%,https://hbzfgjj.huaibei.gov.cn/zwgk/public/91/64595501.html,政府网站
淮北,安徽省,贷款,三孩家庭上浮,支持,三孩（多子女）家庭贷款额度上浮,https://hbzfgjj.huaibei.gov.cn/zwgk/public/91/64595501.html,政府网站
淮北,安徽省,贷款,人才青年上浮,支持,本科上浮10%、硕士20%、博士50%,https://www.huaibei.gov.cn/zwgk/public/content/64704378,政府网站
淮北,安徽省,贷款,家庭共享额度代际互助,支持,允许父母子女代际互助提取公积金,https://hbzfgjj.huaibei.gov.cn/xwdt/ggtz/58027261.html,政府网站
淮北,安徽省,贷款,商转公,支持,以贷还贷方式办理商转公,https://hbzfgjj.huaibei.gov.cn/xwdt/ggtz/58027261.html,政府网站
淮北,安徽省,贷款,最长贷龄30年,支持,最长贷款期限30年（可延至法定退休后1-5年）,https://hbzfgjj.huaibei.gov.cn/zwgk/public/91/62926292.html,政府网站
淮北,安徽省,提取,购房一次性提取,支持,购买商品房、存量房、拆迁安置房、拍卖自住住房，房屋产权共有人及其直系亲属（仅限父母和子女）可提取，提取额度合计不超过实际已支付的购房总额。,,
淮北,安徽省,提取,租房提取限额,支持,连续足额缴存满3个月且本市无房，每人每月最高1200元、每年最高14400元，每月可申请一次、全年不超12次；公租房按实际房租全额，灵活就业人员按月缴存额全额提取。,,
淮北,安徽省,提取,多孩租房上浮,支持,二孩家庭租房提取额度提高至1.5倍（每月1800元、每年21600元），三孩及以上家庭提高至2倍（每月2400元、每年28800元），需提供多子女户口簿或出生医学证明。,,
淮北,安徽省,提取,加装电梯提取,支持,本市城市既有住宅（不含别墅、自建房）加装电梯，竣工验收后一年内一次性提取；房屋所有权人及其配偶、直系血亲合计不超扣除政府补贴后的实际分摊费用。,,
淮北,安徽省,提取,车位购置提取,不支持,淮北2026年7月8日新政新增适幼化改造、住房装修、大病扩围、代际互助优化等，未将购买车位、车库、储藏室纳入提取范围；现行提取情形清单亦不含车位。,,
淮北,安徽省,提取,大病救助提取,支持,本人或家庭成员（配偶、子女、父母及配偶父母）患重大疾病，可提取医疗费用实际发生额减医保报销后的差额（统筹自付金额）；2026年7月8日起病种由9种扩至35种。,,
淮北,安徽省,提取,既提又贷,支持,市公积金中心答复：首套房提取公积金用于首付后仍可申请住房公积金贷款，“提取不影响贷款”，一二套房均适用。,,
淮北,安徽省,提取,首付直付,支持,缴存人购买淮北市（含三区一县）新建商品住房，可提取本人及配偶账户余额直接支付购房首付款，需提供网签合同、开发商承诺书、委托书及转入预售资金监管账户凭证。,,
淮北,安徽省,提取,代际互助,支持,2024年起推行代际互助，父母、子女可提取公积金支持购房或还贷；2026年7月8日起取消异地购房、异地还贷（含为子女购房、还贷）的提取条件限制。,,
淮北,安徽省,提取,按月冲还商贷,不支持,淮北市住房公积金管理中心明确“偿还商业贷款暂不支持每月冲还”，商贷提取仅支持每年一次（按自然年度家庭合计提取额不超过上年度累计还款本息）；2025年新政放宽至可按季度或年度提取，但仍非按月冲还。,,
淮北,安徽省,提取,物业费提取,支持,支持缴纳自住住房物业费提取住房公积金。每年每户家庭仅限一套房屋提取，提取金额=房屋面积×1元/㎡×12个月，单套住房最高提取额度不超过3000元。属阶段性政策，实施时间暂定一年，自2026年4月20日起执行。同批还有放宽商贷还贷提取频次（可按季度提取）、适老化改造提取（父母有1人年满70周岁，提取额不超过3万元）、提取支付老旧住房自主更新项目个人分摊费用。,,
淮北,安徽省,提取,住房装修提取,支持,缴存人及其配偶名下拥有自住住房的，可一次或分次申请提取公积金用于房屋装修（仅限一套）。提取金额不超过建筑面积×2000元/㎡，每户家庭累计不超过20万元；自首次办理所在自然年起累计时限不超过3个自然年，每年一次。材料为不动产权证书（登记满一年）、身份证件、关系证明、社保卡或银行Ⅰ类借记卡，无需装修合同与发票。线下窗口即办即批，也可通过微信公众号、皖事通办理。,,
淮北,安徽省,缴存-灵活就业,有条件支持,年龄限制：年满18周岁、男性未满55周岁、女性未满50周岁，未与《条例》规定单位存在劳动关系、具完全民事行为能力,淮北市住房公积金管理中心—关于调整淮北市住房公积金业务相关政策的通知(附暂行办法),https://hbzfgjj.huaibei.gov.cn/zwgk/public/91/62999317.html,2023-08
淮北,安徽省,缴存-缓缴,支持,单位缴存住房公积金确有困难，经职工代表大会或工会讨论通过，公积金中心审核、管委会批准后可降低比例或缓缴,安徽政务服务网淮北分站—缴存单位降低住房公积金缴存比例或缓缴的审核,https://hb.ahzwfw.gov.cn/bog-bsdt/static/workProcess/components/applicationMaterial.html?ssqdCode=1bb0926fbeac4cae8616ea12ad031be5&ssqdId=4028e6a5901628fc019029480ddf767b&typeSipe=btnSkip,
南昌,江西省,贷款,单双职工额度差异,支持,,https://www.nc.gov.cn/ncszf/jrnc/202504/9e6fa7efd1fa4f07ada63aa410a5a59f.shtml,政府网站
南昌,江西省,贷款,首套二套额度差异,不支持,,https://www.jxzfgjj.cn/jxszfbzhgjjglzx/spfysf/pc/content/content_1869382546730704896.html,政府网站
南昌,江西省,贷款,绿色建筑上浮,支持,,https://m.nc.bendibao.com/mip/42321.shtm,其他新闻
南昌,江西省,贷款,二孩家庭上浮,支持,,https://www.nc.gov.cn/ncszf/jrnc/202504/9e6fa7efd1fa4f07ada63aa410a5a59f.shtml,政府网站
南昌,江西省,贷款,三孩家庭上浮,支持,,https://www.nc.gov.cn/ncszf/jrnc/202504/9e6fa7efd1fa4f07ada63aa410a5a59f.shtml,政府网站
南昌,江西省,贷款,人才青年上浮,未检索到,未检索到公开来源,,空
南昌,江西省,贷款,家庭共享额度代际互助,支持,,https://ncgjj.nc.gov.cn/nczfgjj/tqbszn/201811/e6f3ab2903174d9eae34eaf8952c9a7a.shtml,政府网站
南昌,江西省,贷款,商转公,支持,,https://ncgjj.nc.gov.cn/nczfgjj/dhgl/201905/2f4115df91634ee5bfd7da2ece224b33.shtml,政府网站
南昌,江西省,贷款,最长贷龄30年,支持,,https://m.nc.bendibao.com/mip/42321.shtm,其他新闻
南昌,江西省,提取,购房一次性提取,支持,新建商品住房自备案登记之日起两年内申请（2025年4月18日起购房提取时限放宽至5年内），提取金额不超实际支付购房款；购买再交易住房不超计税金额。,,
南昌,江西省,提取,租房提取限额,支持,2025年4月18日起单身1200元/月（年14400元）、已婚夫妻合计2400元/月（年28800元），每月可申请一次且不超账户余额；公租房按实际房租。,,
南昌,江西省,提取,多孩租房上浮,支持,二孩家庭租房提取额度上浮20%（单身1440元/月、已婚2880元/月），三孩上浮30%（单身1560元/月、已婚3120元/月）；首次申请须到柜台认定。,,
南昌,江西省,提取,加装电梯提取,支持,本市既有住宅加装电梯自工程竣工验收之日起两年内申请，提取金额不超扣除政府奖补、维修资金后的个人分摊金额；2025年新政明确老旧电梯更新改造后亦可提取。,,
南昌,江西省,提取,车位购置提取,不支持,办法第十五条明确购买写字楼、公寓、办公、商铺、车库等非住宅的，不能申请购房提取；提取情形中亦无车位（库）相关条款。,,
南昌,江西省,提取,大病救助提取,支持,患慢性肾衰竭、恶性肿瘤等九种重大疾病的，患者及其配偶、父母均可申请提取，自取得证明材料起一年内申请、每年一次，提取金额为职工公积金账户存储余额。,,
南昌,江西省,提取,既提又贷,支持,自2024年8月1日起实施、2026年1月1日起继续执行：使用江西省内公积金贷款购买商品房或存量房，可在取得审批文件后5年内申请办理公积金购房提取。,,
南昌,江西省,提取,首付直付,未确认,2025年4月新政明确职工可提取公积金账户余额用于支付首付款，但公开渠道未见南昌中心关于公积金直付（划转至开发商账户）购房首付款的办理规则。,,
南昌,江西省,提取,代际互助,支持,购买自住住房的，产权人及其配偶、父母、子女均可申请提取；既提又贷政策下产权人、配偶、父母及子女均可办理提取，且签订对冲协议不影响该房屋购房提取。,,
南昌,江西省,提取,按月冲还商贷,有条件支持,仅限贷款银行与中心实现互联互通的银行（建行、工行、中行、交行、招行、中信、江西银行、九江银行、兴业、农行、北京银行、邮储等）。 南昌2026年将商贷委托提取由按年优化为按月，签订按月委托提取协议后，中心按上月实际还款金额每月自动将可提取金额划拨至职工收款账户；须为与中心互联互通的省内商贷银行方可签约。,,
南昌,江西省,提取,物业费提取,支持,取得南昌市行政区域内自有住房不动产权证的缴存职工及配偶，每人每年可提取一次，年度上限2000元且不超过账户余额。房屋须已交付、登记用途为住宅；须在不动产权证对应月申请，逾期可在期满后3个月内申请延期一次，额度不跨年累计、不可补提。有未结清公积金贷款者也可办理。可通过“南昌公积金”微信公众号或网厅线上申请，新建区、进贤县及省外婚姻登记者需线下办理。,,
南昌,江西省,提取,住房装修提取,不支持,南昌市12345政务知识库与市住建局均明确答复“家庭装修不可以提取住房公积金”。现行提取情形清单（含物业费、既有住宅加装电梯、老旧电梯更新改造等）不含装修；仅可按建造、翻建、大修自住住房名义提取，大修须提供房屋危险性鉴定为C级或D级的房屋安全鉴定报告，普通全屋装修不属此范畴。,,
南昌,江西省,缴存-灵活就业,支持,,人民网江西——《南昌市灵活就业人员参加住房公积金制度试行管理办法》2月1日起实施,https://jx.people.com.cn/BIG5/n2/2024/0131/c190260-40733133.html,2024-02-01
南昌,江西省,缴存-缓缴,支持,,南昌住房公积金管理中心——单位管理类型之三：单位缴存缓缴（办事指南）,https://ncgjj.nc.gov.cn/nczfgjj/dwgl/201310/16c2b7a30bd94ea99f60c6394b627fed.shtml,2013-10
赣州,江西省,贷款,单双职工额度差异,支持,单身缴存职工最高70万元，双缴存职工（夫妻均缴存）最高80万元,https://12345.ganzhou.gov.cn/cns-bmfw-wsbsdt/website/pages/communicate/communicateDetail?id=e078aa80-2d45-483e-af08-1b5ec88b6ab9,政府网站
赣州,江西省,贷款,首套二套额度差异,支持,首套与二套贷款额度及认定标准不同（双缴存职工首套最高80万元）,https://12345.ganzhou.gov.cn/cns-bmfw-wsbsdt/website/pages/communicate/communicateDetail?id=e078aa80-2d45-483e-af08-1b5ec88b6ab9,政府网站
赣州,江西省,贷款,绿色建筑上浮,支持,购买一星级绿色建筑贷款额度上浮20%，二星级及以上上浮40%,http://www.chongyi.gov.cn/cyxrmzf/c103655/202512/4d49d0252c894b11bffd7e09c1551043.shtml,政府网站
赣州,江西省,贷款,二孩家庭上浮,支持,二孩家庭贷款额度上浮50%,https://12345.ganzhou.gov.cn/cns-bmfw-wsbsdt/website/pages/communicate/communicateDetail?id=e078aa80-2d45-483e-af08-1b5ec88b6ab9,政府网站
赣州,江西省,贷款,三孩家庭上浮,支持,三孩家庭（单独）贷款额度上浮,https://12345.ganzhou.gov.cn/cns-bmfw-wsbsdt/website/pages/communicate/communicateDetail?id=e078aa80-2d45-483e-af08-1b5ec88b6ab9,政府网站
赣州,江西省,贷款,人才青年上浮,支持,人才、青年人才贷款额度上浮50%,https://12345.ganzhou.gov.cn/cns-bmfw-wsbsdt/website/pages/communicate/communicateDetail?id=e078aa80-2d45-483e-af08-1b5ec88b6ab9,政府网站
赣州,江西省,贷款,家庭共享额度代际互助,支持,允许直系亲属（父母、子女）代际互助提取、共同使用公积金,https://12345.ganzhou.gov.cn/cns-bmfw-wsbsdt/website/pages/communicate/communicateDetail?id=e078aa80-2d45-483e-af08-1b5ec88b6ab9,政府网站
赣州,江西省,贷款,商转公,支持,允许商业贷款转公积金贷款（赣市公管委字〔2023〕4号）,https://zfgjj.ganzhou.gov.cn/gzszfjj/c102906/202308/ecdd4ab79a964a9380ea9cae37ec81f8/files/beb943cae2bd44ee8ec0417e0b3ee84a.pdf,政府网站
赣州,江西省,贷款,最长贷龄30年,支持,贷款期限最长30年，且不超过法定退休年龄后5年,https://www.ganzhou.gov.cn/zfxxgk/c100442fq/202604/c295f4728d5e4ad9910b296ca7daeca1.shtml,政府网站
赣州,江西省,提取,购房一次性提取,支持,新建商品住房自合同备案1年内、二手房自契税完税1年内申请，提取额不超购房总价（二手房按增值税发票不含税额）；全款购房取得不动产权证后5年内每年可提一次。,,
赣州,江西省,提取,租房提取限额,支持,中心城区（章贡、经开、蓉江、赣县、南康）1500元/月，其他县（市）1000元/月，累计提取月份最长12个月；新市民、青年人和认定人才可按月缴存额全额提取。,,
赣州,江西省,提取,多孩租房上浮,支持,三孩缴存人家庭租房提取额度按现行上限的3倍执行：中心城区4500元/月，其他县（市）3000元/月；需提供三个及以上子女且至少一个未成年的证明材料。,,
赣州,江西省,提取,加装电梯提取,支持,四层以上非单一产权住宅加装电梯及老旧电梯更新改造，自竣工验收备案之日起2年内申请，额度不超个人实际分摊出资；按租金支付的每年可提一次。,,
赣州,江西省,提取,车位购置提取,不支持,提取业务操作细则第二十条明确，购买办公用房、商业用房、车库、车位、柴（杂）间等用途为非住宅的，不得申请提取住房公积金账户余额。,,
赣州,江西省,提取,大病救助提取,支持,因重大疾病造成家庭生活困难的，医疗期间每年可提取一次，额度不超应对突发事件个人实际支付的费用；病种范围以中国保险行业协会、中国医师协会发布的为准。,,
赣州,江西省,提取,既提又贷,支持,购买新建商品住房可先提取支付购房首付款再申请公积金贷款，贷款额度加上已提取金额之和不超住房总价；存在未结清公积金贷款的，除还贷等情形外不得再办购房提取。,,
赣州,江西省,提取,首付直付,支持,购买新建商品住房或配售型保障性住房可申请提取支付首付款，须在签订买卖合同或认购协议之日起30天内申请，资金直接转入开发企业预售资金监管账户；暂不支持二手房。,,
赣州,江西省,提取,代际互助,支持,购房、建造、还贷、加装电梯等情形下，缴存人及配偶提取不足时其父母、子女可提取（不含儿媳、女婿、岳父母），仅限赣州市范围内的提取业务，且应优先提取本人及配偶余额。,,
赣州,江西省,提取,按月冲还商贷,有条件支持,仅限与公积金系统实现还款信息共享的商业银行（中行、农行、工行、建行、招行、赣州银行、邮储、兴业、江西银行等，中信/光大/交行陆续上线） 赣州市住房公积金管理中心2024年11月上线偿还商贷本息委托按月提取功能，一次签约后每月自动提取公积金偿还商贷本息（返款日每月6日，账户余额至少保留100元）。仅支持已与中心实现商贷数据共享的银行。,,
赣州,江西省,提取,物业费提取,不支持,现行《赣州市住房公积金提取管理办法》（2026年7月1日施行）第五条列举的15类提取情形不含物业费，仅含购买、建造翻建大修自住住房、偿还购房贷款本息、租房、既有住宅加装电梯、其他住房消费等。市中心在“问政赣州”答复：暂未出台物业费提取政策，仍处可行性研究与综合评估阶段，未确定出台时间，正结合资金流动性研判，力争尽快形成方案。,,
赣州,江西省,提取,住房装修提取,不支持,赣州市住房公积金管理中心多次在“问政赣州”平台明确答复“装修不得提取住房公积金”“装修不得申请使用住房公积金贷款”，现行《赣州市住房公积金提取管理办法》列举的提取情形亦不含装修。仅可因建造、翻建、大修自住住房提取，大修须提供房屋危险性鉴定为C级或D级的危房鉴定报告；建造、翻建、大修提取标准已自2026年7月1日起由900元/㎡提高至1500元/㎡。,,
赣州,江西省,缴存-灵活就业,支持,,赣州市人民政府—关于延续和完善我市灵活就业人员缴存和使用住房公积金政策的通知,https://www.ganzhou.gov.cn/zfxxgk/c100442fq/202507/630d5968218745c38fe0ad2138fa6c90.shtml,2025-07
赣州,江西省,缴存-缓缴,支持,单位缴存住房公积金确有困难，可申请缓缴或降低缴存比例，经职工代表大会或工会决议并报公积金中心审核批准,赣州市住房公积金管理中心—赣州市住房公积金归集管理办法,https://zfgjj.ganzhou.gov.cn/gzszfjj/c103431/202605/07bba404126144fe95f2de768abfe3c0.shtml,2026-05
上饶,江西省,贷款,单双职工额度差异,支持,单身最高100万元，双缴存职工最高120万元（或首套80万、二次70万）,https://www.zgsr.gov.cn/gjj/qtygwj/202504/34a28e464a824975b6fc5e2f32505147.shtml,政府网站
上饶,江西省,贷款,首套二套额度差异,支持,首套最高100万元，二套最高90万元,https://www.zgsr.gov.cn/gjj/qtygwj/202504/34a28e464a824975b6fc5e2f32505147.shtml,政府网站
上饶,江西省,贷款,绿色建筑上浮,支持,自2026年4月15日起购买绿色建筑贷款额度上浮10%,https://www.srx.gov.cn/srx/wtjyhz/202512/d6bc525438b24ba6b1f8806dfd27196e.shtml,政府网站
上饶,江西省,贷款,二孩家庭上浮,支持,二孩家庭贷款额度上浮20%,https://www.srx.gov.cn/srx/wtjyhz/202512/d6bc525438b24ba6b1f8806dfd27196e.shtml,政府网站
上饶,江西省,贷款,三孩家庭上浮,支持,三孩家庭贷款额度上浮20%,https://www.srx.gov.cn/srx/wtjyhz/202512/d6bc525438b24ba6b1f8806dfd27196e.shtml,政府网站
上饶,江西省,贷款,人才青年上浮,支持,人才、青年人才、新市民贷款额度上浮,https://www.zgsr.gov.cn/gjj/qtygwj/202504/34a28e464a824975b6fc5e2f32505147.shtml,政府网站
上饶,江西省,贷款,家庭共享额度代际互助,支持,缴存人可提取直系亲属（父母、子女、配偶及其父母）公积金购房,https://gjj.zgsr.gov.cn/gjj/qtygwj/202210/99fbe2e6679d4f5c8990bcc9af31acc7.shtml,政府网站
上饶,江西省,贷款,商转公,支持,实施商业按揭贷款直接转公积金贷款（商直转公）,https://gjj.zgsr.gov.cn/gjj/gzdt/202503/30a39f07f9ec407692df3add2e1fd4c2.shtml,政府网站
上饶,江西省,贷款,最长贷龄30年,支持,贷款期限最长30年,https://gjj.zgsr.gov.cn/gjj/zcjd/201903/17ca1538a80541f08ed341e8109d463f.shtml,政府网站
上饶,江西省,提取,购房一次性提取,支持,购房提取申请时限由购房后1年放宽至2年；全款购买自住住房的，自取得不动产权证书后5年内可每年申请提取一次；购买新建商品房的提取金额与贷款金额合计不超房屋总价。,,
上饶,江西省,提取,租房提取限额,支持,连续足额缴存满3个月、本人及配偶在工作所在地无自有住房的，每年可提取一次，额度不超上一年度实际支付房租总额、每年按7200元提取；办过购房提取或贷款的不得再办。,,
上饶,江西省,提取,多孩租房上浮,未确认,公开渠道未见上饶市关于多子女家庭租房提取额度上浮的具体标准；2026年新政仅明确二孩家庭贷款额度上浮20%、三孩家庭上浮30%。,,
上饶,江西省,提取,加装电梯提取,支持,中心城区既有住宅加装电梯，自竣工验收备案审批之日起一年内申请，夫妻提取总额不超扣除财政奖补和住宅专项维修资金后实际分摊的购置与施工费用，同套住房限一次。,,
上饶,江西省,提取,车位购置提取,未确认,未见上饶市关于购买车位（库）提取住房公积金的公开规定，现行公开文件中亦无相关提取情形，暂无法确认。,,
上饶,江西省,提取,大病救助提取,支持,缴存人本人、配偶或子女遇大病、灾害等重大突发事件造成家庭生活困难的，可在事件发生之日起12个月内提取；大病限九类疾病，额度按看病费用确定并由单位证明困难。,,
上饶,江西省,提取,既提又贷,支持,上饶市房地产新政明确“支持可提可贷住房公积金购买新建商品住宅”；同时规定购买新建商品房的家庭，提取金额与贷款金额合计不得超过房屋总价。,,
上饶,江西省,提取,首付直付,未确认,未见上饶市关于住房公积金直付（划转至开发商账户）购房首付款的公开办理规则，暂无法确认是否已落地。,,
上饶,江西省,提取,代际互助,未确认,未见上饶市关于父母与子女互用提取额度或互作共同借款人的公开规定；2026年新政主要放宽异地贷款、提高额度与拓宽提取场景，代际互助暂无法确认。,,
上饶,江西省,提取,按月冲还商贷,不支持,上饶市住房公积金管理中心明确表示商业住房贷款不能申请公积金“月对冲”业务，仅支持商贷按年提取（正常还款满12个月后每年提取一次，额度不超过上年度还款本息）。,,
上饶,江西省,提取,物业费提取,支持,取得自有住房不动产权证的缴存职工及配偶，每年可提取一次，每套住房每年限一次、提取间隔不少于12个月；须提供近一年物业费发票，申请时限为发票载明时间起12个月内，提取额不超过两年物业费累计实际缴纳金额。房屋须在本市、用途为住宅且在本人或配偶名下。有本地公积金贷款的须月缴存额大于月供、近一年无逾期，提取后账户保留至少一期月还款额。,,
上饶,江西省,提取,住房装修提取,支持,缴存人可一次性提取公积金用于自住住房装修：新建或存量毛坯房按2000元/㎡、单笔不超过30万元；重新装修按1500元/㎡、不超过20万元；适老化、适儿化改造不超过5万元。每套住房仅限提取一次，装修行为须发生在2026年7月1日（含）之后，申请时限为佐证材料载明时间起24个月内，中心将现场核查实际装修情况，额度按标准统一计算。,,
上饶,江西省,缴存-灵活就业,支持,,上饶市住房公积金管理中心—致全市灵活就业人员的一封公开信,https://gjj.zgsr.gov.cn/gjj/gsgg/202606/e44a2b11cd4643cf9cbdb2b0e3615701.shtml,2026-06
上饶,江西省,缴存-缓缴,支持,生产经营困难的企业，经职代会(工会)决议、税务部门困难企业证明，可申请降低缴存比例或缓缴、停缴,上饶市住房公积金管理中心—单位降低缴存比例和缓缴、停缴办事指南,https://gjj.zgsr.gov.cn/gjj/jcfwzn/201908/ad614cf8b10b4f078e95abb1daa0f0f8.shtml,2019-08
九江,江西省,贷款,单双职工额度差异,支持,中心城区双缴存100万元/单身60万元，县（市）双缴存60万元/单身40万元,https://zjj.jiujiang.gov.cn/zmhd/hygq/zdhy/202408/t20240801_6635782.html,政府网站
九江,江西省,贷款,首套二套额度差异,支持,首套与二套贷款额度及利率认定不同,https://zjj.jiujiang.gov.cn/zmhd/hygq/zdhy/202408/t20240801_6635782.html,政府网站
九江,江西省,贷款,绿色建筑上浮,支持,购买绿色建筑贷款额度上浮20%,https://zjj.jiujiang.gov.cn/zmhd/hygq/zdhy/202408/t20240801_6635782.html,政府网站
九江,江西省,贷款,二孩家庭上浮,支持,二孩家庭贷款额度上浮10%,https://zjj.jiujiang.gov.cn/zmhd/hygq/zdhy/202408/t20240801_6635782.html,政府网站
九江,江西省,贷款,三孩家庭上浮,支持,三孩家庭贷款额度上浮20%,https://zjj.jiujiang.gov.cn/zmhd/hygq/zdhy/202408/t20240801_6635782.html,政府网站
九江,江西省,贷款,人才青年上浮,支持,人才（优秀基础等）贷款额度上浮20%,https://zjj.jiujiang.gov.cn/zmhd/hygq/zdhy/202408/t20240801_6635782.html,政府网站
九江,江西省,贷款,家庭共享额度代际互助,支持,自2024年8月1日起允许父母子女代际互助支付首付,https://zjj.jiujiang.gov.cn/zwgk_208/jytabl/202607/t20260722_7278302.html,政府网站
九江,江西省,贷款,商转公,支持,2022年恢复商业贷款转公积金贷款,https://zjj.jiujiang.gov.cn/zwgk_208/zcfg/xzgfxwj/202310/t20231020_6259873.html,政府网站
九江,江西省,贷款,最长贷龄30年,支持,贷款期限最长30年,https://zwfw.jiujiang.gov.cn/zwgk_206/zcfg/zcwj/202210/t20221021_5796658.html,政府网站
九江,江西省,提取,购房一次性提取,支持,购买一手房以购房合同备案时间对应账户余额为准且不超房屋总价，二手房不超计税金额；购房时申请公积金贷款的，提取金额加贷款金额不超房屋总价。,,
九江,江西省,提取,租房提取限额,支持,2025年5月7日起中心城区1500元/月、18000元/年，各县（市）1000元/月、12000元/年；新市民及40周岁以下青年人可按实际房租支出提取。,,
九江,江西省,提取,多孩租房上浮,未确认,提取办法要求二孩及以上家庭租房须提供多子女家庭证明材料，但公开文件未公布上浮后的具体租房提取限额标准，暂无法确认。,,
九江,江西省,提取,加装电梯提取,支持,老旧小区既有住宅加装电梯的，提取额不超扣除政府补贴、维修资金后的个人分摊金额；2025年5月起还可提取双方父母、子女公积金支付加梯费用，更新电梯亦可提取。,,
九江,江西省,提取,车位购置提取,不支持,办法第八条明确购买写字楼、公寓、办公楼、商铺、车库等非住宅的，提取申请不予受理；提取情形中亦无车位（库）相关条款。,,
九江,江西省,提取,大病救助提取,不支持,现行提取办法未将重大疾病列入提取情形；2026年8月市住建局答复称缴存人本人或配偶、父母、子女患重大疾病提取“正在起草相关议题提交管委会审议”，尚未实施。,,
九江,江西省,提取,既提又贷,支持,办法第十三条明确，购房时申请住房公积金个人住房贷款的，提取金额加贷款金额不得超过房屋总价，即允许购房提取与公积金贷款同时办理。,,
九江,江西省,提取,首付直付,未确认,2024年8月1日后购买自住住房可提取产权人父母、子女公积金用于支付购房首付款，但未见公积金直付（划转至开发商账户）首付款的公开规则，暂无法确认。,,
九江,江西省,提取,代际互助,支持,2024年8月1日之后购买自住住房的，可提取产权人及其配偶公积金用于购房，还可提取产权人父母、子女公积金支付首付款；加装电梯亦可提取双方父母、子女公积金。,,
九江,江西省,提取,按月冲还商贷,支持,九江市“按月提取公积金还贷”业务覆盖商业购房贷款，商贷及异地购房贷款经人民银行征信核实后即可签约，次月起按月划转公积金用于偿还商贷本息；组合贷款可将公积金贷款与商贷月还款额合并计算。,,
九江,江西省,提取,物业费提取,支持,缴存职工家庭无未结清住房公积金贷款的，每个自然年度可提取一次公积金用于支付物业服务费，限一套住房。线上渠道申请每人每年最高2000元，可通过“九江公积金”微信公众号或“手机公积金”APP全程网办、秒批到账；年度实际物业费支出超过2000元的，可凭本人身份证明、物业服务费发票、不动产权证书到线下窗口按发票载明的实际支出核定提取额度。,,
九江,江西省,提取,住房装修提取,不支持,九江市住建局明确答复“装修房子不能提取住房公积金”，装修不等同于大修，不属法定提取范围，大修须由房屋鉴定部门出具危房鉴定证明。现行《九江市住房公积金提取管理办法》第七条列举的8类提取情形（购买、建造、翻建、大修自住住房，偿还购房贷款本息，老旧小区加装电梯，租房等）不含装修；2026年3月调整通知仅新增物业费提取，未涉及装修。,,
九江,江西省,缴存-灵活就业,支持,,九江市住房公积金管理中心—九江市灵活就业人员缴存和使用住房公积金管理办法,https://www.jjszfgjj.cn/zcfg_108400/202601/t20260123_7153586.html,2026-01
九江,江西省,缴存-缓缴,支持,单位缴存住房公积金确有困难，经本单位职工代表大会或工会讨论通过，可申请缓缴,九江市住房公积金管理中心—申请缓缴住房公积金办事指南,http://www.jjszfgjj.cn/fwzn_108414/02/202505/t20250522_6916774.html,2025-05
景德镇,江西省,贷款,单双职工额度差异,支持,单身与双缴存职工设置不同最高贷款额度,http://www.jdzgjj.com/html/bszn/3882.html,政府网站
景德镇,江西省,贷款,首套二套额度差异,支持,首套与二套贷款额度不同,http://www.jdzgjj.com/html/bszn/3882.html,政府网站
景德镇,江西省,贷款,绿色建筑上浮,支持,购买高品质（绿色）建筑贷款额度上浮10%,https://jdz.gov.cn/zwgk/zfgb/2026n/d4q/bmwj/t1092604.shtml,政府网站
景德镇,江西省,贷款,二孩家庭上浮,支持,二孩家庭贷款额度上浮20%,https://jdz.gov.cn/zwgk/zfgb/2026n/d4q/bmwj/t1092604.shtml,政府网站
景德镇,江西省,贷款,三孩家庭上浮,支持,三孩家庭贷款额度上浮20%,https://jdz.gov.cn/zwgk/zfgb/2026n/d4q/bmwj/t1092604.shtml,政府网站
景德镇,江西省,贷款,人才青年上浮,支持,E类及以上人才贷款额度上浮30%,https://jdz.gov.cn/zwgk/zfgb/2026n/d4q/bmwj/t1092604.shtml,政府网站
景德镇,江西省,贷款,家庭共享额度代际互助,支持,允许父母子女代际互助提取（还贷互助）,https://jdz.gov.cn/zwgk/zfgb/2026n/d4q/bmwj/t1092604.shtml,政府网站
景德镇,江西省,贷款,商转公,支持,允许商业贷款转公积金贷款（直转+自筹）,https://jdz.gov.cn/zwgk/zfgb/2026n/d4q/bmwj/t1092604.shtml,政府网站
景德镇,江西省,贷款,最长贷龄30年,支持,贷款期限最长30年,http://www.jdzgjj.com/html/bszn/3882.html,政府网站
景德镇,江西省,提取,购房一次性提取,支持,购买新建商品住房、保障性住房、再交易住房等可提取一次，提取金额不可大于实际支付的购房款；全款购买非缴存地商品房可在不动产权证发证之日起5年内申请。,,
景德镇,江西省,提取,租房提取限额,支持,租房提取额度由每月1200元调增至每月1500元，提取频次由每年一次调整为每年一次或按月提取；无房新市民可据实全额提取本人住房公积金月缴存额。,,
景德镇,江西省,提取,多孩租房上浮,支持,多子女家庭的本市缴存职工符合租房提取条件的，提取额度按同期提取政策规定额度上浮20%确定，即在1500元/月的基础上再提高20%。,,
景德镇,江西省,提取,加装电梯提取,支持,本市既有住宅加装电梯的，自工程竣工验收之日起两年内申请，提取金额不可大于电梯加装费用扣除政府奖补、维修资金后的个人分摊金额。,,
景德镇,江西省,提取,车位购置提取,不支持,提取管理办法明确购买写字楼、公寓、办公、商铺、车库等非住宅的不得申请提取；可提取情形中亦无购买车位（库）条款。,,
景德镇,江西省,提取,大病救助提取,支持,2026年4月13日起，职工本人或配偶、子女、父母患九类重大疾病造成家庭生活严重困难的，可提取不超过个人应负担的医疗费用，即实际发生额扣除医保报销后的差额。,,
景德镇,江西省,提取,既提又贷,支持,商转公额度认定调整后明确：已办理购房提取和还贷提取的，提取金额总和不超认定的首付金额，即首付金额与贷款金额之和不超总房价，允许提取与贷款并存。,,
景德镇,江西省,提取,首付直付,未确认,未见景德镇关于住房公积金直付（划转至开发商账户）购房首付款的公开规则；2026年新政仅明确商业贷款购房既可提取首付款又可提取偿还贷款本息。,,
景德镇,江西省,提取,代际互助,支持,购买自住住房的，产权人及其配偶、父母、子女均可申请提取；2026年4月起偿还住房贷款提取范围由夫妻双方扩大至父母、子女，须由其本人申请并同意。,,
景德镇,江西省,提取,按月冲还商贷,支持,景德镇市2026年3月27日公告优化商业贷款提取方式，在按年提取基础上新增按月、按季、按半年提取选项，用于偿还当期商业贷款本息（不含提前部分还款）；商公组合贷中的商贷部分不在按月提取范围之内。,,
景德镇,江西省,提取,物业费提取,支持,缴存人及配偶可提取公积金支付本市行政区域内自有住房物业费，按实际年度物业费发票核定，家庭两套住房合计年度不超过5000元，不支持第三套住房。按年办理，每次提取一年物业费，次年再办同一套住房仅需新发票。需身份证、不动产权证书（或备案购房合同）、物业费发票、一类银行卡，支持直系亲属代际互助。账户冻结、列入黑名单、有在还公积金贷款或已办按月提取的不可办理。,,
景德镇,江西省,提取,住房装修提取,不支持,景德镇市住房公积金管理中心官网办事指南明确：普通装修（粉刷墙面、更换地板、添置家具等）属改善居住环境的日常行为，不属于公积金支持范围，无法提取；装修不等同于大修，大修须提供房屋危险性鉴定为C级或D级的安全鉴定报告。现行《景德镇市住房公积金提取管理办法》提取情形亦不含装修，中心在线答复援引住建部建金服函〔2018〕49号“取消装修提取和装修贷款”。,,
景德镇,江西省,缴存-灵活就业,支持,,景德镇市人民政府—《景德镇市灵活就业人员缴存、提取和使用住房公积金实施办法》解读,https://www.jdz.gov.cn/sgjjglzx/fdzdgknr/fgzc/zcjd/t879764.shtml,2025-12
景德镇,江西省,缴存-缓缴,支持,单位缴存住房公积金确有困难，经职工代表大会或工会讨论通过并报公积金中心(管委会授权)审批后可缓缴,江西省政务服务网—公积金缓缴(全省通办),https://www.jxzwfww.gov.cn/jxzw/bszn/index.do?itemCode=360000-000150-GG-002-07&webId=1,
武汉,湖北省,贷款,单双职工额度差异,支持,双缴存家庭150万，单缴存120万,https://zgj.wuhan.gov.cn/xxgk/zcfgyjd_1/qtzdgkwj/202509/t20250930_2655420.shtml,政府网站
武汉,湖北省,贷款,首套二套额度差异,不支持,首套二套基础最高额度统一，差异主要在利率与首付,https://zgj.wuhan.gov.cn/xxgk/zcfgyjd_1/qtzdgkwj/202509/t20250930_2655420.shtml,政府网站
武汉,湖北省,贷款,绿色建筑上浮,支持,购买绿色建筑贷款额度按1.1倍计算,https://gjj.wuhan.gov.cn/bsfw/ywzl/ywzn/dkyw/202412/t20241219_2504837.html,政府网站
武汉,湖北省,贷款,二孩家庭上浮,支持,多子女家庭贷款额度上浮20%,https://gjj.wuhan.gov.cn/bsfw/ywzl/ywzn/dkyw/202412/t20241219_2504837.html,政府网站
武汉,湖北省,贷款,三孩家庭上浮,支持,多子女家庭（含三孩）上浮20%,https://gjj.wuhan.gov.cn/bsfw/ywzl/ywzn/dkyw/202412/t20241219_2504837.html,政府网站
武汉,湖北省,贷款,人才青年上浮,支持,青年人才购房享受贷款贴息及专项支持,https://news.cjn.cn/zjjjdpd/yw_20048/202605/t5297483.htm,其他新闻
武汉,湖北省,贷款,家庭共享额度代际互助,支持,2026年5月26日起实施代际互助,https://news.cjn.cn/zjjjdpd/yw_20048/202605/t5297483.htm,其他新闻
武汉,湖北省,贷款,商转公,支持,2026年5月26日起实施商转公,https://news.cjn.cn/zjjjdpd/yw_20048/202605/t5297483.htm,其他新闻
武汉,湖北省,贷款,最长贷龄30年,支持,,https://wh.bendibao.com/live/whgjj/?cond=cond0_2,其他新闻
武汉,湖北省,提取,购房一次性提取,支持,首套房凭不动产权证每36个月提取一次、累计不超购房总价；购本市新建商品住房可在合同签订12个月内凭备案合同提取一次；二套房办证后仅可提取一次。,,
武汉,湖北省,提取,租房提取限额,支持,单身职工每年可提取18000元、已婚职工及配偶每年36000元，不限提取次数；高层次和高技能领军人才限额翻倍至36000元/72000元。,,
武汉,湖北省,提取,多孩租房上浮,支持,2026年租房提取新政统一按不超过1800元/月执行；多子女家庭仍享受上浮50%政策，即不超过2700元/月，公租房、保租房仍可据实提取。,,
武汉,湖北省,提取,加装电梯提取,支持,房屋所有权人及其配偶、子女自实际出资之日起36个月内每人可提取一次，累计不超该户电梯建设费用（不含运行维护费）个人实际出资额。,,
武汉,湖北省,提取,车位购置提取,不支持,《武汉住房公积金提取管理办法》第九条明确规定：购买写字楼、商铺、车库等非住宅的，不能办理住房消费类提取。,,
武汉,湖北省,提取,大病救助提取,支持,职工及配偶、子女患重症（恶性肿瘤、肾透析、器官移植、心脏搭桥等7类），凭12个月内凭证按年提取一次，金额不超当期医疗费用自费部分。,,
武汉,湖北省,提取,既提又贷,有条件支持,限2023年12月1日至2026年6月30日期间备案的本市新建商品房，提取后账户余额不得低于6倍月缴存额方可再申办公积金贷款 阶段性政策支持提取公积金支付新建商品房首付款后仍可申请公积金贷款；但提取后余额低于6倍月缴存额将不符合贷款条件，且贷款额度按提取后余额计算。,,
武汉,湖北省,提取,首付直付,不支持,武汉为首付”先垫后提”模式：合同备案满6个月（已放款的不受此限）且12个月内可提取一次，资金实时转入本人银行卡，非直接划付开发商。,,
武汉,湖北省,提取,代际互助,不支持,武汉公积金中心2025年9月答复：提取情形仅限“职工及配偶”，父母不能以子女所购住房提取公积金；仅加装电梯情形允许提取子女公积金。,,
武汉,湖北省,提取,按月冲还商贷,有条件支持,仅首套自住住房纯商业贷款可按月提取（须正常还款满6个月）；组合贷款商贷部分仍每36个月提取一次。 武汉2026年新规取消首套纯商贷每年仅提取一次的限制，正常还款满6个月后即可每月提取一次公积金偿还商贷；组合贷商贷部分仍按每36个月提取一次执行。,,
武汉,湖北省,提取,物业费提取,不支持,武汉住房公积金管理中心明确答复：现行《武汉住房公积金提取管理办法》共20种提取类型，涵盖购房及建造自住住房、偿还购房贷款本息、租赁住房、既有住宅加装电梯、危旧房改造等，现阶段提取公积金支付自住住房物业费暂不在武汉可办理范围。中心称已将该诉求纳入政策优化范围、正联合相关部门加速推进制定，须履行法定审批流程后由官网、公众号发布。,,
武汉,湖北省,提取,住房装修提取,不支持,"武汉住房公积金管理中心在市政府信件回复中明确""武汉市没有装修提取公积金的政策""，仅可办理购房、还贷、租房、加装电梯、危旧房改造等类型；另规定职工及配偶有未结清公积金贷款的，除偿还公积金贷款或首套组合贷中商业贷款外不能办理其他提取。旧条例情形中的建造、翻建、大修不等于装修，大修须危房鉴定。",,
武汉,湖北省,缴存-灵活就业,支持,,武汉住房公积金管理中心 武公中规〔2026〕4号《武汉市灵活就业人员住房公积金缴存使用管理办法》解读,https://gjj.wuhan.gov.cn/xxfw/zdgz/xgzcjd/202605/t20260511_2762738.html,2026-05
武汉,湖北省,缴存-缓缴,支持,适用于缴存住房公积金确有困难的单位,武汉住房公积金管理中心关于印发武汉住房公积金缴存管理办法和实施细则的通知,https://gjj.wuhan.gov.cn/wgw/zcfg_wgw/202412/t20241219_2504694.html,2024-12-19
宜昌,湖北省,贷款,单双职工额度差异,不支持,"2025年将""双职工50万/单职工40万""统一为""最高均为50万""",http://xxgk.yichang.gov.cn/show.html?id=3171&t=7,政府网站
宜昌,湖北省,贷款,首套二套额度差异,支持,首套按账户余额80%、二套按70%核定额度,https://xxgk.yichang.gov.cn/show.html?aid=1&depid=910&id=239162,政府网站
宜昌,湖北省,贷款,绿色建筑上浮,有条件支持,购买高品质住宅试点项目贷款额度上浮50%；未检索到星级绿色建筑专项上浮政策,https://gjj.yichang.gov.cn/content-55762-6323-1.html,政府网站
宜昌,湖北省,贷款,二孩家庭上浮,支持,二孩及以上家庭贷款额度上浮1.4倍,https://www.yichang.gov.cn/zfxxgk/show.html?id=225578&t=4,政府网站
宜昌,湖北省,贷款,三孩家庭上浮,支持,多孩家庭含三孩，额度上浮1.4倍,https://www.yichang.gov.cn/zfxxgk/show.html?id=225578&t=4,政府网站
宜昌,湖北省,贷款,人才青年上浮,支持,高层次人才贷款额度按1.2至3倍核定,http://xxgk.yichang.gov.cn/show.html?aid=1&id=239151,政府网站
宜昌,湖北省,贷款,家庭共享额度代际互助,支持,子女购房父母可提取，2026-01-28起实施代际互助,https://www.yichang.gov.cn/zfxxgk/show.html?aid=1&id=244754,政府网站
宜昌,湖北省,贷款,商转公,支持,商转公直转无需自筹结清原商贷,https://www.yichang.gov.cn/zfxxgk/show.html?aid=1&id=239153&depid=910,政府网站
宜昌,湖北省,贷款,最长贷龄30年,支持,最长贷款期限30年，延长至退休后5年,https://www.yichang.gov.cn/zfxxgk/show.html?aid=1&id=224973&t=4,政府网站
宜昌,湖北省,提取,购房一次性提取,支持,购房合同签订或首次取得不动产权证后2年内可提取，提取总额不超过购房款金额，有个人住房贷款的还须减除贷款金额。,,
宜昌,湖北省,提取,租房提取限额,支持,宜昌城区（含夷陵区）每年不超过18000元，各县市每年不超过9000元；租住公租房、保障性租赁住房的按实际租金据实提取。,,
宜昌,湖北省,提取,多孩租房上浮,支持,生育二孩及以上家庭可按租房每年最高提取额度的2倍申请，即城区36000元/年、县市18000元/年；各类人才按人才政策执行提取上限。,,
宜昌,湖北省,提取,加装电梯提取,支持,既有住宅增设电梯可提取；缴存人及直系亲属（配偶、父母、子女）可提取用于支付电梯加装更新及适老化、适儿化、老旧小区改造的个人分摊费用。,,
宜昌,湖北省,提取,车位购置提取,不支持,宜昌公积金中心2026年8月答复：国务院《住房公积金管理条例》限定用于购买、建造、翻建、大修自住住房，购买停车位不可申请使用住房公积金。,,
宜昌,湖北省,提取,大病救助提取,未确认,现行《宜昌住房公积金提取管理办法》未将重大疾病列入提取情形，公开检索未找到宜昌公积金中心明确的重大疾病提取额度与病种规定，暂无法确认。,,
宜昌,湖北省,提取,既提又贷,支持,办理公积金直接支付首付款业务后，符合条件的仍可办理公积金贷款；提取总额与住房贷款额合计不得超过房屋总价（提取≤合同总价－贷款金额）。,,
宜昌,湖北省,提取,首付直付,支持,购买宜昌市预售新建商品住房，公积金余额可直接划转至开发企业预售资金监管专用账户；首套可用本人及配偶、父母、子女，二套限本人及配偶。,,
宜昌,湖北省,提取,代际互助,支持,购房人在全国范围内购买自住住房，其父母、成年子女可代际提取，用途含购房、偿还公积金贷款、组合贷及商业贷款，取消首套与缴存地限制。,,
宜昌,湖北省,提取,按月冲还商贷,不支持,宜昌“委托提取还贷（逐月提取还贷）”业务仅用于偿还住房公积金贷款，管理办法明确“不包括住房公积金组合贷款中的商业贷款部分”。商贷仅可办理提取（2025年9月起取消提取间隔限制），无按月委托划扣/月冲商贷业务。,,
宜昌,湖北省,提取,物业费提取,支持,"缴存人家庭（缴存人及配偶）在宜昌区域内拥有自主产权住房并缴纳物业管理费，可提取住房公积金账户余额；提取金额不超过当年或上一年度实际缴纳物业费总额，年度最高限额3000元；多套住房每年只能选定其中一套办理。材料：夫妻双方身份证、一类借记卡、婚姻关系材料、不动产权证书或购房合同、本年度或上年度物业费收据。首次线下建档，次年可通过""宜昌公积金中心""公众号线上自助办理；有未结清公积金贷款或账户冻结的不能办理。",,
宜昌,湖北省,提取,住房装修提取,不支持,"宜昌住房公积金中心明确答复：装修不属于《住房公积金管理条例》规定的使用事项，中心不能制定条例规定以外的政策，即不能以装修名义提取或贷款；官方办事指南同时提示""建造或翻建自住住房与装修房子概念不一样，目前装修房子不可以提取住房公积金""。仅建造、翻建、大修可提取，大修须房屋安全鉴定为危房。",,
宜昌,湖北省,缴存-灵活就业,支持,,宜昌市人民政府办公室《宜昌市灵活就业人员参加住房公积金制度试点方案》通知(宜府办发〔2025〕3号),https://www.yichang.gov.cn/zfxxgk/show.html?id=224327&t=4,2025-01
宜昌,湖北省,缴存-缓缴,支持,单位经营困难的，经职代会或工会审议通过并向中心申请，由管委会授权中心审批后可降低比例或缓缴，期限最长1年。,宜昌市人民政府《宜昌住房公积金缴存管理办法》(修订) 第二十八条,https://www.yichang.gov.cn/zfxxgk/show.html?aid=1&id=217272&depid=910&t=4,
黄石,湖北省,贷款,单双职工额度差异,支持,单方缴存最高80万、双方缴存最高90万,https://gjj.huangshi.gov.cn/bsfw/bszn/202211/t20221118_967550.html,政府网站
黄石,湖北省,贷款,首套二套额度差异,支持,首套不与余额挂钩、二套按余额20倍；首套80%、二套70%,https://gjj.huangshi.gov.cn/bsfw/bszn/202211/t20221118_967550.html,政府网站
黄石,湖北省,贷款,绿色建筑上浮,支持,二星级及以上绿色建筑、高品质住宅贷款额度上浮30%,https://gjj.huangshi.gov.cn/zwgk/zc/qtzdgkwj/202512/t20251202_1285404.html,政府网站
黄石,湖北省,贷款,二孩家庭上浮,支持,二孩家庭贷款额度上浮20%,https://gjj.huangshi.gov.cn/bsfw/bszn/202211/t20221118_967550.html,政府网站
黄石,湖北省,贷款,三孩家庭上浮,支持,三孩家庭贷款额度上浮30%,https://gjj.huangshi.gov.cn/bsfw/bszn/202211/t20221118_967550.html,政府网站
黄石,湖北省,贷款,人才青年上浮,支持,东楚英才卡A/B卡对应120万/110万等人才额度,https://gjj.huangshi.gov.cn/bsfw/bszn/202211/t20221118_967550.html,政府网站
黄石,湖北省,贷款,家庭共享额度代际互助,支持,未缴存购房人可由父母、子女作为借款人共同申请,https://zjt.hubei.gov.cn/bmdt/dtyw/szsm/202605/t20260527_5944860.shtml,官媒
黄石,湖北省,贷款,商转公,支持,一次性补缴6个月即可办理商转公,https://gjj.huangshi.gov.cn/bsfw/bszn/202305/t20230511_1013307.html,政府网站
黄石,湖北省,贷款,最长贷龄30年,支持,最长30年，延长至退休后5年（男68、女63）,https://gjj.huangshi.gov.cn/bsfw/bszn/202211/t20221118_967550.html,政府网站
黄石,湖北省,提取,购房一次性提取,支持,发生购房行为1年内（武汉1+8城市圈新建商品房可按备案合同时间）一套住房只可提取一次，额度以不超总购房款为限，账户保留百位数以下余额。,,
黄石,湖北省,提取,租房提取限额,支持,租住商品住房按实际支付租金提取，最高提取额度15000元/年；退伍军人、大中专及以上毕业生最高20000元/年；租住公租房、廉租房据实提取。,,
黄石,湖北省,提取,多孩租房上浮,未确认,黄石公积金中心公开的提取业务服务手册仅按是否为退伍军人、大中专及以上毕业生区分租房提取上限，未检索到多孩家庭租房提取上浮的明确条款。,,
黄石,湖北省,提取,加装电梯提取,支持,既有住宅增设电梯实行代际互助，可提取产权人、配偶、父母、子女的公积金，提取额度以不超过因增设电梯分摊的费用为限。,,
黄石,湖北省,提取,大病救助提取,支持,职工本人或家庭成员患重大疾病，可同时提取职工本人和配偶的住房公积金，提取额度以不超过个人支付的治疗费用为限，每年可提取一次。,,
黄石,湖北省,提取,既提又贷,支持,黄石明确：所购住房为黄石地区新建商品房的，可先申请提取公积金支付首付款再申请公积金贷款；其他情形使用公积金贷款购房的余额只能用于还贷。,,
黄石,湖北省,提取,首付直付,支持,凭认购协议等取得《提取住房公积金账户余额支付购房首付提取确认表》后再签备案合同，中心将公积金直接支付至开发企业收款账户，可代际互助。,,
黄石,湖北省,提取,代际互助,支持,购房、支付首付款、以旧换新、加装电梯、适老化改造、危旧房改造等情形均可同时提取购房人和配偶、父母、子女的住房公积金，需提供亲属关系证明。,,
黄石,湖北省,提取,按月冲还商贷,支持,黄石推行“商贷按月提取还贷”，线下服务手册规定商贷提取“每月可提取一次”，2026年6月新政明确按月提取偿还商贷，打破原每年一次的频次限制，适配职工月度还贷需求。,,
黄石,湖北省,提取,物业费提取,支持,职工缴纳黄石行政区域内自有住房物业费，本人及配偶每一自然年度可提取一次，按当年实际支付额提取并按房屋面积分三档限额：小于90㎡限额2000元，90—144㎡（含）限额3000元，大于144㎡限额3500元；家庭每年只能凭一套住房提取。材料：身份证、结婚证（或单身声明）、本人一类银行卡、自有住房不动产权证；市中心各网点及旗舰店办理，3个工作日办结。若核查缴存人实际未支付物业费，取消其5年内物业费提取资格。,,
黄石,湖北省,提取,住房装修提取,不支持,黄石2026年6月1日起施行的10条新政新增物业费提取、车库（位）提取、危旧房改造支持、按月提取还商贷等，均未含装修提取；现行提取业务手册的住房消费类情形为购买自住住房、建造/翻建/大修（大修须县级以上机构鉴定为C级或D级危房并提供鉴定报告）、还贷、租房、既有住宅增设电梯、老旧小区改造、物业费等，无装修提取项。,,
黄石,湖北省,提取,车位购置提取,支持,职工在黄石行政区域内购买与自住住房同一小区车库（位），自车库（位）产权证登记之日起一年内，提取一次。,,
黄石,湖北省,缴存-灵活就业,支持,,黄石市人民政府《灵活就业人员缴存公积金享多重福利》部门回复,https://www.huangshi.gov.cn/xwdt/rdgz/202505/t20250515_1222125.html,2025-05
黄石,湖北省,缴存-缓缴,支持,缴存住房公积金确有困难的单位，经职代会或工会讨论通过并经公积金中心审核(管委会授权中心审批)可降低比例或缓缴。,黄石市住房和城市更新局《黄石市住房公积金缴存业务办事指南(9)降低缴存比例和缓缴》,https://zjj.huangshi.gov.cn/index2019/hdjl_8002/dyjh_8007/202208/t20220810_929684.html,2022-08
十堰,湖北省,贷款,单双职工额度差异,支持,双缴存职工最高贷款额度较单缴存上浮20%,https://gjj.shiyan.gov.cn/szfgjjglzx/sfgwgkml/gzdt/202411/t20241127_4649347.shtml,政府网站
十堰,湖北省,贷款,首套二套额度差异,支持,首套按账户余额80%、二套按70%核定额度,https://www.shiyan.gov.cn/fw/cjfw/gjjdk/index.shtml,政府网站
十堰,湖北省,贷款,绿色建筑上浮,有条件支持,"购买""好房子""高品质住宅贷款额度上浮50%（即1.5倍）；未检索到星级绿色建筑专项",https://www.shiyan.gov.cn/fw/cjfw/gjjdk/index.shtml,政府网站
十堰,湖北省,贷款,二孩家庭上浮,支持,二孩及以上家庭额度上浮20%，2026年起按1.5倍,https://www.10yan.com/2026/0506/977097.shtml,其他新闻
十堰,湖北省,贷款,三孩家庭上浮,支持,多子女家庭含三孩，2026年起按1.5倍,https://www.10yan.com/2026/0506/977097.shtml,其他新闻
十堰,湖北省,贷款,人才青年上浮,支持,武当人才卡金卡不限、银卡2倍、菁英卡1.5倍,https://www.shiyan.gov.cn/fw/cjfw/gjjdk/index.shtml,政府网站
十堰,湖北省,贷款,家庭共享额度代际互助,支持,为父母、子女购房可申请公积金贷款,https://www.shiyan.gov.cn/zcjd/zcwdpt/sgjjzx/202112/t20211201_3421738.shtml,政府网站
十堰,湖北省,贷款,商转公,支持,允许商业贷款转公积金贷款,http://www.zhushan.cn/p/240706315.html,其他新闻
十堰,湖北省,贷款,最长贷龄30年,支持,最长30年，延长至退休后5年,https://www.shiyan.gov.cn/zcjd/zcwdpt/sgjjzx/202112/t20211201_3421738.shtml,政府网站
十堰,湖北省,提取,购房一次性提取,支持,购买自住住房每24个月可提取一次，累计提取金额不超过房屋总价；同一套住房办理购房提取后，可再申请公积金贷款或办理偿还住房贷款提取。,,
十堰,湖北省,提取,租房提取限额,支持,自2026年5月起单身职工1500元/月、已婚职工夫妻双方3000元/月；租住本市公租房、廉租房、保障性租赁住房、人才住房的按实际租金提取。,,
十堰,湖北省,提取,多孩租房上浮,未确认,十堰2026年新政提高了租房提取额度（单身1500元/月、已婚3000元/月）并支持公租房等据实提取，但未检索到多孩家庭租房额度再上浮的明确条款。,,
十堰,湖北省,提取,加装电梯提取,支持,为本市既有住宅加装或更新电梯的，自发票开具之日起5年内，本人及配偶、父母、子女可申请提取，累计金额不超过家庭实际支付金额。,,
十堰,湖北省,提取,车位购置提取,支持,在本市行政区域内新购买与所购住房同一小区的车库（位）的，自发票开具之日起5年内可申请提取，累计提取金额不超过车库（位）总价。,,
十堰,湖北省,提取,大病救助提取,支持,患重大疾病造成家庭生活困难可提取并购、还贷等情形实行代际互助；缴存人及配偶、父母、子女患重大疾病住院治疗的，提取额不超当期医疗费用自费部分。,,
十堰,湖北省,提取,既提又贷,支持,《十堰住房公积金提取管理办法》第十一条：同一套住房办理购房提取后，可申请住房公积金贷款或办理偿还住房贷款提取，提取与贷款合计不超房屋总价。,,
十堰,湖北省,提取,首付直付,支持,购买十堰行政区域内已备案新建商品房，购房人、配偶及代际人各可提取一次，合计不超买卖合同首付款额，资金由中心转入商品房预售资金监管账户。,,
十堰,湖北省,提取,代际互助,支持,购买、建造、翻建、大修自住住房、偿还住房贷款、加装电梯、适老化改造等情形可代际互助，代际互助范围限定为父母、子女。,,
十堰,湖北省,提取,按月冲还商贷,不支持,十堰商贷仅支持“偿还商业住房贷款提取”，正常还款12个月后每间隔12个月可提取一次；冲还贷（委托按月划扣）业务仅针对公积金贷款，商贷无按月委托提取/月冲。,,
十堰,湖北省,提取,物业费提取,支持,缴存人及配偶支付十堰市行政区域内自住住房物业服务费，可选择名下任意一套住房申请提取住房公积金，每年1次，提取金额不超过实际支付费用，上限4000元。提取要件：缴存人及配偶身份证、结（离）婚证、I类银行卡、不动产权证书或购房合同、物业服务费票据。,,
十堰,湖北省,提取,住房装修提取,支持,缴存人购买自住住房后，自购房合同备案或取得不动产权证书之日起5年内，本人及配偶可申请提取1次住房公积金用于该住房装修；提取标准1500元/㎡，提取总额按建筑面积计算，最高不超过20万元。此政策试行1年，试行期满后依实施效果及资金运行情况决定是否延续或调整。同期还新增电梯加装更新、城市更新（绿色节能改造、城中村改造、老旧小区改造、危旧房有机更新、共用部位维修分摊）、车库（位）、采暖费等提取情形。,,
十堰,湖北省,缴存-灵活就业,支持,,十堰住房公积金中心《十堰市灵活就业人员参加住房公积金制度政策措施的通知》,https://gjj.shiyan.gov.cn/szfgjjglzx/zc/gfxwj/202405/t20240517_4528840.shtml,2024-05
十堰,湖北省,缴存-缓缴,支持,经政府确定特困企业连续6个月未发工资、停产半年以上、或严重亏损且职工月均工资低于当地上年50%的单位，经职代会或工会通过并报中心审核可缓缴。,十堰市人民政府《十堰住房公积金归集业务实施细则》,https://www.shiyan.gov.cn/fw/ztfw/zfly/ggj/cxfw/202211/t20221109_4128301.shtml,2022-11
襄阳,湖北省,贷款,单双职工额度差异,支持,单职工最高70万、双职工最高80万,http://gjj.xiangyang.gov.cn/zxzx/gzdt/202501/t20250121_3750889.shtml,政府网站
襄阳,湖北省,贷款,首套二套额度差异,支持,认贷不认房；首套20%首付、二套25%/30%首付,http://xiangyang.gov.cn/zmhd/hygq/202503/t20250314_3778136.shtml,政府网站
襄阳,湖北省,贷款,绿色建筑上浮,有条件支持,购买高品质住宅、装配式住宅、现房贷款额度上浮30%,https://xy.cnhubei.com/content/2026-01/26/content_19793659.html,官媒
襄阳,湖北省,贷款,二孩家庭上浮,支持,多孩家庭贷款额度上浮20%，最高96万,https://xy.cnhubei.com/content/2026-01/26/content_19793659.html,官媒
襄阳,湖北省,贷款,三孩家庭上浮,支持,多孩家庭含三孩，额度上浮20%,https://xy.cnhubei.com/content/2026-01/26/content_19793659.html,官媒
襄阳,湖北省,贷款,人才青年上浮,支持,新市民、青年人、教师、医务人员、高层次人才上浮20%,https://xy.cnhubei.com/content/2026-01/26/content_19793659.html,官媒
襄阳,湖北省,贷款,家庭共享额度代际互助,支持,配偶及双方父母、子女可提取公积金,http://gjj.xiangyang.gov.cn/zwgk/zc/zcjd/t_3936359.shtml,政府网站
襄阳,湖北省,贷款,商转公,支持,恢复商转公，18家银行可办理,http://gzw.xiangyang.gov.cn/gzcy/zxft/202410/t20241011_3686253.shtml,政府网站
襄阳,湖北省,贷款,最长贷龄30年,支持,最长30年，缴存满5年可延长至退休后10年,http://xiangyang.gov.cn/zmhd/hygq/202503/t20250314_3778136.shtml,政府网站
襄阳,湖北省,提取,购房一次性提取,支持,购买自住住房累计提取金额不得大于实际支付的购房款，申请时间为自购房合同备案登记或取得不动产登记证书之日起24个月内。,,
襄阳,湖北省,提取,租房提取限额,支持,租住公共租赁住房、保障性租赁住房按实际房租支出全额提取并支持按月提取；租住商品住房不得大于襄阳公积金管委会公布的提取额度。,,
襄阳,湖北省,提取,多孩租房上浮,支持,租住商品住房时，40岁（含）以下青年人、高层次人才或多孩家庭的提取额度可上浮50%，且租房提取可按月提取支付房租。,,
襄阳,湖北省,提取,加装电梯提取,支持,既有住宅加装或更新电梯可提取，缴存人及直系亲属（配偶、父母、子女）可共同提取用于支付个人分摊费用，金额不超家庭实际支付金额。,,
襄阳,湖北省,提取,大病救助提取,有条件支持,2025年办法新增“国家或本市规定的其他情形”兜底条款，重大疾病具体标准由市住房公积金中心在《提取业务操作细则》中另行明确 现行办法未单列大病情形；政策解读明确将职工及配偶、子女患重大疾病情形适时纳入，待中心在操作细则中明确，线上已开通大病医疗提取业务。,,
襄阳,湖北省,提取,既提又贷,未确认,襄阳市提取管理办法仅规定购房提取累计额不得大于实际支付的购房款，公开检索未找到襄阳关于“先提取再申请公积金贷款”的明确条款。,,
襄阳,湖北省,提取,首付直付,未确认,襄阳代际互助政策允许提取亲属公积金用于支付新建商品住房首付款，但公开文件未明确资金是否由中心直接划付开发企业，暂无法确认为直付。,,
襄阳,湖北省,提取,代际互助,支持,2026年1月1日至12月31日，购买襄阳辖区新建商品住房可提取配偶及双方父母、子女的公积金，用于支付首付款和偿还公积金贷款，合计不超首付或已还本息。,,
襄阳,湖北省,提取,按月冲还商贷,不支持,襄阳商贷提取频次2026年3月起由每年一次放宽至每季度一次（同一笔贷款一年内累计提取不得超过4次），无“按月委托提取/月冲”商贷业务；按月对冲仅适用于公积金贷款。,,
襄阳,湖北省,提取,物业费提取,支持,缴存人及配偶在襄阳市行政区域内拥有自住住房的，每年可就家庭名下一套自住住房的物业费（含物业服务费、公共能耗费、车位管理费）申请提取一次，提取金额不超过12个月实际支出，且家庭当年合计不超过4000元；无购房年限限制，提取间隔不少于12个月，超期不予补提；不得提取父母及子女名下住房的物业费。材料：身份证、一类银行卡、结婚证（提取配偶的）、不动产权证书或备案购房合同、物业费增值税普通发票。全市统一执行。,,
襄阳,湖北省,提取,住房装修提取,支持,缴存人在襄阳市行政区域内购买自住住房的，自购房合同网签备案或取得不动产权证书之日起5年内，本人及配偶可申请提取一次住房公积金用于该住房装修；按房屋建筑面积1500元/㎡核定，提取总额不超过实际装修费用且最高不超过20万元，并不超过双方账户余额，同一套住房限提取一次。仅覆盖硬装（水电改造、墙面基层、地面铺贴、厨卫防水、功能性门窗更换、墙体修缮保温），不含家电家具软装；分整装（装修合同+增值税发票）与自装（主材发票+明细表+承诺书）两种申报方式；老旧小区、棚户区改造按改造提取政策执行。,,
襄阳,湖北省,提取,车位购置提取,支持,自2026年8月1日起，购买与自住住房同一小区车库（位）的，自取得购置发票之日起2年内可一次性提取，合计不超发票总价，同一车位限提取一次。,,
襄阳,湖北省,缴存-灵活就业,支持,,襄阳市住房公积金中心《襄阳市灵活就业人员住房公积金缴存使用管理办法》通知(襄公积金发〔2024〕6号),http://gjj.xiangyang.gov.cn/bsfw/gjjjc/202407/t20240715_3639732.shtml,2024-07
襄阳,湖北省,缴存-缓缴,支持,本市缴存困难单位（濒临破产/已停产/连续两年亏损/已批准缓缴社保等），经职代会或工会讨论通过并公示后可申请降比或缓缴。,襄阳市住房公积金中心《关于规范住房公积金降低缴存比例和缓缴有关事项的通知》(襄公积金发〔2026〕6号),http://gjj.xiangyang.gov.cn/zwgk/zc/tzgg/202607/t20260706_4027024.shtml,2026-07
黄冈,湖北省,贷款,单双职工额度差异,支持,单职工最高70万、双缴存最高100万,https://gjj.hg.gov.cn/xwdt/zxdt/1314089.html,政府网站
黄冈,湖北省,贷款,首套二套额度差异,不支持,2026修订版首套、二套统一最高70万,https://gjj.hg.gov.cn/zwgk/public/6636168/1711965.html,政府网站
黄冈,湖北省,贷款,绿色建筑上浮,支持,一星5%、二星10%、三星15%；高品质、装配式上浮20%,https://www.hg.gov.cn/zt/grzhgjjhblgjjdk/index.html,政府网站
黄冈,湖北省,贷款,二孩家庭上浮,支持,二孩、三孩家庭额度上浮20%，单84万/双120万,https://gjj.hg.gov.cn/xwdt/zxdt/1314089.html,政府网站
黄冈,湖北省,贷款,三孩家庭上浮,支持,三孩含于多孩家庭，额度上浮20%,https://gjj.hg.gov.cn/xwdt/zxdt/1314089.html,政府网站
黄冈,湖北省,贷款,人才青年上浮,支持,高层次人才楚才卡、教师医务人员等额度上浮20%,https://gjj.hg.gov.cn/xwdt/zxdt/1314089.html,政府网站
黄冈,湖北省,贷款,家庭共享额度代际互助,支持,亲情账户代际互助，父母、子女、配偶共享额度,https://gjj.hg.gov.cn/zwgk/public/6636168/1712018.html,政府网站
黄冈,湖北省,贷款,商转公,支持,允许商业贷款转公积金贷款,https://www.hg.gov.cn/content/article/9377126,政府网站
黄冈,湖北省,贷款,最长贷龄30年,支持,最长30年，延长至退休后5年（男68、女63）,https://gjj.hg.gov.cn/zwgk/public/6636168/1711965.html,政府网站
黄冈,湖北省,提取,购房一次性提取,支持,发生购房行为一年内（以合同网签备案时间为准）可提取，提取总额不超过房屋总价，首付比例不低于15%；可提取本人、配偶、父母、子女余额。,,
黄冈,湖北省,提取,租房提取限额,支持,无房职工每年据实提取一次，也可申请按月直付，提取总额每年不超过3万元；租住公共租赁住房、保障性租赁住房按实际租金支付。,,
黄冈,湖北省,提取,多孩租房上浮,未确认,黄冈对二孩三孩家庭给予贷款额度上浮20%、先取后贷、住房套数核减1套等支持，但未检索到多孩家庭租房提取限额上浮的明确条款。,,
黄冈,湖北省,提取,加装电梯提取,支持,既有住宅加装电梯监督检验合格后2年内可一次性提取，按实际出资额据实提取（不含电梯运行维护费用），最高不超过个人分摊部分。,,
黄冈,湖北省,提取,车位购置提取,支持,在我市购买与所购住房同一小区车库（位）可提取本人及配偶公积金，夫妻累计提取额不超过车库（位）总价，且不得明显高于同地段市场均价。,,
黄冈,湖北省,提取,大病救助提取,支持,2025年6月新增大病提取：本人或家庭成员患重大疾病且自费部分超1万元，可一次性提取本人、配偶、父母、子女的公积金，合计不超医保报销后自费差额。,,
黄冈,湖北省,提取,既提又贷,支持,黄冈全面放开“先取后贷”“又取又贷”：同一套住房可先提取本人、配偶、父母、子女的公积金，不足部分再办理公积金贷款，取贷之和不超房屋总价。,,
黄冈,湖北省,提取,首付直付,有条件支持,限黄冈市行政区域内新建商品住房和存量住房（二手房），申请人无未结清公积金贷款且账户未被冻结，需提供《房屋买卖确认书》《承诺书》《委托书》 购买新建商品房和二手房均可提取公积金支付首付款，提取总额不超过房屋总价；二手房提取付首付后，同一套住房不可再办理购房提取。,,
黄冈,湖北省,提取,代际互助,支持,可设立公积金“亲情账户”，本人、配偶、子女及双方父母实现账户共济、额度共用、债务共担；也可办理“代际互助”贷款，父母为子女购首套房亦适用。,,
黄冈,湖北省,提取,按月冲还商贷,支持,黄冈2026年“新十条”明确偿还商业住房贷款支持按月提取；提取管理办法规定商贷在银行还款账户连续扣款6个月后，可按年提取一次，也可每月提取。,,
黄冈,湖北省,提取,物业费提取,支持,支付住房物业管理费的，可提取职工本人或配偶的住房公积金，每年据实提取一次，按黄冈当前物业管理费标准每年不超过3000元；需提供房屋权属证明或租房协议、物业费收据。有未结清公积金贷款或账户非正常状态的按办法一般规定受限。,,
黄冈,湖北省,提取,住房装修提取,不支持,"黄冈住房公积金中心政策答疑明确：装修住房不能提取公积金，《住房公积金管理条例》提取范围不含装修，并援引住建部建金服函〔2018〕49号""严禁随意扩大住房公积金用途，取消装修提取和装修贷款""；大修与装修有本质区别，大修须提供县级（含）以上房屋安全鉴定机构核定为C级及以上危房的鉴定报告。现行可提取情形清单（购房、建造/翻建/大修、还贷、物业费、租房、老旧小区改造、加装电梯等）不含装修。",,
黄冈,湖北省,缴存-灵活就业,支持,,黄冈住房公积金中心-住房公积金缴存登记办事指南,https://gjj.hg.gov.cn/bsfw/fwzn/573342.html,2026
黄冈,湖北省,缴存-缓缴,支持,,黄冈住房公积金缴存管理办法(2026年修订版),https://gjj.hg.gov.cn/zwgk/public/6636168/1711957.html,2026
孝感,湖北省,贷款,单双职工额度差异,支持,双缴存职工额度上调10万，单60万/双70万,https://zrzy.xiaogan.gov.cn/tdgl/2094333.jhtml,政府网站
孝感,湖北省,贷款,首套二套额度差异,支持,首套可贷80%、二套可贷70%,https://zrzy.xiaogan.gov.cn/tdgl/2094333.jhtml,政府网站
孝感,湖北省,贷款,绿色建筑上浮,支持,装配式商品房、二星级及以上绿色建筑额度上浮20%,https://www.xiaogan.gov.cn/fw/ztfw02/ztfwzf/gjjtq/zcwj233/202312/t20231214_38324.shtml,政府网站
孝感,湖北省,贷款,二孩家庭上浮,支持,多孩家庭额度上浮20%，最高72万,https://zrzy.xiaogan.gov.cn/tdgl/2094333.jhtml,政府网站
孝感,湖北省,贷款,三孩家庭上浮,支持,多孩家庭含三孩，额度上浮20%,https://zrzy.xiaogan.gov.cn/tdgl/2094333.jhtml,政府网站
孝感,湖北省,贷款,人才青年上浮,支持,新市民、青年人、教师、医务人员、多孩上浮20%；楚才卡人才,https://zrzy.xiaogan.gov.cn/tdgl/2094333.jhtml,政府网站
孝感,湖北省,贷款,家庭共享额度代际互助,支持,为父母、子女购房可申请贷款或提取，可作共同还款人,https://zrzy.xiaogan.gov.cn/tdgl/2094333.jhtml,政府网站
孝感,湖北省,贷款,商转公,支持,取消缴存地限制，允许商转公,https://www.xiaogan.gov.cn/fw/ztfw02/ztfwzf/gjjtq/zcwj233/202312/t20231214_38324.shtml,政府网站
孝感,湖北省,贷款,最长贷龄30年,支持,最长30年，延长至退休后5年,https://zrzy.xiaogan.gov.cn/tdgl/2094333.jhtml,政府网站
孝感,湖北省,提取,购房一次性提取,支持,购买、建造、翻建、大修自住住房可提取，额度不超过房屋总价款；2026年4月1日起公积金贷款和住房消费类提取时限由1年延长至3年。,,
孝感,湖北省,提取,租房提取限额,支持,租赁住房可按月提取，每年提取总额不超过20000元；租住公共租赁住房、保障性租赁住房的可委托公积金中心向租赁机构划转公积金直接支付房租。,,
孝感,湖北省,提取,多孩租房上浮,支持,引进人才、二孩及以上（多孩）家庭租房提取年总额在20000元基础上上浮50%，即最高30000元，并支持按月提取、委托直付房租。,,
孝感,湖北省,提取,加装电梯提取,支持,老旧小区改造（含既有住宅加装电梯）可提取，额度不超过该户实际出资额；2026年新政新增绿色节能改造、危旧房有机更新、共用部位维修等情形。,,
孝感,湖北省,提取,大病救助提取,支持,孝感市公积金管委会明确的非住房消费类提取情形包含“重大疾病”，与离休退休、出境定居、低保等并列，但公开文本未细化提取额度与病种标准。,,
孝感,湖北省,提取,既提又贷,支持,孝感规定借款申请人购买自住住房，提取和贷款的额度之和不超过所购房屋总价款，即允许先提取再申请公积金贷款，但提贷合计不得超总价。,,
孝感,湖北省,提取,首付直付,有条件支持,限以公积金贷款购买本市新建商品住房且无未结清公积金贷款，提取资金划转至开发企业商品住房预售资金监管账户；二手房不适用 购买本市新建商品住房可申请提取一次公积金支付首付款，额度不超购房合同约定的首付款金额，提取资金划转至开发企业预售资金监管账户。,,
孝感,湖北省,提取,代际互助,支持,缴存职工及配偶在其子女或父母购房时可申请家庭代际互助，既可贷款也可提取；2026年新政允许为子女或父母购买二套自住住房申请公积金贷款。,,
孝感,湖北省,提取,按月冲还商贷,支持,孝感“偿还商业贷款提取公积金”办事指南明确缴存职工可按月提取公积金余额用于偿还本人及配偶的商业住房贷款，可通过网上营业厅、微信公众号或柜面办理，累计提取不超过贷款金额，账户最低保留100元。,,
孝感,湖北省,提取,物业费提取,支持,"缴存职工家庭每年可提取一次住房公积金用于支付物业管理费，提取额度不超过实际支付额且最高不超过3000元；须无正在还款的公积金贷款；可在""孝感公积金""微信公众号业务办理—个人业务中选择""物业费提取""自助办理，无需纸质手续、即时到账（需使用银行一类卡），亦可柜面办理。",,
孝感,湖北省,提取,住房装修提取,不支持,"孝感市住房公积金中心答复明确""目前暂无装修提取住房公积金的政策""，本地缴存、在武汉等异地有房需装修的同样不可提取；另有答复直接指出""装修住房不能使用住房公积金""。现行住房消费类提取共8项：购买/建造/翻建/大修自住住房、支付购房首付款、租赁住房、偿还购房贷款本息、老旧小区改造（含加装电梯）、适老化改造、物业管理费、适儿化改造，均不含装修。",,
孝感,湖北省,提取,车位购置提取,支持,购买同一小区车库（位）可凭不动产权证书或网签合同3年内提取一次。,,
孝感,湖北省,缴存-灵活就业,支持,,孝感市人民政府-我市住房公积金再出新政 灵活就业人员可缴存使用住房公积金,https://www.xiaogan.gov.cn/bmdh/1872317.jhtml,2025
孝感,湖北省,缴存-缓缴,支持,,孝感市住房公积金管理委员会关于明确住房公积金归集政策的通知,http://gkml.xiaogan.gov.cn/c/www/qt/154885.jhtml,
荆州,湖北省,贷款,单双职工额度差异,支持,单缴存50万、双缴存70万；2026新政提至60万/80万,https://zwgk.jingzhou.gov.cn/policy_info.shtml?id=711817,政府网站
荆州,湖北省,贷款,首套二套额度差异,支持,首套按房屋价值80%、二套按70%核定额度,https://www.jingzhou.gov.cn/ywzt/gjjblzn/gjjdk/202309/t20230926_871317.shtml,政府网站
荆州,湖北省,贷款,绿色建筑上浮,有条件支持,"购买""好房子""高品质住宅、现房销售项目在最高额度基础上上浮20%；未检索到星级绿色建筑专项",https://zwgk.jingzhou.gov.cn/policy_info.shtml?id=711817,政府网站
荆州,湖北省,贷款,二孩家庭上浮,支持,二孩及以上家庭购买首套普通自住房额度1.5倍,https://www.jingzhou.gov.cn/ywzt/gjjblzn/index.shtml?name=gjj-szg,政府网站
荆州,湖北省,贷款,三孩家庭上浮,支持,三孩含于二孩及以上家庭，首套额度1.5倍,https://www.jingzhou.gov.cn/ywzt/gjjblzn/index.shtml?name=gjj-szg,政府网站
荆州,湖北省,贷款,人才青年上浮,支持,楚才卡3倍；招硕引博博士1.5倍、硕士1.2倍；新市民、青年、农村户籍上浮10%,https://www.jingzhou.gov.cn/ywzt/gjjblzn/gjjdk/202309/t20230926_871317.shtml、https://zwgk.jingzhou.gov.cn/policy_info.shtml?id=711817,政府网站
荆州,湖北省,贷款,家庭共享额度代际互助,支持,全国范围代际互助，父母、子女购房可提取或申请贷款,https://zwgk.jingzhou.gov.cn/policy_info.shtml?id=711817,政府网站
荆州,湖北省,贷款,商转公,支持,允许商业贷款转公积金贷款，含异地缴存职工,https://www.jingzhou.gov.cn/ywzt/gjjblzn/index.shtml?name=gjj-szg,政府网站
荆州,湖北省,贷款,最长贷龄30年,支持,最长30年，延长至退休后5年（男68、女63）,https://zwgk.jingzhou.gov.cn/policy_info.shtml?id=682293,政府网站
荆州,湖北省,提取,购房一次性提取,支持,购买自住住房可提取本人及配偶账户余额；购房提取时限由购房行为发生1年内放宽至2年内，且购房提取金额＋还贷提取金额不超过房屋总价。,,
荆州,湖北省,提取,租房提取限额,支持,租住社会出租屋每年提取额最高不超过18000元且不超过当年实际支付的租房总额；2025年第二批新政取消频次限制，改为随时提取、不限次数。,,
荆州,湖北省,提取,多孩租房上浮,未确认,荆州2025年第二批新政仅放宽了租房提取频次，额度仍维持每年最高18000元；未检索到荆州多孩家庭租房提取额度上浮的明确条款。,,
荆州,湖北省,提取,加装电梯提取,支持,2025年新政支持提取公积金用于老旧电梯更新改造，限列入政府发布名单的项目，按实际支出金额提取，可提取本人及配偶账户余额。,,
荆州,湖北省,提取,车位购置提取,未确认,荆州住房公积金中心《关于2026年惠民便民新政的意见征集》中提出支持购买同小区车库（位）提取，但2026年已发布的第一、二批正式新政均未采纳该条款。,,
荆州,湖北省,提取,大病救助提取,支持,荆金〔2024〕7号第八条支持提取公积金用于大病医疗：本人、配偶及子女因患重大疾病造成家庭生活严重困难可提取，2024年已由“未成年子女”放宽为“子女”。,,
荆州,湖北省,提取,既提又贷,支持,2026年第一批惠民新政明确支持购房“既取又贷”：办理购房提取后符合贷款条件仍可申请公积金贷款，同一套房提取额与贷款额之和不超购房款总额。,,
荆州,湖北省,提取,首付直付,有条件支持,限在荆州市行政区划内购买商品房，依荆金〔2024〕7号第二条办理；公开文件未明确资金是否由中心直接划付开发企业 荆金〔2024〕7号规定在荆州市行政区划内购买商品房时实施提取住房公积金支付购房首付款政策，具体划付方式以中心窗口口径为准。,,
荆州,湖北省,提取,代际互助,支持,2026年5月起代际互助范围由省内拓宽至全国：缴存人及配偶、双方父母（子女）在全国范围内购买自住房均可提取，累计提取额＋贷款额不超总购房款。,,
荆州,湖北省,提取,按月冲还商贷,不支持,荆州明确规定商业贷款无法办理公积金按月划扣，商贷仅支持按年提取12个月应还款额、一次性结清或部分还本提取；委托按月划扣还贷业务仅适用于公积金贷款。,,
荆州,湖北省,提取,物业费提取,支持,"缴存住房公积金的职工，家庭（本人及配偶）名下在荆州行政区域内有自有住房的，每年可提取一次住房公积金支付房屋物业费，每次提取金额上限3000元。材料：提取人身份证原件、银行一类储蓄卡、《不动产权证书》或购房合同或房查证明、婚姻状况证明；可通过手机公积金APP选择""物业费提取""上传资料线上办理，也可到公积金服务机构柜面办理。存在未结清公积金贷款或账户冻结等非正常状态的不能办理。",,
荆州,湖北省,提取,住房装修提取,不支持,"荆州住房公积金中心信件答复明确""目前荆州公积金暂没有装修提取业务""，并指引改办""适儿化改造""提取（2022年1月1日后出生子女，本人、配偶及双方父母合计不超过5万元）与""适老化改造""提取；荆州市政府公布的提取须知更把""对所购住房进行室内装修的""明确列入不得提取住房公积金的情形。可提取的建造、大修须符合规定期限与条件。",,
荆州,湖北省,缴存-灵活就业,支持,,荆州住房公积金中心在线访谈（副主任刘厚发）,http://gjj.jingzhou.gov.cn/sygx/tpxw/202601/t20260126_1066181.shtml,2026-01-26
荆州,湖北省,缴存-缓缴,支持,,荆州市人民政府-住房公积金降低缴存比例、缓缴、跳缴办事指南,https://www.jingzhou.gov.cn/ywzt/gjjblzn/index.shtml?name=gjj-szg,
长沙,湖南省,贷款,单双职工额度差异,不支持,,https://www.changsha.gov.cn/zfxxgk/zfwjk/gdwxtwj/202604/t20260428_12370188.html,政府网站
长沙,湖南省,贷款,首套二套额度差异,不支持,,https://www.changsha.gov.cn/zfxxgk/zfwjk/gdwxtwj/202604/t20260428_12370188.html,政府网站
长沙,湖南省,贷款,绿色建筑上浮,未检索到,未检索到公开来源,,空
长沙,湖南省,贷款,二孩家庭上浮,支持,,http://gjjzx.changsha.gov.cn/jdhy/wzjd/202604/t20260428_12370152.html,政府网站
长沙,湖南省,贷款,三孩家庭上浮,支持,,http://gjjzx.changsha.gov.cn/jdhy/wzjd/202604/t20260428_12370152.html,政府网站
长沙,湖南省,贷款,人才青年上浮,支持,,https://so.icswb.com/h/151/20260616/982636.html,官媒
长沙,湖南省,贷款,家庭共享额度代际互助,支持,,https://so.icswb.com/h/151/20260616/982636.html,官媒
长沙,湖南省,贷款,商转公,支持,,https://www.changsha.gov.cn/zfxxgk/zfwjk/gdwxtwj/202604/t20260428_12370188.html,政府网站
长沙,湖南省,贷款,最长贷龄30年,支持,,https://www.changsha.gov.cn/zsszzzq2023/wxk/zcsl/202607/t20260701_12429841.html,政府网站
长沙,湖南省,提取,购房一次性提取,支持,一次性付款须契税入库满12个月后的24个月内申请（本市期房可自入库起36个月内），提取额不超实际支付购房总价；按揭购房不超首付款金额，同套房限提1次。,,
长沙,湖南省,提取,租房提取限额,支持,无自有产权住房且连续足额缴存满3个月，每月可提1次，每次不超上次提取日至本次提取日实际汇缴额且不超近12个月实际汇缴额；直付房租不超当月实际租金。,,
长沙,湖南省,提取,多孩租房上浮,不支持,长沙租房提取额度与实际汇缴额挂钩、不设固定月限额，现行办法未见多子女家庭上浮条款；多孩优惠主要体现在贷款额度上浮与住房套数核减一套。,,
长沙,湖南省,提取,加装电梯提取,支持,本市既有多层住宅增设电梯，自联合备案之日起36个月内申请，提取额不超家庭实际分摊费用，同一套房屋限提1次；2025年全市办理加装和更新电梯提取0.19亿元。,,
长沙,湖南省,提取,车位购置提取,不支持,现行办法列举的12类可提取情形不含购买车位、车库；以非住宅用途或以赠与、继承等方式取得所有权自住房为由申请提取的，不得提取。,,
长沙,湖南省,提取,大病救助提取,支持,缴存人家庭或其子女、父母患重大疾病的，病种由9种扩大至35种；每年可提取一次，额度不超近12个月内实际发生且由个人负担的医疗费用金额。,,
长沙,湖南省,提取,既提又贷,有条件支持,限在我市购买首套自住房且为新建商品房；家庭及其直系亲属有未结清公积金贷款的除外。 2025年6月23日起，购买首套新建商品房可申请购房提取、同时申请公积金贷款；省级湘十条同步全面落实可提可贷，代际互助提取中首套新房亦适用。,,
长沙,湖南省,提取,首付直付,支持,长沙中心青年人才政策明确支持提取公积金直付购房款；购买长沙市五区新建商品房（含期房和现房）可办购房直付预申请，签约后资金直接划转开发商账户。,,
长沙,湖南省,提取,代际互助,有条件支持,限在长沙购买首套或第二套新建商品房且购房提取后账户余额仍不足；直系亲属须在长沙中心缴存，且家庭及直系亲属无未结清的本中心公积金贷款。 2026年5月1日起，直系亲属（父母、子女）可自契税完税证明入库起36个月内提取各自公积金，全款不超购房总价、贷款不超首付款；另可加为共同还款人办理按月对冲。,,
长沙,湖南省,提取,按月冲还商贷,支持,长沙公积金中心2026年4月28日新政全面支持商贷按月提取，缴存人家庭正常偿还商贷本息满1个月（含）以上即可申请委托按月提取，签订协议后次月起每月25日将上月月正常还贷额划入约定账户；多人按签约顺序确定提取顺位。,,
长沙,湖南省,提取,物业费提取,不支持,长沙住房公积金管理中心2026年6月25日在领导信箱公开答复“目前暂不支持支付物业费提取公积金”，并请缴存人关注官网及微信服务号政策动态。长沙现行提取情形仍为购买、建造、翻建、大修自住住房、偿还贷款本息、租房等，不含物业费；同省株洲、湘潭、衡阳、益阳等地已先后落地，长沙尚未出台配套细则。,,
长沙,湖南省,提取,住房装修提取,不支持,长沙住房公积金管理中心2026年7月22日通过12329热线答疑重申：装修不属于住房公积金的使用范围，公积金支取主要用于购买、建造住房等住房基本消费支出，装修支出暂不在其列；2026年1月30日问政湖南答复口径一致。长沙仅可办购买、建造、翻建、大修自住住房提取，大修须提供有资质机构出具的C级或D级危房鉴定书。,,
长沙,湖南省,缴存-灵活就业,支持,,长沙市住房公积金管理委员会关于优化灵活就业人员住房公积金缴存使用政策的通知（长金管委〔2026〕2号）,https://www.changsha.gov.cn/zsszzzq2023/wxk/zcsl/202604/t20260428_12370196.html,2026-04-28
长沙,湖南省,缴存-缓缴,支持,,长沙市人民政府——缴存住房公积金确有困难的单位如何申请降低缴存比例或缓缴公积金,https://smartgate.changsha.gov.cn/csywtbyhsjweb/cszwdt/pages/portal/faq.html?taskguid=60d6bfbb-e33f-4f2b-80ff-d19c46c02096,2018-12-27
株洲,湖南省,贷款,单双职工额度差异,不支持,最高贷款额度统一70万元、不区分单双职工,https://gjj.zhuzhou.gov.cn/c5363/20240329/i2180724.html,政府网站
株洲,湖南省,贷款,首套二套额度差异,支持,首套最高可贷比例80%、二套70%,https://gjj.zhuzhou.gov.cn/c5363/20240329/i2180724.html,政府网站
株洲,湖南省,贷款,绿色建筑上浮,有条件支持,具体上浮比例由设区的市、自治州住房公积金管理委员会确定（依《湖南省绿色建筑发展条例》）,https://zjj.zhuzhou.gov.cn/c13827/20210813/i1737115.html,政府网站
株洲,湖南省,贷款,二孩家庭上浮,支持,二孩及以上家庭贷款额度上浮30%,https://gjj.zhuzhou.gov.cn/c5363/20260421/i2492252.html,政府网站
株洲,湖南省,贷款,三孩家庭上浮,支持,二孩及以上家庭（含三孩）贷款额度上浮30%,https://gjj.zhuzhou.gov.cn/c5363/20260421/i2492252.html,政府网站
株洲,湖南省,贷款,人才青年上浮,支持,人才家庭贷款额度上浮,https://gjj.zhuzhou.gov.cn/c5363/20260421/i2492252.html,政府网站
株洲,湖南省,贷款,家庭共享额度代际互助,支持,允许父母子女代际互助,https://gjj.zhuzhou.gov.cn/c5363/20260421/i2492256.html,政府网站
株洲,湖南省,贷款,商转公,支持,允许商业贷款转公积金贷款,https://gjj.zhuzhou.gov.cn/c5363/20260421/i2492256.html,政府网站
株洲,湖南省,贷款,最长贷龄30年,支持,最长贷款期限30年,https://gjj.zhuzhou.gov.cn/c5363/20260421/i2492256.html,政府网站
株洲,湖南省,提取,购房一次性提取,支持,同一套住房合计提取额不超购房款，其中购买新建住房提取金额不超提供的发票金额；共有产权按份额核算，同套住房限提取一次且与上次提取间隔12个月以上。,,
株洲,湖南省,提取,租房提取限额,支持,连续足额缴存满3个月且本人及配偶在缴存区域无自有住房，每月限提1次、同一自然年度不超12次，夫妻合并计算年度累计不超18000元，账户至少保留100元。,,
株洲,湖南省,提取,多孩租房上浮,不支持,现行办法租房提取设统一的18000元/年上限，未对多子女家庭另设上浮标准；多孩优惠体现为二孩及以上家庭购房套数可核减一套及贷款额度上浮。,,
株洲,湖南省,提取,加装电梯提取,支持,竣工验收后24个月内申请，提取额不超该户扣除政府补贴后实际分摊的工程建设费用，同套房屋限提1次；权利人及配偶余额不足时可提取双方父母、子女（含配偶）账户余额。,,
株洲,湖南省,提取,车位购置提取,未确认,现行提取管理办法第七条列举的提取情形不含购买车位（库），亦未检索到株洲中心关于车位提取的专门规定，暂无法确认。,,
株洲,湖南省,提取,大病救助提取,支持,缴存人本人及直系亲属、配偶患重大疾病造成家庭严重困难（患者须为株洲医保参保人员）每年可提一次，额度不超近12个月大病自付费用扣除缴存人半年收入后的差额。,,
株洲,湖南省,提取,既提又贷,支持,首套房实行“可提可贷”，先购房提取再就不足部分申请公积金贷款，同套房提取金额与贷款本金之和不超总房款；2025年4月1日起第二套改善性住房亦可提可贷。,,
株洲,湖南省,提取,首付直付,支持,办法第三条明确直付首付款另行制定规定；自2024年10月1日起本市购买新建商品住房可申请提取公积金直付首付款，2025年办理473笔共7428.4万元。,,
株洲,湖南省,提取,代际互助,支持,家庭互助政策：在湖南省行政区域内购买新建商品住房的购房人，在符合提取条件前提下可提取父母、子女的住房公积金用于支付购房款和偿还省内公积金贷款。,,
株洲,湖南省,提取,按月冲还商贷,有条件支持,须家庭名下无未结清或在申请的公积金贷款、商贷已正常还款满1个月以上，且不适用住房公积金组合贷款中的商贷部分；多笔商贷只能选定一笔办理。 株洲自2026年6月26日起在按年提取之外新增“委托按月提取住房公积金偿还商业银行住房贷款”：签约后自申请成功次月起，中心每月20日将相应金额从缴存账户划转至本人关联银行账户，月提取额以核定的月还款本息为上限且账户最低留存100元，可补提最长近12个月未提取金额。全市通办，7月已在茶陵等地办出首笔业务。,,
株洲,湖南省,提取,物业费提取,支持,依《关于优化住房公积金使用政策促进房地产平稳健康发展的通知》第九项：无未结清住房公积金贷款的缴存人家庭，每年可提取一次公积金，用于支付本市行政区域内一套自住住房的物业费；提取额度不超过票据实际金额，且每户家庭每年最高不超过3000元。自2026年5月1日起施行，有效期两年。,,
株洲,湖南省,提取,住房装修提取,支持,同文件第十项：无未结清住房公积金贷款的缴存人家庭，装修本市行政区域内自住住房的，可提取本人及配偶住房公积金账户余额，或申请住房公积金装修贷款，两种方式自主选择其一、不得同时申请。提取或贷款额度按该套住房建筑面积乘以装修单价核定，装修单价每平方米最高不超过2000元，总额不得超过30万元。,,
株洲,湖南省,缴存-灵活就业,支持,,株洲市住房公积金管理委员会《株洲市灵活就业人员缴存使用住房公积金管理办法》（株金管委〔2024〕6号）,https://gjj.zhuzhou.gov.cn/c5363/20240329/i2180721.html,2024-03
株洲,湖南省,缴存-缓缴,支持,,株洲市住房公积金管理中心《株洲市住房公积金归集管理办法》（株金管委〔2024〕4号）,https://gjj.zhuzhou.gov.cn/c5363/20260421/i2492265.html,2026-04
衡阳,湖南省,贷款,单双职工额度差异,不支持,最高贷款额度统一90万元、不区分单双职工,https://www.hengyang.gov.cn/hyszfgjj/xxgk/zcjd/20250627/i3731591.html,政府网站
衡阳,湖南省,贷款,首套二套额度差异,未检索到,未检索到公开来源,,空
衡阳,湖南省,贷款,绿色建筑上浮,支持,星级及以上绿色建筑贷款额度上浮10%,https://www.hengyang.gov.cn/hyszfgjj/xxgk/zcjd/20250627/i3731591.html,政府网站
衡阳,湖南省,贷款,二孩家庭上浮,支持,二孩家庭贷款额度上浮30%,https://www.hengyang.gov.cn/hyszfgjj/xxgk/zcjd/20250627/i3731591.html,政府网站
衡阳,湖南省,贷款,三孩家庭上浮,支持,三孩家庭贷款额度上浮50%,https://www.hengyang.gov.cn/hyszfgjj/xxgk/zcjd/20250627/i3731591.html,政府网站
衡阳,湖南省,贷款,人才青年上浮,支持,青年人才（40周岁以下首套）贷款额度上浮30%,https://www.hengyang.gov.cn/hyszfgjj/xxgk/zcjd/20250627/i3731591.html,政府网站
衡阳,湖南省,贷款,家庭共享额度代际互助,支持,允许父母子女代际互助提取,https://www.hengyang.gov.cn/bcms/front/expand/detail.do?expandid=2&siteid=55&otype=0&tid=0&iid=134917,政府网站
衡阳,湖南省,贷款,商转公,支持,允许商业贷款转公积金贷款,https://hy.bendibao.com/live/202688/20573.shtm,其他新闻
衡阳,湖南省,贷款,最长贷龄30年,支持,最长贷款期限30年,https://hy.bendibao.com/live/202688/20573.shtm,其他新闻
衡阳,湖南省,提取,购房一次性提取,支持,购买湖南省内自住住房可提取公积金，购买二手房未办房贷的须产权过户满12个月后24个月内申请，已办房贷的不受此限；购买本省住房可提契税、维修资金和登记费。,,
衡阳,湖南省,提取,租房提取限额,支持,2026年7月1日起一般家庭调增至1200元/月（此前为1000元/月），按上一年度不超过12个月的实际房租支出核定；每次提取间隔1个月以上。,,
衡阳,湖南省,提取,多孩租房上浮,支持,2026年7月1日起分档提额：二孩家庭1400元/月、三孩及以上家庭1600元/月；2025年7月至2026年6月期间为二孩1200元/月、三孩1400元/月。,,
衡阳,湖南省,提取,加装电梯提取,支持,本人及配偶、双方父母、成年子女的既有自住住房加装电梯，自验收备案之日起12个月内申请，提取额不超分户实际出资分摊费用；须无未结清公积金贷款。,,
衡阳,湖南省,提取,车位购置提取,支持,自2025年7月1日起，缴存职工购买与所购住房同一小区车库（位），在合同备案或不动产权登记后24个月内可申请提取，金额不超车位价款，系湖南首个落地城市。,,
衡阳,湖南省,提取,大病救助提取,支持,2026年7月1日起支持大病互助提取：缴存职工家庭及其父母、子女患35种重大疾病或进行重大手术致困的，每年可提取一次，额度不超因大病现金支付金额。,,
衡阳,湖南省,提取,既提又贷,支持,省级新湘十条明确购买新建商品住房允许提取公积金支付首付款的同时申请公积金贷款；衡阳细则规定提取的公积金加公积金贷款（含组合贷款）总金额不超过购房总价款。,,
衡阳,湖南省,提取,首付直付,支持,购买首套新建商品住房且符合贷款条件，可在申请公积金贷款时同步申请提取公积金支付首付款，资金由中心直接转入开发商商品房预售资金监管账户，账户须留存5000元。,,
衡阳,湖南省,提取,代际互助,支持,2026年7月1日起支持省内购房互助：父母或成年子女在湖南省内购买首套或二套自住房，缴存职工家庭可申请提取（亦可贷款），同一套住房提取与贷款合计不超总价款。,,
衡阳,湖南省,提取,按月冲还商贷,不支持,衡阳偿还商业银行住房贷款提取公积金采取年度提取、提前（部分）还本、一次性结清三种方式，年度提取间隔须满12个月（一次性结清不受间隔限制），首次提取额不超过近12个月还款额之和，未开通商贷按月委托提取/月冲业务。,,
衡阳,湖南省,提取,物业费提取,支持,缴存人家庭无未结清住房公积金贷款、在我市拥有自住住房的，每年可提取一次，用于支付我市一套自住住房的物业管理费及同一小区一个车库（位）管理费；按实际缴费核定，不超过实际支付一年的费用，每年提取限额5000元。需提供物业费及车位管理费收费收据或发票、已备案商品房买卖合同或不动产权证书、身份证明、婚姻状况材料等。,,
衡阳,湖南省,提取,住房装修提取,有条件支持,试行新购自住住房装修消费使用：无未结清公积金贷款的缴存职工家庭，可使用（含提取、贷款）公积金装修衡阳市五年内（含）新购的一套自住住房，装修费用最高按每平方米2000元核定；余额不足可申请装修消费贷款，贷款不超装修总费用且最高60万元，按首套房利率。每家庭仅限一次；二手房须过户满12个月后申请。旧房翻新装修不在范围。 试行新购自住住房装修消费使用：无未结清公积金贷款的缴存职工家庭，可使用（含提取、贷款）公积金装修衡阳市五年内（含）新购的一套自住住房，装修费用最高按每平方米2000元核定；余额不足可申请装修消费贷款，贷款不超装修总费用且最高60万元，按首套房利率。每家庭仅限一次；二手房须过户满12个月后申请。旧房翻新装修不在范围。,,
衡阳,湖南省,缴存-灵活就业,有条件支持,须具有衡阳市户籍且正常缴交养老保险满1年（应届大专及以上毕业生满3个月），男性未满55周岁、女性未满50周岁,衡阳市住房公积金管理中心《衡阳市灵活就业人员住房公积金缴存使用管理办法（试行）》,https://www.hengyang.gov.cn/hyszfgjj/xxgk/zcwjjjd/20240111/i3237213.html,2024-01
衡阳,湖南省,缴存-缓缴,支持,,衡阳市人民政府办公室《关于进一步促进我市房地产业良性健康发展的若干政策措施（试行）》（衡政办发〔2022〕22号）,https://www.hengyang.gov.cn/xxgk/szfxxgkml/zfgb/2022n/2022nd6q/szfbwj/20250418/i3637123.html,2022-06
湘潭,湖南省,贷款,单双职工额度差异,不支持,取消单双职工差异、最高贷款额度70万元,https://www.xiangtan.gov.cn/webapp/xiangtan/email/viewPublic.jsp?id=30431,政府网站
湘潭,湖南省,贷款,首套二套额度差异,不支持,购买第二套新建商品住房公积金贷款额度调整为与首次（首套）贷款额度一致，首套与二套最高贷款额度无差异,https://www.xiangtan.gov.cn/22489/22535/22537/content_1029911.html,政府网站
湘潭,湖南省,贷款,绿色建筑上浮,支持,星级绿色建筑贷款额度上浮20%,https://www.xiangtan.gov.cn/uploadfiles/202409/2024091315591737844.docx,政府网站
湘潭,湖南省,贷款,二孩家庭上浮,支持,二孩家庭贷款额度上浮,https://wz.xtzfgjj.org.cn/15651/15661/content_1424230.html,政府网站
湘潭,湖南省,贷款,三孩家庭上浮,支持,三孩家庭最高贷款额度100万元,https://www.xiangtan.gov.cn/uploadfiles/202409/2024091315591737844.docx,政府网站
湘潭,湖南省,贷款,人才青年上浮,支持,人才家庭贷款额度上浮,https://www.xiangtan.gov.cn/uploadfiles/202409/2024091315591737844.docx,政府网站
湘潭,湖南省,贷款,家庭共享额度代际互助,支持,允许父母子女代际互助提取或共同申请,https://www.xiangtan.gov.cn/1085/1082/1084/content_1367919.html,政府网站
湘潭,湖南省,贷款,商转公,支持,允许商业贷款转公积金贷款,https://www.xiangtan.gov.cn/1085/1082/1084/content_1367919.html,政府网站
湘潭,湖南省,贷款,最长贷龄30年,支持,最长贷款期限30年,https://www.xiangtan.gov.cn/webapp/xiangtan/email/viewPublic.jsp?id=30431,政府网站
湘潭,湖南省,提取,购房一次性提取,支持,同一套房屋的提取总额不得超过购房首付款金额，一次性付款的不得超过所购住房总金额；购买二手房办按揭的须登记完成后申请，未办按揭的须登记满6个月后申请。,,
湘潭,湖南省,提取,租房提取限额,支持,提取申请人家庭租赁商品住房的，每季度可申请办理一次，职工家庭年度提取总额不超过12000元，且不得超过申请提取时个人住房公积金账户余额；公租房按实际房租核定。,,
湘潭,湖南省,提取,多孩租房上浮,支持,职工家庭年度租房提取总额不超过12000元，其中生育二孩及以上的家庭不超过15000元，且均不得超过申请提取时个人住房公积金账户余额；公租房据实。,,
湘潭,湖南省,提取,加装电梯提取,支持,既有多层住宅增设电梯提取范围已扩展至提取申请人夫妻双方父母拥有产权的住宅，合计提取总额不得超过因增设电梯分摊的费用金额（不含政府补贴金额）。,,
湘潭,湖南省,提取,车位购置提取,未确认,未见湘潭市关于购买车位（库）提取公积金的公开规定；湖南省住建厅答复显示车位购置提取目前仅在衡阳、岳阳、郴州三地落地执行。,,
湘潭,湖南省,提取,大病救助提取,支持,本人、配偶或未成年子女患十类指定重大疾病造成家庭生活严重困难的，家庭合计提取总额不得超过经医保报销后自负部分的支出金额，且须无未结清公积金贷款。,,
湘潭,湖南省,提取,既提又贷,未确认,湖南省自2025年起大力推行住房公积金“既提又贷”，但公开检索未见湘潭市中心发布的配套实施细则或操作口径，暂无法确认其具体执行标准。,,
湘潭,湖南省,提取,首付直付,未确认,未见湘潭市住房公积金管理中心关于公积金直付（划转至开发商账户）购房首付款的公开办理规则，暂无法确认是否已落地。,,
湘潭,湖南省,提取,代际互助,支持,2026年5月1日起，父母或子女在湖南省内购买新建商品住房的，提取申请人可申请提取一次公积金，合计不超该套住房实际购房款；亦可使用父母或子女公积金共同申请贷款。,,
湘潭,湖南省,提取,按月冲还商贷,不支持,《湘潭市住房公积金管理办法》实施细则规定，偿还商业银行住房贷款本息提取自正常还贷起次月可申请首次提取，再次提取与上次提取时间间隔不得少于12个月；按月对冲还贷仅适用于本中心公积金贷款，商贷无按月委托冲还业务。,,
湘潭,湖南省,提取,物业费提取,支持,缴存人在本市无未结清住房公积金贷款（含贴息贷款）的，每年可申请提取一次，专项用于支付缴存人家庭（本人、配偶及未成年子女）在本市行政区域内一套自住住房的物业管理费；家庭提取金额合计不得超出该住房实际缴纳的物业费金额，年度提取上限3000元，当年未提取部分不结转至后续年度使用。另需账户无冻结、未列入失信名单。,,
湘潭,湖南省,提取,住房装修提取,不支持,《湘潭市住房公积金提取管理实施细则》第十二条将“住房装修（含室内装饰）、维修（含小修、中修）的；偿还住房装修、现房抵押等消费类贷款的”列为不得提取情形；省政务服务网湘潭专区亦答复住房装饰、装修、中修、小修不列入提取范围。湘潭仅可办购买、建造、翻建、大修自住住房提取，大修须提供C级或D级《房屋安全鉴定报告》。,,
湘潭,湖南省,缴存-灵活就业,有条件支持,须已在湘潭市以灵活就业身份连续缴纳基本养老保险费满1年，男性未满60周岁、女性未满55周岁,湘潭市住房公积金管理委员会《湘潭市灵活就业人员缴存及使用住房公积金管理办法》（潭金管发〔2022〕1号）,https://www.xiangtan.gov.cn/1085/1082/1084/content_1050300.html,2022-07
湘潭,湖南省,缴存-缓缴,支持,,湘潭市住房公积金管理委员会《湘潭市住房公积金管理办法》（潭金管〔2023〕2号）,https://www.xiangtan.gov.cn/1085/1082/1084/content_1244816.html,2023
娄底,湖南省,贷款,单双职工额度差异,不支持,最高贷款额度统一60万元、不区分单双职工,https://www.ldgjj.com/details.html?linkUrl=detailsList/256.html&id=23&ContentId=256,政府网站
娄底,湖南省,贷款,首套二套额度差异,支持,首套最高可贷比例80%、二套70%,https://www.ldgjj.com/details.html?linkUrl=detailsList/256.html&id=23&ContentId=256,政府网站
娄底,湖南省,贷款,绿色建筑上浮,支持,,http://hnloudi.gov.cn/loudi/040412/202405/b88b98b57a384157b113cc6b15759b0d.shtml,政府网站
娄底,湖南省,贷款,二孩家庭上浮,支持,二孩三孩家庭最高贷款额度上浮50%,https://ldrb.ldnews.cn/2025/10/25/650913.html,官媒
娄底,湖南省,贷款,三孩家庭上浮,支持,二孩三孩家庭最高贷款额度上浮50%,https://ldrb.ldnews.cn/2025/10/25/650913.html,官媒
娄底,湖南省,贷款,人才青年上浮,支持,人才家庭贷款额度最高可贷缴存基数4倍,https://ldrb.ldnews.cn/2025/10/25/650913.html,官媒
娄底,湖南省,贷款,家庭共享额度代际互助,支持,直系亲属可提取公积金互助,https://www.hnloudi.gov.cn/loudi/0402/201508/e432aebdc8704aa795f4f09ad4d7dedb.shtml,政府网站
娄底,湖南省,贷款,商转公,支持,允许商业贷款转公积金贷款,https://www.ldgjj.com/details.html?linkUrl=detailsList/256.html&id=23&ContentId=256,政府网站
娄底,湖南省,贷款,最长贷龄30年,支持,最长贷款期限30年,https://www.ldgjj.com/details.html?linkUrl=detailsList/256.html&id=23&ContentId=256,政府网站
娄底,湖南省,提取,购房一次性提取,支持,购买、建造、翻建、大修自住住房的，可在24个月内分次或一次性提取账户存储余额；符合提取条件的配偶可同时提取，夫妻双方合计提取总额不超当期实际发生的支出。,,
娄底,湖南省,提取,租房提取限额,支持,无房家庭（含单身）每年最高14400元（1200元/月），三孩无房家庭每年最高18000元（1500元/月）；2024年起支持年度多次提取、累计不超最高额。,,
娄底,湖南省,提取,多孩租房上浮,支持,三孩无房家庭租房提取限额提高至1500元/月、18000元/年（一般无房家庭为1200元/月、14400元/年）；2026年8月新政提出二孩家庭限额同步提高。,,
娄底,湖南省,提取,加装电梯提取,支持,娄底市行政区域内既有住宅经审批增设电梯并已支付应分摊工程费用的，房屋所有权人及其配偶可提取名下公积金，额度不超分摊费用；2025年办理27笔共136.08万元。,,
娄底,湖南省,提取,车位购置提取,未确认,未见娄底市关于购买车位（库）提取公积金的公开规定；湖南省住建厅答复显示车位购置提取目前仅在衡阳、岳阳、郴州三地落地执行。,,
娄底,湖南省,提取,大病救助提取,支持,2026年8月新细则开通重大疾病代际互助提取，缴存人家庭及其父母、子女患重大疾病致困可申请提取；具体病种范围与额度以中心操作规程为准。,,
娄底,湖南省,提取,既提又贷,支持,2025年放宽政策：缴存职工家庭在娄底市行政区域内购买自住期房，申请住房公积金贷款时可同时申请提取住房公积金用于支付购房首付款，实现提取与贷款并行。,,
娄底,湖南省,提取,首付直付,支持,购买娄底市行政区域内自住期房的家庭，可在申请公积金贷款的同时申请提取住房公积金支付购房首付款，与贷款同步办理、直接用于首付，无需先全额垫资。,,
娄底,湖南省,提取,代际互助,支持,2026年8月新细则推行直系亲属互助机制，支持配偶、父母、子女之间就购房、还贷、适老化及适儿化改造、加装电梯等事项办理互助提取，实现“一人购房、全家助力”。,,
娄底,湖南省,提取,按月冲还商贷,支持,娄底市住房公积金管理中心2026年6月4日发布《关于优化提取住房公积金偿还个人住房贷款政策的通知》，将偿还商业性个人住房贷款及异地公积金贷款由按年申请提取调整为支持按月申请提取，适用全国范围内正常还款的商业性个人住房贷款；单次提取不超过近12个月正常还款本息，可通过娄底住房公积金微信公众号线上或窗口办理。已办本中心公积金贷款按月对冲的不得重复办理，夫妻仅可就一套住房贷款申请。,,
娄底,湖南省,提取,物业费提取,未确认,娄底2019年修订《娄底市住房公积金提取操作规程》时，以《住房公积金管理条例》第二十四条和《湖南省住房公积金管理办法》第四条未包含为由，取消了物业费提取和大病提取两类。截至查证日，中心官网政策文件栏未见恢复或新增物业费提取的正式文件；2026年8月5日娄底日报报道称中心“拟新增”契税、维修资金、物业费等便民提取类型，但尚未落地。,,
娄底,湖南省,提取,住房装修提取,未确认,娄底现行提取情形为购买、建造、翻建、大修自住住房、偿还贷款本息、租房、离退休、出境定居、死亡、享受低保、丧失劳动能力、解除劳动关系封存满半年等，不含装修；中心官网及政务服务平台未见装修提取业务。2026年8月5日娄底日报报道中心“拟新增住房装修贷款业务，额度最高50万元、期限最长30年，执行首套房贷款利率”，但截至查证日尚无正式文件，暂不可办。,,
娄底,湖南省,缴存-灵活就业,支持,,娄底市住房公积金管理中心《娄底市灵活就业人员住房公积金缴存使用管理暂行办法》（娄公积金发〔2017〕37号）,https://www.ldgjj.com/details.html?ContentId=279&id=23&linkUrl=detailsList/279.html,2017-09
娄底,湖南省,缴存-缓缴,支持,,娄底市住房公积金管理中心 住房公积金缴存业务-缓缴（服务指南）,https://www.ldgjj.com/details.html?ContentId=195&id=1719673962711&linkUrl=detailsList/195.html,
郑州,河南省,贷款,单双职工额度差异,支持,,https://zzgjj.zhengzhou.gov.cn/gjjd/8669157.jhtml,政府网站
郑州,河南省,贷款,首套二套额度差异,支持,,https://zzgjj.zhengzhou.gov.cn/gjjd/8669157.jhtml,政府网站
郑州,河南省,贷款,绿色建筑上浮,支持,,https://zzgjj.zhengzhou.gov.cn/zxindt/10060221.jhtml,政府网站
郑州,河南省,贷款,二孩家庭上浮,支持,,https://zzgjj.zhengzhou.gov.cn/gjjd/8669157.jhtml,政府网站
郑州,河南省,贷款,三孩家庭上浮,支持,,https://zzgjj.zhengzhou.gov.cn/gjjd/8669157.jhtml,政府网站
郑州,河南省,贷款,人才青年上浮,支持,,http://henan.people.com.cn/BIG5/n2/2025/0318/c351638-41167885.html,官媒
郑州,河南省,贷款,家庭共享额度代际互助,支持,,https://zzgjj.zhengzhou.gov.cn/zcfg/10218628.jhtml,政府网站
郑州,河南省,贷款,商转公,支持,,https://public.zhengzhou.gov.cn/D0105Y/8377029.shtml,政府网站
郑州,河南省,贷款,最长贷龄30年,支持,,https://zzgjj.zhengzhou.gov.cn/zxindt/7814800.shtml,政府网站
郑州,河南省,提取,购房一次性提取,支持,购买自住住房可凭5年内的网签备案合同或不动产权证办理提取，不限次数，累计提取金额不超过实际支付的购房款。,,
郑州,河南省,提取,租房提取限额,支持,连续足额缴存满3个月且本市无自有住房，单身家庭年提取1.8万元、已婚家庭3.6万元，或按当年实际缴存额全额提取，不限次数。,,
郑州,河南省,提取,多孩租房上浮,不支持,多子女家庭租房按家庭年缴存金额或租房提取最高限额提取，与常规额度一致不上浮；郑州仅对多子女家庭公积金贷款额度上浮20%。,,
郑州,河南省,提取,加装电梯提取,支持,老旧电梯更新改造完成后，本人、配偶及子女可提取，额度不超个人实际分摊费用，自验收单签订之日起5年内可一次或多次提取。,,
郑州,河南省,提取,车位购置提取,不支持,购买商铺、写字楼、车库、地下室不能提取，仅限自住住宅性质房屋；征求意见稿仅拟增车位管理费（每年1500元），非购置支出。,,
郑州,河南省,提取,大病救助提取,不支持,郑州自2017年5月2日起取消本人及直系亲属患九种重大疾病提取住房公积金的规定，现行提取情形仅保留城镇最低生活保障等困难情形。,,
郑州,河南省,提取,既提又贷,支持,郑州公积金贷款额度不与账户余额挂钩，职工提取住房公积金后仍可申请公积金贷款，只需满足连续正常缴存6个月等其他贷款条件。,,
郑州,河南省,提取,首付直付,支持,新房可提公积金付首付；二手房自2026年6月2日起可在买卖合同备案后预提，资金直划交易资金监管账户，上限为购房款减自筹与贷款金额。,,
郑州,河南省,提取,代际互助,支持,购房及还贷提取可提取本人、配偶、父母、子女账户余额；自2026年8月26日起，主借款人可贷额度不足时父母或子女可作共同借款人。,,
郑州,河南省,提取,按月冲还商贷,不支持,郑州公积金仅支持公积金贷款办理按月冲还贷（月冲）；商业贷款偿还只能按次/按年提取（可通过郑好办APP线上办理，不限频次），官方明确答复'偿还商贷无法办理代扣'。故商贷不支持按月委托冲还。,,
郑州,河南省,提取,物业费提取,未确认,郑州尚未印发正式细则。郑州住房公积金管理中心2026年8月18日发布《关于优化调整住房公积金提取政策的通知（征求意见稿）》，征求意见至9月18日。拟允许缴存人及配偶提取支付郑州市行政区域内自住住房物业费，家庭限选一套住房、每自然年度一次，额度不累计不结转，按建筑面积分档：90㎡及以下年≤2400元、90—144㎡≤3800元、144㎡以上≤4300元。,,
郑州,河南省,提取,住房装修提取,不支持,郑州公积金中心2026年6月答复人民网领导留言板群众建议时明确：该市公积金资金整体使用率偏高，为优先保障购房、还贷、租房、住房刚需改造等基础需求并严控资金风险，目前暂不具备开通装修提取的条件；该建议已列为长期储备研究政策。现住房类提取仅限购买、建造、翻建、大修（须C/D级危房鉴定）及老旧电梯更新改造。,,
郑州,河南省,缴存-灵活就业,支持,,郑州住房公积金管理中心关于印发《郑州市灵活就业人员住房公积金缴存使用管理办法》的通知,https://zzgjj.zhengzhou.gov.cn/zxindt/6578049.jhtml,2022-07-15
郑州,河南省,缴存-缓缴,支持,,郑州政务服务网——住房公积金缓缴,https://zz.hnzwfw.gov.cn/zzzw/bszn/bsznInit.do?areaCode=410100000000&serviceUnid=5A863349DEFB7A4B99A48A22BD911961,
南阳,河南省,贷款,单双职工额度差异,支持,单身缴存最高70万元、夫妻双方缴存最高90万元,https://zfgjj.nanyang.gov.cn/2022/05-12/180790.html,政府网站
南阳,河南省,贷款,首套二套额度差异,不支持,首套与二套最高贷款额度比例均按80%不区分,https://zfgjj.nanyang.gov.cn/2022/05-12/180790.html,政府网站
南阳,河南省,贷款,绿色建筑上浮,支持,,https://zfgjj.nanyang.gov.cn/2015/05-27/343473.html,政府网站
南阳,河南省,贷款,二孩家庭上浮,支持,二孩三孩家庭统一上浮贷款额度,https://zfgjj.nanyang.gov.cn/2025/06-26/1047427.html,政府网站
南阳,河南省,贷款,三孩家庭上浮,支持,二孩三孩家庭统一上浮贷款额度,https://zfgjj.nanyang.gov.cn/2025/06-26/1047427.html,政府网站
南阳,河南省,贷款,人才青年上浮,支持,40周岁以下青年、新市民上浮贷款额度,https://zfgjj.nanyang.gov.cn/2025/06-26/1047427.html,政府网站
南阳,河南省,贷款,家庭共享额度代际互助,支持,,https://zfgjj.nanyang.gov.cn/2022/05-12/180791.html,政府网站
南阳,河南省,贷款,商转公,支持,允许商业贷款转公积金贷款,https://zfgjj.nanyang.gov.cn/2023/03-22/180789.html,政府网站
南阳,河南省,贷款,最长贷龄30年,支持,最长贷款期限30年,https://zfgjj.nanyang.gov.cn/2022/05-12/180790.html,政府网站
南阳,河南省,提取,购房一次性提取,支持,购买新建商品住房和二手住房可多次提取，初次申请时限为取得网签备案合同或不动产权证书之日起5年内，合计提取额不超实际支付购房款。,,
南阳,河南省,提取,租房提取限额,支持,连续缴存满3个月且无房：普通缴存职工家庭每年24000元（月均2000元）；新市民青年人、多子女家庭、高层次人才每年28800元，全年最多12次。,,
南阳,河南省,提取,多孩租房上浮,支持,多子女家庭租房提取限额每年28800元（月均2400元），较普通家庭24000元上浮20%，需提供不少于两个子女出生医学证明且至少一个未满18周岁。,,
南阳,河南省,提取,加装电梯提取,支持,现有住宅加装电梯的，本人及配偶可提取账户余额，合计不超实际支付的安装费用（不含电梯运维费），限定提取一次，竣工验收后5年内申请。,,
南阳,河南省,提取,车位购置提取,不支持,实施细则第七条列举的14类提取范围未包含购买车位或车库，公积金仅限用于自住住房相关的购房、建造、翻建、大修、装修等住房消费支出。,,
南阳,河南省,提取,大病救助提取,不支持,提取范围第四项至第七项未含重大疾病，南阳仅支持纳入本市城镇最低生活保障的家庭提取，额度不超上年度全市居民人均可支配收入。,,
南阳,河南省,提取,既提又贷,支持,同时符合提取和贷款条件的缴存人，可在申请住房公积金贷款之前提取账户存储余额，职工及配偶合计提取金额不超所购商品房或存量房总价款。,,
南阳,河南省,提取,首付直付,支持,设有“预提住房公积金支付购房首付款”提取情形，需楼盘已办理准入备案，凭预提意见书和承诺书办理，提取额度不超意见书约定首付款。,,
南阳,河南省,提取,代际互助,支持,购买、建造、翻建、大修自住住房可提取本人及配偶、父母、子女账户余额；装修仅可提取配偶；偿还商贷与租房提取仅限提取配偶账户余额。,,
南阳,河南省,提取,按月冲还商贷,不支持,南阳偿还商业购房贷款本息提取为“每年提取一次”，下次提取须与上次提取审批日间隔一年，且需临柜提交借款合同、还款明细办理。按月划扣（按月偿还本息提取）仅适用于住房公积金贷款，商贷无按月委托冲还业务。,,
南阳,河南省,提取,物业费提取,支持,本市行政区域内自住商品房缴存人，可提取本人及配偶公积金支付物业费，按自然年度每年提取一次，每个家庭每年最高3000元，当年未提取额度不结转至下一年度。房屋产权以共享接口查询为准、免于提供，材料仅需身份证、商品房备案合同或不动产权证书。须同时满足无未结清住房公积金贷款（含为他人担保）、账户未被司法冻结。暂不支持线上办理。,,
南阳,河南省,提取,住房装修提取,有条件支持,仅限“旧房再装修”：本市行政区域内自住住房（含商品住房、自建住房）自竣工验收合格之日起满10年（含）且已完成再装修的，可提取本人及配偶公积金；额度按建筑面积≤1200元/㎡核定且不超实际装修支出，每5年一次。适幼化、适老化等局部装修满足房龄条件亦可。需身份证、不动产权证书、一年内装修合同及有效付款发票，发票须经全国增值税发票查验平台核验。 仅限“旧房再装修”：本市行政区域内自住住房（含商品住房、自建住房）自竣工验收合格之日起满10年（含）且已完成再装修的，可提取本人及配偶公积金；额度按建筑面积≤1200元/㎡核定且不超实际装修支出，每5年一次。适幼化、适老化等局部装修满足房龄条件亦可。需身份证、不动产权证书、一年内装修合同及有效付款发票，发票须经全国增值税发票查验平台核验。,,
南阳,河南省,缴存-灵活就业,支持,,南阳市住房公积金管理中心《关于做好2026年度住房公积金缴存基数和缴存比例调整工作的通知》,https://zfgjj.nanyang.gov.cn/2026/08-14/1426656.html,2026-08
南阳,河南省,缴存-缓缴,支持,,南阳市住房公积金管理委员会《南阳市住房公积金归集管理实施细则》,https://zfgjj.nanyang.gov.cn/2021/09-09/181478.html,2021-09
洛阳,河南省,贷款,单双职工额度差异,支持,单方缴存最高77万元、双方缴存最高93.5万元,https://oss.ly.gov.cn/20251110/aa93901c375e45aabee1cbdafbf8df7a.PDF,政府网站
洛阳,河南省,贷款,首套二套额度差异,未检索到,未检索到公开来源,,空
洛阳,河南省,贷款,绿色建筑上浮,支持,使用公积金贷款购买二星级及以上标识绿色建筑住房，贷款额度上浮20%,https://www.ly.gov.cn/2016/07-26/34329.html,政府网站
洛阳,河南省,贷款,二孩家庭上浮,支持,多子女家庭（含二孩）贷款额度上浮20%,https://oss.ly.gov.cn/20251110/aa93901c375e45aabee1cbdafbf8df7a.PDF,政府网站
洛阳,河南省,贷款,三孩家庭上浮,支持,多子女家庭（含三孩）贷款额度上浮20%,https://oss.ly.gov.cn/20251110/aa93901c375e45aabee1cbdafbf8df7a.PDF,政府网站
洛阳,河南省,贷款,人才青年上浮,支持,人才家庭贷款额度上浮,https://oss.ly.gov.cn/20251110/aa93901c375e45aabee1cbdafbf8df7a.PDF,政府网站
洛阳,河南省,贷款,家庭共享额度代际互助,支持,允许房屋产权人的父母、子女作为共同申请人同步参与购房、缴费、装修等提取，并支持增设直系亲属为房贷共同还款人（代际互助还贷）,https://finance.sina.com.cn/roll/2026-08-24/doc-inipmnpn1967047.shtml,其他新闻
洛阳,河南省,贷款,商转公,支持,允许商业贷款转公积金贷款,https://zfgjj.ly.gov.cn/2024/10-16/444699.html,政府网站
洛阳,河南省,贷款,最长贷龄30年,支持,最长贷款期限30年,https://zfgjj.ly.gov.cn/2024/10-16/444699.html,政府网站
洛阳,河南省,提取,购房一次性提取,支持,购买自住住房职工及配偶可提取一次，累计不超实际支付购房款；阶段性政策下2019年6月1日以来购房的可提取两次，首套或二套可扩至子女、父母。,,
洛阳,河南省,提取,租房提取限额,支持,无房职工租住商品住房：城市区家庭月上限2000元、单身1000元；县域家庭1600元、单身800元；每半年或一年提取一次，不超实际房租支出。,,
洛阳,河南省,提取,多孩租房上浮,支持,二孩及以上家庭（至少一个子女未满18周岁）租房提取限额上浮50%，城市区家庭月上限可达3000元、单身1500元；多子女家庭也可按实际房租提取。,,
洛阳,河南省,提取,加装电梯提取,支持,本市既有住宅加装电梯的，职工及配偶、子女、父母可提取一次住房公积金，累计提取总额不能大于个人分摊部分金额，且需扣除财政补贴金额。,,
洛阳,河南省,提取,车位购置提取,未确认,公开渠道未检索到洛阳关于购买车位、车库能否提取住房公积金的明确政策条款或官方答复，暂无法判定。,,
洛阳,河南省,提取,大病救助提取,有条件支持,须为刚性支出困难家庭，即家庭因医疗、教育、残疾康复等刚性支出较大导致基本生活严重困难 2025年10月1日起新增刚性支出困难家庭提取，职工及配偶可提取，累计金额不超上年度全市居民人均可支配收入的50%（2024年为35561元，即约1.78万元）。,,
洛阳,河南省,提取,既提又贷,支持,同时符合提取和贷款条件的缴存职工，可先提取住房公积金支付预付购房款，再根据需要申请公积金贷款，但可贷额度受账户余额和缴存时间影响。,,
洛阳,河南省,提取,首付直付,支持,购买中心城区新建预售商品住房，可申请将本人及配偶账户余额一次性划转至对应开发项目预售款监管账户直付首付款，合计不超合同约定的首付款。,,
洛阳,河南省,提取,代际互助,支持,在本市购买首套或第二套住房（含支付首付款）、既有住宅加装电梯、旧房门窗更新等情形，提取申请人范围可扩大至本人及配偶、子女、父母。,,
洛阳,河南省,提取,按月冲还商贷,不支持,《洛阳市住房公积金提取管理办法》规定，偿还购买住房商业贷款本息提取，首次提取须在还款满12个月后申请，贷款未结清之前每间隔一年可提取一次；线上“偿还商贷提取”亦按此频次由职工自行申请，没有商贷按月委托划扣（月冲）业务。,,
洛阳,河南省,提取,物业费提取,支持,依洛管委会〔2025〕5号阶段性政策，本市已建成投入使用、有合法权属且已支付物业费的自住住房，职工及配偶可每间隔12个月提取一次，同一套住房累计不超0.24万元/年，同一家庭每年限一次；纳入城镇老旧小区改造清单库的住房，申请人可扩至子女、父母，累计不超0.5万元/5年。需身份证、Ⅰ类银行卡、不动产权证书、最近一个月物业费发票。,,
洛阳,河南省,提取,住房装修提取,有条件支持,依同一阶段性文件，2024年10月15日以来完成旧房装修或厨卫等局部改造、并已领取洛阳市家装厨卫“焕新”补贴的住房，职工及配偶可提取一次，累计不超实际支付的装修改造费用且应扣除财政补贴；属首套、二套或纳入老旧小区改造清单库的，申请人可扩至子女、父母。需装修改造费用发票（须载明房屋所有权人及家装物品材料信息）。同一套住房仅可提取一次。 依同一阶段性文件，2024年10月15日以来完成旧房装修或厨卫等局部改造、并已领取洛阳市家装厨卫“焕新”补贴的住房，职工及配偶可提取一次，累计不超实际支付的装修改造费用且应扣除财政补贴；属首套、二套或纳入老旧小区改造清单库的，申请人可扩至子女、父母。需装修改造费用发票（须载明房屋所有权人及家装物品材料信息）。同一套住房仅可提取一次。,,
洛阳,河南省,缴存-灵活就业,支持,,洛阳市住房公积金管理中心 住房公积金灵活就业人员缴存（服务指南）,https://zfgjj.ly.gov.cn/2024/10-16/443066.html,2024-10
洛阳,河南省,缴存-缓缴,支持,,洛阳市住房公积金管理中心 降低比例缴存与缓缴（服务指南）,https://zfgjj.ly.gov.cn/2024/10-16/443049.html,2024-10
安阳,河南省,贷款,单双职工额度差异,支持,单方缴存最高60万元、双方缴存最高70万元,https://zc.51shebao.com/detail/830856,其他新闻
安阳,河南省,贷款,首套二套额度差异,支持,首套最高可贷比例80%、二套70%,https://zc.51shebao.com/detail/830856,其他新闻
安阳,河南省,贷款,绿色建筑上浮,支持,,https://ayzjj.anyang.gov.cn/2015/07-28/2207695.html,政府网站
安阳,河南省,贷款,二孩家庭上浮,支持,二孩三孩家庭贷款额度上浮20%,https://www.anyang.gov.cn/2024/05-17/2437649.html,政府网站
安阳,河南省,贷款,三孩家庭上浮,支持,二孩三孩家庭贷款额度上浮20%,https://www.anyang.gov.cn/2024/05-17/2437649.html,政府网站
安阳,河南省,贷款,人才青年上浮,支持,人才家庭贷款额度上浮20%,https://www.anyang.gov.cn/2024/05-17/2437649.html,政府网站
安阳,河南省,贷款,家庭共享额度代际互助,支持,,https://www.anyang.gov.cn/zmhd/szxx/xxxq?mailNum=LX9941050025032801184,政府网站
安阳,河南省,贷款,商转公,支持,允许商业贷款转公积金贷款,https://www.anyang.gov.cn/2024/05-17/2437649.html,政府网站
安阳,河南省,贷款,最长贷龄30年,支持,最长贷款期限30年,https://www.anyang.gov.cn/2024/05-17/2437649.html,政府网站
安阳,河南省,提取,购房一次性提取,支持,购买自住住房可凭5年以内的商品房买卖合同或不动产权证办理提取，5年内提取不限次数，职工及配偶、直系亲属合计提取额不超实际支付费用。,,
安阳,河南省,提取,租房提取限额,支持,连续足额缴存满3个月且无房：租住商品住房夫妻双方合计每月不超1500元（年18000元）；租住公租房按实际房租支出全额提取，年度内可按月、按季、按年提。,,
安阳,河南省,提取,多孩租房上浮,支持,二孩三孩家庭租住商品住房提取限额上浮50%，限额由每年18000元上调至27000元，需提供不少于两个子女的出生医学证明且至少一个子女未满18周岁。,,
安阳,河南省,提取,加装电梯提取,支持,既有住宅加装电梯的，职工及配偶、子女可提取住房公积金，合计提取总额不得超过加装电梯扣除政府补贴后每户（个人）分摊的金额。,,
安阳,河南省,提取,车位购置提取,未确认,未检索到安阳针对购买车位、车库的专门规定；官方答复仅明确住房公积金不能用于购买商铺，车位购置能否提取暂无明确依据。,,
安阳,河南省,提取,大病救助提取,不支持,安阳提取管理办法列举的提取情形不含重大疾病，官方答复称公积金用于购买、建造、翻建、大修、租赁自住住房及偿还贷款本息，仅城镇低保可提取。,,
安阳,河南省,提取,既提又贷,支持,缴存人提取住房公积金账户资金后，符合贷款条件的可同时申请公积金贷款，但购房首付款、提取金额、申请贷款金额之和不得大于购房总价。,,
安阳,河南省,提取,首付直付,支持,在市区购买新建商品住房的缴存职工家庭，交纳订金并签订认购协议后可申请提取本人及配偶公积金支付首付款，资金直接转入商品房资金监管账户。,,
安阳,河南省,提取,代际互助,支持,购买自住住房本人账户余额不足时可提取配偶及直系亲属（父母、子女）账户余额，总额不超实际支付购房费用；还贷还可办理家庭互助，父母子女参与。,,
安阳,河南省,提取,按月冲还商贷,有条件支持,提取频次已由每年一次放宽为可按月（或按季、按年）申请提取，但需职工凭商贷还款明细自行逐月申请，并非签约后自动按月划扣，且已提取月份不得重复提取、一次最多提取近12个月还款额。 安阳市住房公积金管理中心发布政策优化：缴存职工偿还商业银行个人住房贷款本息提取住房公积金，提取频次由原每年一次调整为可按月、按季或按年提取，职工及配偶合计提取额不超过对应月份实际偿还本息。需注意此前（2025年5月官方访谈）该市商贷提取仍仅有“按年偿还”和“一次性结清”两类，且未见签约式商贷委托月冲业务，故按“有条件支持”记录。,,
安阳,河南省,提取,物业费提取,不支持,现行《安阳市住房公积金提取管理办法》（2025年4月7日印发）第五条列举的可提取情形为购买、建造、翻建、大修自住住房，偿还贷款，租赁住房，既有住宅加装电梯，城镇低保，丧失劳动能力，离职封存满半年，出境定居，退休，死亡及管委会规定的其他情形，明确不含支付物业费。安阳2019年版办法曾允许物业费提取，2025年修订时已删除。,,
安阳,河南省,提取,住房装修提取,不支持,现行办法第五条提取情形清单不含装修，住房类仅有“购买、建造、翻建、大修自住住房”，且大修须提供5年内房屋危险性鉴定为C级或D级的房屋安全鉴定报告及大修费用付款凭证，提取额不超实际费用，普通装修装饰不属大修。另有加装电梯提取（不超扣除政府补贴后每户分摊额）。安阳2019年版办法曾允许装修提取（每人一次、最高3万元），2025年修订后取消。,,
安阳,河南省,缴存-灵活就业,支持,,安阳市住房公积金中心 关于灵活就业人员缴存公积金的官方回复（市长信箱）,https://www.anyang.gov.cn/zmhd/hygq/lxzfxq/?mailNum=LX9941050025090500533,2025-09
安阳,河南省,缴存-缓缴,支持,,安阳市人民政府《关于印发安阳市应对疫情影响有序推进企业复工复产稳定经济运行若干政策措施的通知》（安政〔2022〕1号）,https://gxj.anyang.gov.cn/2022/11-09/2365772.html,2022-11
许昌,河南省,贷款,单双职工额度差异,不支持,最高贷款额度统一80万元、不区分单双职工,https://zfgjj.xuchang.gov.cn/zcfg/004001/20251128/438c012b-15ba-4595-91fb-567c6c1e8605.html,政府网站
许昌,河南省,贷款,首套二套额度差异,未检索到,未检索到公开来源,,空
许昌,河南省,贷款,绿色建筑上浮,未检索到,未检索到公开来源,,空
许昌,河南省,贷款,二孩家庭上浮,支持,多子女家庭贷款额度上浮20%,https://zfgjj.xuchang.gov.cn/zcfg/004001/20251128/438c012b-15ba-4595-91fb-567c6c1e8605.html,政府网站
许昌,河南省,贷款,三孩家庭上浮,支持,多子女家庭（含三孩）贷款额度上浮20%,https://zfgjj.xuchang.gov.cn/zcfg/004001/20251128/438c012b-15ba-4595-91fb-567c6c1e8605.html,政府网站
许昌,河南省,贷款,人才青年上浮,支持,人才家庭贷款额度上浮20%,https://zfgjj.xuchang.gov.cn/zcfg/004001/20251128/438c012b-15ba-4595-91fb-567c6c1e8605.html,政府网站
许昌,河南省,贷款,家庭共享额度代际互助,未检索到,未检索到公开来源,,空
许昌,河南省,贷款,商转公,支持,允许商业贷款转公积金贷款,https://zfgjj.xuchang.gov.cn/zcfg/004001/20240509/9df26d9c-381c-4175-8b97-7733332d7eca.html,政府网站
许昌,河南省,贷款,最长贷龄30年,支持,最长贷款期限30年,https://zfgjj.xuchang.gov.cn/zcfg/004001/20240912/2403b8c5-d8ee-4b28-9de2-2b95211cc60c.html,政府网站
许昌,河南省,提取,购房一次性提取,支持,购买自住住房凭5年内备案购房合同或不动产权证提取；自2026年4月1日起由五年内提取一次放宽为五年内每年可提取一次，总额不超房屋总价。,,
许昌,河南省,提取,租房提取限额,支持,连续足额缴存满3个月且无房：自2026年4月1日起单身职工每月1000元（年12000元）、夫妻双方家庭每月2000元（年24000元）；公租房按实际房租提取。,,
许昌,河南省,提取,多孩租房上浮,未确认,许昌2026年4月新政提高租房提取标准但未设多子女家庭上浮条款；公开渠道仅检索到多子女家庭公积金贷款额度上浮20%（最高84万元），租房是否上浮无明确依据。,,
许昌,河南省,提取,加装电梯提取,支持,既有住宅加装电梯的提取额不得超过个人分摊部分金额，本人账户余额不足时，30日内可提取一次配偶、子女的住房公积金，需提供5年内加装电梯协议等。,,
许昌,河南省,提取,车位购置提取,不支持,提取管理办法第六条规定12项提取情形，未包含购买车位、车库；许昌2026年4月新政新增的是装修、契税等，未开放车位购置提取。,,
许昌,河南省,提取,大病救助提取,不支持,提取管理办法12项情形不含重大疾病，许昌仅支持享受城镇最低生活保障（不超当年低保实际领取金额）和因地震水灾火灾等突发事件致困两类困难提取。,,
许昌,河南省,提取,既提又贷,支持,办法明确使用住房贷款购买自住房的，同一套房屋提取金额与贷款金额累计不超过房屋总价，即允许先提取账户余额再申请公积金贷款。,,
许昌,河南省,提取,首付直付,未确认,未检索到许昌关于提取公积金直接划转至开发企业或预售资金监管账户支付首付款的专门文件，公开政策仅见购房后凭5年内凭证提取，无法确认直付。,,
许昌,河南省,提取,代际互助,支持,购买、建造、翻建或大修自住房本人账户余额不足时，30日内可提取一次配偶、父母、子女的住房公积金，合计提取总额不超房屋总价或实际支付费用。,,
许昌,河南省,提取,按月冲还商贷,有条件支持,须与公积金中心签订商贷委托提取协议（有效期一年，到期需重新签订），且所购房屋须在缴存地或户籍地，每次提取额不超过当期应还本息。 许昌对偿还自住房商业贷款提取明确“逐月提取还贷、年度提取还贷、提前部分（或全部）提取还贷”三种方式。选择按月还款的，与公积金中心签订商贷委托提取协议后，中心按职工商贷月还款额于每月15日将当月提取资金转入职工银行账户；《许昌市住房公积金提取管理办法》亦规定按月还款的提取额不得超过当期应还本息。,,
许昌,河南省,提取,物业费提取,支持,自2026年7月2日起，缴存人可凭经房管部门备案的《商品房买卖合同》或《不动产权证书》及物业费缴费发票，一次性提取本人及配偶账户余额支付当年度自住房物业费，总额不超实际支付金额。家庭多套自住房每年仅可提取一套，每年仅一次，不得补提上年度或预提下年度。家庭有未结清公积金贷款的，本人及配偶均不得提取。支持网厅、微信服务号线上办理。,,
许昌,河南省,提取,住房装修提取,支持,缴存人自购买新建商品房或二手自住房之日起5年内，可一次性提取公积金用于自住房装修，额度按建筑面积≤1000元/㎡核定。新建商品房提供5年内备案的《商品房买卖合同》及购房发票或收据；二手自住房提供5年内过户后的《不动产权证书》及契税税收缴款书。本人余额不足可提取配偶、父母、子女余额；家庭有未结清公积金贷款的不得提取。,,
许昌,河南省,缴存-灵活就业,支持,,许昌市人民政府 许昌市灵活就业人员缴存手机办理开通报道,https://xuchang.gov.cn/ywdt/001005/20260521/cb309765-1f8d-4fa3-9f9d-3bee876edc35.html,2026-05
许昌,河南省,缴存-缓缴,支持,,许昌市住房公积金管理中心 降低缴存比例和缓缴（服务指南）,https://zfgjj.xuchang.gov.cn/bszn/003001/20191127/8ad6b9c0-e0bb-47ff-a1e5-ac19ee32568c.html,2019-11
成都,四川,贷款,单双职工额度差异,支持,,https://cdzfgjj.chengdu.gov.cn/cdgjj/c1156384/2026-03/25/content_9614f74ea56743aca06ca1b8941d6b0e.shtml,政府网站
成都,四川,贷款,首套二套额度差异,不支持,,https://cdzfgjj.chengdu.gov.cn/cdgjj/c1156384/2026-03/25/content_9614f74ea56743aca06ca1b8941d6b0e.shtml,政府网站
成都,四川,贷款,绿色建筑上浮,支持,,https://www.sc.chinanews.com.cn/cdxw/2026-08-25/248205.html,官媒
成都,四川,贷款,二孩家庭上浮,支持,,https://cdzfgjj.chengdu.gov.cn/cdgjj/c1156384/2026-03/25/content_9614f74ea56743aca06ca1b8941d6b0e.shtml,政府网站
成都,四川,贷款,三孩家庭上浮,支持,,https://cdzfgjj.chengdu.gov.cn/cdgjj/c1156384/2026-03/25/content_9614f74ea56743aca06ca1b8941d6b0e.shtml,政府网站
成都,四川,贷款,人才青年上浮,支持,,https://cdzfgjj.chengdu.gov.cn/cdgjj/c1156384/2026-03/25/content_9614f74ea56743aca06ca1b8941d6b0e.shtml,政府网站
成都,四川,贷款,家庭共享额度代际互助,支持,,https://cdzfgjj.chengdu.gov.cn/cdgjj/c1156366/2025-12/31/content_d7546d1e3499490e8ade2a88c043a19f.shtml,政府网站
成都,四川,贷款,商转公,支持,,https://cdzfgjj.chengdu.gov.cn/cdgjj/c1156384/2026-03/25/content_26fe9edea7114714b4299ffa29e7b7bf.shtml,政府网站
成都,四川,贷款,最长贷龄30年,支持,,https://cdzfgjj.chengdu.gov.cn/cdgjj/c1156384/2026-03/25/content_9614f74ea56743aca06ca1b8941d6b0e.shtml,政府网站
成都,四川,提取,购房一次性提取,支持,全款购房提取不超总购房款、按揭购房不超首付款，且均不超申请时上月账户可用余额；自备案或取得不动产权证起5年内每月可提取一次。,,
成都,四川,提取,租房提取限额,支持,2026年7月31日起租住商品住房统一不超1800元/月、年2.16万元，不再区分区域；未备案1200元/月；公租房、保障性租赁住房据实提取。,,
成都,四川,提取,多孩租房上浮,支持,多子女家庭（至少一个未成年子女的二孩及以上家庭）租房提取额度在限额标准基础上上浮50%，2026年新政后为不超2700元/月。,,
成都,四川,提取,加装电梯提取,支持,既有住宅增设电梯自电梯使用登记证发证起两年内、老旧电梯更新自竣工验收起两年内各提取一次；不超账户可用余额且不超实际支付费用，产权人子女及配偶亦可提取。,,
成都,四川,提取,车位购置提取,支持,2026年4月8日起购新建住房后一年内购同一项目新建车位可提取，每车位按备案成交价、最高10万元，两年内提一次，免材料。,,
成都,四川,提取,大病救助提取,支持,2026年3月25日起本人、配偶、父母、子女患35项重大疾病的可全额提取账户可用余额，取消频次限制，零材料网办。,,
成都,四川,提取,既提又贷,支持,购买保障性住房可“又提又贷”，提取与贷款金额合计不超住房总价；购买新建商品住房提取公积金直付购房款后仍可申请公积金贷款，成都明确“可提可贷”不影响贷款申请。,,
成都,四川,提取,首付直付,有条件支持,限本市新建商品住房（预售），购买再交易住房不支持直付 2024年9月15日起购买成都新建商品住房（预售）可将本人及配偶公积金账户可用余额直接划转至开发企业预售资金监管账户，按揭购房不超首付款、全款不超总购房款。,,
成都,四川,提取,代际互助,支持,2026年1月1日至12月31日，缴存人在蓉新购住房，其父母、子女可在购房一年内提取一次；父母子女须无未结清公积金贷款。,,
成都,四川,提取,按月冲还商贷,支持,成都公积金中心2024年10月8日起施行《按月提取住房公积金偿还个人住房贷款本息管理相关规定》，商业贷款采取“定额提取”方式，签约协议后按月将约定金额划转至本人收款账户；所有银行发放的商贷均可线上签约，商贷还款满一个月即可办理。,,
成都,四川,提取,物业费提取,不支持,成都公积金中心2026年4月答复：暂不支持物业费提取，现行情形为购房、还贷、车位、租房、离职、大修、翻建、出境定居、重大疾病、退休等。2026年8月7日启动提取管理办法修订，征求意见稿拟新增“支付自住住房物业费”，自购房之日起每年可提取一次，金额不超过物业费提取限额（具体限额未公布），房屋须在本市行政区域内。征求意见截至9月6日，尚未施行。,,
成都,四川,提取,住房装修提取,不支持,成都公积金中心2026年8月27日答复：暂不支持装修提取，现行仅可购房、还贷、大修、翻建等，大修须房屋安全鉴定。征求意见稿拟新增“装修自住住房”：自购房5年内或15年（含）以上可申请提取一次，金额不超装修提取限额（未公布）；夫妻只能选择同一套住房；装修与购房、建造、翻建、大修、还贷一年内只能选一项一套房。尚未施行。,,
成都,四川,缴存-灵活就业,支持,,成都住房公积金管理委员会《成都市灵活就业人员参加住房公积金制度试点管理办法》（成公积金委〔2024〕4号）,https://cdzfgjj.chengdu.gov.cn/cdgjj/c1156360/2024-01/31/content_1044086e6ed14592a3926e4292b47021.shtml,2024-01-30
成都,四川,缴存-缓缴,支持,适用于缴存困难单位,成都市人民政府《成都公积金新政实施细则10月8日起实施》（《成都住房公积金缴存管理实施细则》）,https://www.chengdu.gov.cn/cdsrmzf/c148024/2023-12/22/content_c7e8948b53ef473aa0d86bd082312cae.shtml,2023-12-22
绵阳,四川,贷款,单双职工额度差异,支持,单缴存100万、双缴存120万,https://zjw.my.gov.cn/myszjj/c101170/202512/7f4c62e1503b4193ab91827a570a4e42.shtml,政府网站
绵阳,四川,贷款,首套二套额度差异,支持,改善性住房（二套）单70万/双100万高于首套单50万/双80万,https://zjw.my.gov.cn/myszjj/c101173/202409/421e2b2753ee4af7bcc992e70e28ce6d.shtml,政府网站
绵阳,四川,贷款,绿色建筑上浮,支持,购买新建星级绿色建筑或装配式建筑可贷额度上浮20%,https://zjw.my.gov.cn/myszjj/c101173/202409/421e2b2753ee4af7bcc992e70e28ce6d.shtml,政府网站
绵阳,四川,贷款,二孩家庭上浮,支持,二孩家庭最高贷款额度上浮20%,https://zjw.my.gov.cn/myszjj/c101170/202512/7f4c62e1503b4193ab91827a570a4e42.shtml、https://zjw.my.gov.cn/myszjj/c101173/202409/421e2b2753ee4af7bcc992e70e28ce6d.shtml,政府网站
绵阳,四川,贷款,三孩家庭上浮,支持,三孩家庭最高贷款额度上浮30%,https://zjw.my.gov.cn/myszjj/c101170/202512/7f4c62e1503b4193ab91827a570a4e42.shtml,政府网站
绵阳,四川,贷款,人才青年上浮,支持,科技城人才卡最高180万；全日制本科及以上毕业5年内首套上浮30%,https://zjw.my.gov.cn/myszjj/c101170/202512/7f4c62e1503b4193ab91827a570a4e42.shtml、https://www.my.gov.cn/mysrmzf/c100003/202408/67fac0d197774606aa8227cb83adf216.shtml,政府网站
绵阳,四川,贷款,家庭共享额度代际互助,支持,可提取配偶及双方父母、子女的公积金支付房款和还贷,https://zjw.my.gov.cn/myszjj/c105818/202408/5479e8d4513f4477baf24b49fc0f2843.shtml,政府网站
绵阳,四川,贷款,商转公,支持,可办商转公、商转组合，无需自筹结清差额,https://zjw.my.gov.cn/myszjj/c101173/202409/421e2b2753ee4af7bcc992e70e28ce6d.shtml,政府网站
绵阳,四川,贷款,最长贷龄30年,支持,最长30年，延长至男68、女63或退休后5年,https://gjj.mianyang.cn/mysgjj/c100019/202502/fb927450e30e4d39a3a827e5c6863af3.shtml,政府网站
绵阳,四川,提取,购房一次性提取,支持,购买商品住房（含现房）自合同登记备案起5年内、存量房（含拍卖房）自取得不动产权证起5年内，每个自然年度可提取1次，累计不超实际已支付购房款；亦可直付购房款。,,
绵阳,四川,提取,租房提取限额,支持,2025年9月9日起涪城、游仙、安州、江油每年最高24000元，三台、盐亭、梓潼、北川、平武每年最高18000元；租住保障性住房或已备案的可按实际房租据实提取。,,
绵阳,四川,提取,多孩租房上浮,支持,多子女家庭年度租房提取额度在对应缴存辖区限额基础上上浮20%，即涪城、游仙、安州、江油28800元/年，三台、盐亭、梓潼、北川、平武21600元/年。,,
绵阳,四川,提取,加装电梯提取,支持,支持既有住宅加装电梯及住宅公用老旧电梯更新（含换新和改造），本人及配偶、子女、子女配偶可一次性提取，合计不超实际分摊费用；父母名下住宅电梯更新子女可孝老式提取。,,
绵阳,四川,提取,车位购置提取,支持,2026年7月18日起购买与自有住房同一小区独立产权车位，凭备案合同1年内提取1次，最高10万元；家庭须无未结清公积金贷款。,,
绵阳,四川,提取,大病救助提取,支持,2026年7月18日起缴存人本人、配偶、父母、子女患重大疾病的，自取得医疗费用相关证明之日起1年内，可据实申请提取公积金用于支付全额医疗费用。,,
绵阳,四川,提取,既提又贷,支持,实行“可提可贷”，新购住房可提取未纳入贷款额度计算的缴存余额支付首付款后再申请公积金贷款；2025年起将提取支付首付的金额一并纳入住房公积金贷款额度计算。,,
绵阳,四川,提取,首付直付,支持,2024年8月起购买绵阳新建商品住房（预售）的公积金由中心直接划转至开发企业预售资金监管账户，职工只需自筹差额。,,
绵阳,四川,提取,代际互助,支持,缴存人在绵购房可提取配偶及双方直系亲属（父母、子女）公积金用于支付购房款和偿还公积金贷款；2025年9月起取消新购住房代际互助对购房人身份及购房时间的限制。,,
绵阳,四川,提取,按月冲还商贷,支持,绵阳支持委托按月提取住房公积金偿还个人贷款本息，明确包含“在省内办理了个人住房商业贷款”的情形，可通过“绵阳公积金”微信公众号签约办理按月提取还贷；本人或配偶有未结清公积金贷款的只能用于偿还公积金贷款。,,
绵阳,四川,提取,物业费提取,支持,缴存人每年可提取1次公积金支付本市行政区域内家庭自有产权住房物业费。提取额度＝房屋建筑面积×2元/㎡/月×12个月，年度最高限额5000元。本人及配偶须无未结清公积金贷款，或有公积金贷款但不存在逾期还款。名下多套住房每年也只能为其中一套申请1次。提取时间与其它提取业务不冲突，不受“一个自然年度内未办理过其他提取”限制。,,
绵阳,四川,提取,住房装修提取,支持,对绵阳市行政区域内家庭自有产权住房装修的，自取得该套住房装修税务发票之日起1年内可申请提取1次。提取金额取两项较低值：个人公积金账户余额的50%、装修总费用（以增值税发票票面金额为准）的50%。一个家庭只能办理1次，多套住房仅能就其中1套办理。家庭须无未结清公积金贷款，或有贷款但12个月内无逾期。本市个贷率超90%时暂停办理。,,
绵阳,四川,缴存-灵活就业,支持,,绵阳市住房公积金服务中心-关于优化灵活就业人员参加住房公积金制度试点政策的通知,https://gjj.mianyang.cn/mysgjj/c100019/202407/81c8f65992364155b8e41afe8f727754.shtml,2024-08-24
绵阳,四川,缴存-缓缴,支持,,绵阳市政务服务监督管理局-《绵阳市住房公积金缴存管理办法》政策解读,https://zwfwjgj.my.gov.cn/myszwfwjgj/c101957/202412/e6528fae113e4260bfc3facd2e095f09.shtml,2022-04-01起执行
泸州,四川,贷款,单双职工额度差异,支持,单缴存人家庭最高70万元，双缴存人家庭最高100万元,https://zfgjj.luzhou.cn/zwgk/lzyj/bmwj/zxwj/content_28906,政府网站
泸州,四川,贷款,首套二套额度差异,不支持,执行认贷不认房，首套二套贷款最高额度上限一致（单70万/双100万），仅利率与首付比例不同,https://zfgjj.luzhou.cn/zwgk/lzyj/bmwj/zxwj/content_28906,政府网站
泸州,四川,贷款,绿色建筑上浮,未检索到,未检索到公开来源,,
泸州,四川,贷款,二孩家庭上浮,支持,已生育两个子女家庭最高贷款额度上浮20%,https://zfgjj.luzhou.cn/zwgk/lzyj/bmwj/zxwj/content_28906,政府网站
泸州,四川,贷款,三孩家庭上浮,支持,已生育三个及以上子女家庭最高贷款额度上浮30%,https://zfgjj.luzhou.cn/zwgk/lzyj/bmwj/zxwj/content_28906,政府网站
泸州,四川,贷款,人才青年上浮,支持,创新人才公积金最高贷款额度上调：单方缴存30万元→40万元、夫妻双方40万元→50万元,https://www.lz12371.cn/zgdt/content_1119998,政府网站
泸州,四川,贷款,家庭共享额度代际互助,支持,购房一年内双方父母、子女可同时申请提取住房公积金（代际互提）,https://zfgjj.luzhou.cn/zwgk/lzyj/bmwj/zxwj/content_28906,政府网站
泸州,四川,贷款,商转公,支持,延续实施商转公贷款政策，有效期至2029年4月30日,https://wen.lzep.cn/wen/227585.html,其他新闻
泸州,四川,贷款,最长贷龄30年,支持,新建住房贷款最长贷款期限30年,https://zfgjj.luzhou.cn/gzhd/ynjd/content_28321,政府网站
泸州,四川,提取,购房一次性提取,支持,购买商品房自合同登记备案起一年内、再交易住房自取得不动产权证起一年内申请提取一次；非贷款不超总购房款、贷款不超首付款，且不超申请时账户可用余额。,,
泸州,四川,提取,租房提取限额,支持,无房租住商品房上限为单身1500元/月18000元/年、已婚2000元/月24000元/年；可按月或按年提取，公租房按实际房租。,,
泸州,四川,提取,多孩租房上浮,支持,二孩家庭上限2500元/月、30000元/年，三孩及以上3000元/月、36000元/年；申请时除子女个数外至少应有1名未成年子女。,,
泸州,四川,提取,加装电梯提取,支持,增设电梯自取得特种设备使用登记证起一年内提取一次，不超实际支付分摊金额；2025年9月起拓宽至老旧电梯更新改造。,,
泸州,四川,提取,车位购置提取,不支持,提取管理办法未将购买车位（库）列入提取范围；市中心2026年7月答复称修订征求意见稿未纳入车位，泸州暂无此政策。,,
泸州,四川,提取,大病救助提取,支持,缴存人或配偶、双方父母、子女患重大疾病致生活严重困难的，自费用结算起一年内可提取，合计不超个人负担医疗费用。,,
泸州,四川,提取,既提又贷,支持,2025年9月19日起支持“又提又贷”：使用公积金贷款购房的可提取首付款，已提取首付的可申请公积金贷款，有效期至2029年4月30日。,,
泸州,四川,提取,首付直付,支持,使用本市公积金贷款（含组合贷款）购买期房的，可提取公积金直接支付购房首付款；商品房买卖合同网签后，提取资金直接划转至房地产开发企业预售资金监管账户。,,
泸州,四川,提取,代际互助,支持,缴存人及配偶在本市购买新建商品房、拆迁安置房、政策性保障住房的，购房一年内双方父母、子女可同时申请提取；已取消首套住房限制及公积金贷款结清前不得代际互提的限制。,,
泸州,四川,提取,按月冲还商贷,有条件支持,须为本市商业性住房贷款，且贷款银行在与中心联网的合作银行范围内（工行、农行、中行、建行、交行、泸州银行、邮储银行、泸州农商行） 泸州市自2022年11月1日起开展委托按月提取住房公积金偿还本市商业性个人住房贷款业务，签订协议后中心每月自动从账户余额提取约定金额划转至本人收款账户；2026年7月起合作银行由3家扩至8家。,,
泸州,四川,提取,物业费提取,不支持,泸州市公积金中心多次答复：现行提取范围主要包括购买、建造、翻建、大修自住住房，偿还住房贷款本息，支付房租，离休退休等，支付物业费不属于可提取范围。2026年6—7月《关于调整住房公积金提取政策的通知》征求意见期间收到3份增设物业费提取的建议，中心答复待修订后《住房公积金管理条例》正式发布后及时贯彻实施，故未采纳。目前不可办理。,,
泸州,四川,提取,住房装修提取,不支持,泸州市公积金中心2026年6月11日答复：暂不支持使用公积金用于住房装修，提取范围仅限购房、还贷、租房等情形，将结合运行实际调研论证。2026年8月18日《泸州市住房公积金管理委员会关于调整住房公积金提取政策的通知》扩展事项仅新增购房契税和住宅专项维修资金，未纳入装修，有效期至2029年4月30日。现行仅可大修/翻建。,,
泸州,四川,缴存-灵活就业,支持,,泸州市住房公积金管理中心-泸州市灵活就业人员住房公积金缴存使用管理办法,https://zfgjj.luzhou.cn/zwgk/lzyj/bmwj/zxwj/content_24649,2025-01-15
泸州,四川,缴存-缓缴,支持,,泸州市住房公积金管理中心-单位降比、缓缴住房公积金办事指南,https://zfgjj.luzhou.cn/bszn/fwzn2/jc/content_26468,
乐山,四川,贷款,单双职工额度差异,支持,单方缴存最高80万元，双方缴存最高100万元,https://www.leshan.gov.cn/lsswszf/zfwj/92339096/819394018381893.html,政府网站
乐山,四川,贷款,首套二套额度差异,不支持,认贷不认房，首套二套贷款最高额度上限一致（单80万/双100万），仅利率不同,https://www.leshan.gov.cn/lsswszf/zfwj/92339096/819394018381893.html,政府网站
乐山,四川,贷款,绿色建筑上浮,未检索到,未检索到公开来源,,
乐山,四川,贷款,二孩家庭上浮,支持,多子女家庭（含二孩）单方缴存最高100万元、双方缴存最高120万元，较普通家庭上浮20万元,https://www.leshan.gov.cn/lsswszf/zfwj/92339096/819394018381893.html,政府网站
乐山,四川,贷款,三孩家庭上浮,支持,三孩属多子女家庭，单方缴存最高100万元、双方缴存最高120万元，上浮20万元,https://www.leshan.gov.cn/lsswszf/zfwj/92339096/819394018381893.html,政府网站
乐山,四川,贷款,人才青年上浮,有条件支持,仅劳模、工匠家庭贷款额度上浮20万元；在校大学生、大学毕业生、退役军人等青年群体享贷款利息补贴（贴息非额度上浮）,https://www.leshan.gov.cn/lsswszf/zfwj/92339096/819394018381893.html,政府网站
乐山,四川,贷款,家庭共享额度代际互助,支持,购买自住住房、老旧小区改造、加装电梯等情形，可提取房屋所有权人、配偶、父母（双方）及子女的住房公积金,https://www.leshan.gov.cn/lsswszf/zfwj/92339096/819394018381893.html,政府网站
乐山,四川,贷款,商转公,支持,支持异地缴存职工在乐山购房办理商业贷款转公积金贷款,https://www.leshan.gov.cn/lsswszf/zfwj/92339096/819394018381893.html,政府网站
乐山,四川,贷款,最长贷龄30年,支持,住房公积金贷款年限最长30年,https://szq.leshan.cn/Home/Article/jyt3f3SfeqPQYWKb9o7YPw==,其他新闻
乐山,四川,提取,购房一次性提取,有条件支持,非贷款购房3年内每年可提一次；商贷购房须在贷款发放后半年内一次性提取首付；已办公积金贷款的不得提取首付 非贷款购房自契税发票开具或不动产权证登记起3年内每年提取一次，累计不超实际已支付购房款；商贷购房自贷款发放之日起半年内一次性提取，不超实际已支付首付款。,,
乐山,四川,提取,租房提取限额,支持,无房职工租房自住每年提取一次，额度按管委会公布标准执行；现行标准单身12000元/年、已婚18000元/年，租住公共租赁住房按房租实际支出提取。,,
乐山,四川,提取,多孩租房上浮,支持,生育二孩、三孩家庭无自有产权住房租房自住的提取标准为24000元/年，高于已婚18000元/年、单身12000元/年。,,
乐山,四川,提取,加装电梯提取,支持,增设电梯自取得使用登记证后3年内提取一次，不超个人分摊实际支付费用；老旧小区改造自验收后3年内一次；2026年7月起含电梯更新。,,
乐山,四川,提取,大病救助提取,支持,缴存人本人、配偶、双方父母及子女患重大疾病的，自付医疗费用可申请提取本人、配偶、双方父母及子女公积金；2026年7月23日起重大疾病范围由25种扩大至35种。,,
乐山,四川,提取,首付直付,不支持,乐山未开通直划开发企业监管账户的直付首付模式；商贷须在贷款发放后半年内一次性提取首付（先垫后提），公积金贷款不得提取首付。,,
乐山,四川,提取,代际互助,有条件支持,限于共同购买同一产权住房，或老旧小区改造、加装/更新电梯、历史建筑修缮改造、重大疾病等情形 与配偶、父母、子女共同购买同一产权自住住房可提取；2026年7月起老旧小区改造、加装或更新电梯、历史建筑改造、大病等亦可提直系亲属公积金。,,
乐山,四川,提取,按月冲还商贷,不支持,《乐山市住房公积金提取管理办法》规定商贷还款满12期后每年可提取一次；按月对冲（冲还贷）仅适用于公积金贷款。官方确认商贷提取为按年划转，不支持商贷按月冲还。,,
乐山,四川,提取,物业费提取,支持,凡在乐山市缴存公积金的职工（含灵活缴存人员）均可申请提取本人公积金支付物业管理费，每年可提取1次、不超2000元。配偶也可提取本人账户。多套住房仍按定额每年最高一次、不超2000元；余额不足2000元的可提全部余额（取整百）。通过“乐山公积金”微信公众号或网上业务大厅零材料办理；线下需身份证件和Ⅰ类银行卡。2026年7月23日起施行。,,
乐山,四川,提取,住房装修提取,不支持,乐山未开放面向普通缴存人的全屋装修提取，仅支持城市更新与保护类改造：属乐山市老旧小区改造、加装电梯、电梯更新的，支付个人出资改造费用后三年内可提取产权人、配偶、父母（双方）及子女公积金；经认定的历史建筑及纳入保护名录的传统风貌建筑，合规修缮加固、装修改造的，产权人或实际使用人支付出资改造费用后三年内可提取。普通大修须危房鉴定。 乐山未开放面向普通缴存人的全屋装修提取，仅支持城市更新与保护类改造：属乐山市老旧小区改造、加装电梯、电梯更新的，支付个人出资改造费用后三年内可提取产权人、配偶、父母（双方）及子女公积金；经认定的历史建筑及纳入保护名录的传统风貌建筑，合规修缮加固、装修改造的，产权人或实际使用人支付出资改造费用后三年内可提取。普通大修须危房鉴定。,,
乐山,四川,提取,既提又贷,支持,2024年1月起实施又提又贷政策，2025年年度报告确认继续执行；个贷率达85%时暂停部分或全部政策（原阶段性文件曾执行至2025年12月31日）。,,
乐山,四川,提取,车位购置提取,支持,自2026年1月1日起，缴存人在乐山市行政区域内购买新建商品车位（库）的，在车位（库）买卖合同备案登记或取得不动产证三年内，可一次性申请据实提取本人及配偶住房公积金，每个车位（库）提取额最高不超过10万元。,,
乐山,四川,缴存-灵活就业,支持,,乐山市人民政府-乐山市灵活就业人员参加住房公积金制度试点管理办法,https://www.leshan.gov.cn/lsswszf/zfwj/92339096/6d640667f1dc49ceb088187de.html,2025-03-28
乐山,四川,缴存-缓缴,支持,,乐山市住房公积金管理中心-降低缴存比例和缓缴办事指南,https://www.leshan.gov.cn/lsswszf/jczn/60fe872db7ee4b2bba2aeb209/rBoA12lI6XiAeIEoAAHJQ4-NKjg399.pdf,2025
西安,陕西,贷款,单双职工额度差异,支持,,https://zfgjj.xa.gov.cn/xxgk/zcjd/2092542009973727234.html,政府网站
西安,陕西,贷款,首套二套额度差异,不支持,,https://zfgjj.xa.gov.cn/xxgk/zcjd/2092542009973727234.html,政府网站
西安,陕西,贷款,绿色建筑上浮,未检索到,未检索到公开来源,,空
西安,陕西,贷款,二孩家庭上浮,支持,,https://zfgjj.xa.gov.cn/xxgk/zcjd/2092542009973727234.html,政府网站
西安,陕西,贷款,三孩家庭上浮,支持,,https://zfgjj.xa.gov.cn/xxgk/zcjd/2092542009973727234.html,政府网站
西安,陕西,贷款,人才青年上浮,未检索到,未检索到公开来源,,空
西安,陕西,贷款,家庭共享额度代际互助,支持,,https://zjj.xa.gov.cn/zw/zfxxgkml/fgwj/bmwj/2092518292698750977.html,政府网站
西安,陕西,贷款,商转公,不支持,,https://m.xa.bendibao.com/job/104140.shtm,其他新闻
西安,陕西,贷款,最长贷龄30年,支持,,https://www.xa.gov.cn/gk/zfgb/2025ndyq/wjfb/1873984089307013121.html,政府网站
西安,陕西,提取,购房一次性提取,支持,2026年8月26日起购房提取申请时限由5年延长至10年，期限内可办理一次；无个人住房贷款的不超购房总价款，有贷款的不超合同规定的首付款金额。,,
西安,陕西,提取,租房提取限额,支持,2026年8月26日起无房租住商品住房额度由1500元/月提至2000元/月；公租房按实际房租支出；每年提取一次，账户须留三个月缴存额。,,
西安,陕西,提取,多孩租房上浮,支持,多子女家庭（2个及以上子女）租房提取在2000元/月基础上上浮20%，即不高于2400元/月；35周岁以下新市民、青年人同享20%上浮。,,
西安,陕西,提取,加装电梯提取,支持,2026年8月26日起由仅支持老旧小区加装电梯拓宽至电梯更新；自取得电梯使用登记证起5年内可提取一次，提取人为产权人及配偶、子女、父母，不超个人实际支付费用。,,
西安,陕西,提取,车位购置提取,未确认,现行《西安市住房公积金提取实施细则》未将购置车位（库）、储藏室列入提取情形，亦未检索到西安公积金中心发布的车位提取正式文件，仅有媒体综述提及，暂按未确认处理。,,
西安,陕西,提取,大病救助提取,有条件支持,须最近一年自付医疗费用已超出西安市在职职工上年度平均收入并造成家庭生活严重困难 患者本人及其配偶、子女、父母每年可提取一次，合计不超最近一年自付医疗费用；需提供二级以上医院诊断证明、病案首页复印件及当期医疗费用发票。,,
西安,陕西,提取,既提又贷,有条件支持,有个人住房贷款的，购房人及配偶、子女、父母累计提取总额限合同约定的首付款金额 细则规定有个人住房贷款时购房人及配偶、子女、父母累计提取不超合同首付款金额，即贷款购房仍可提取首付部分，并允许直付首付。,,
西安,陕西,提取,首付直付,支持,2026年8月26日起购买新建商品住房和二手住房均可提取公积金直接支付首付款，夫妻双方均可申请；二手房主购房人与配偶合计提取不超首付款总额，按资金监管协议划转。,,
西安,陕西,提取,代际互助,支持,购买、建造、翻建、大修自住住房的，购房人（产权人）及其配偶、子女、父母均可提取；加装或更新电梯亦含配偶、子女、父母，须提供同户户口簿、出生证或公证书等关系证明。,,
西安,陕西,提取,按月冲还商贷,有条件支持,仅限与中心联网可获取商贷数据的银行（建行、工行、中行、农行、光大、华夏、民生、西安、浦发、兴业、招商、浙商、秦农、中信等）签约。 西安公积金中心提供“住房公积金偿还商业住房贷款签约按月提取”服务，职工偿还商贷可签约按月提取，夫妻双方每月提取额合计不超过上月实际还款额；须为合作银行且能获取商贷数据方可签约，2025年6月已优化允许签约逐月提取。,,
西安,陕西,提取,物业费提取,不支持,《西安市住房公积金提取实施细则》第三条列举13项提取情形，住房消费类仅含购买、建造、翻建、大修自住住房和城镇老旧小区加建电梯，不含支付物业费。陕西省住房资金管理中心2026年4月7日答复缴存人咨询时明确：目前西安未开通住房公积金支付物业费提取项。新条例2026年9月20日施行后本地细则是否修订待观察。,,
西安,陕西,提取,住房装修提取,不支持,细则第三条不含普通装修，住房类仅限购买、建造、翻建、大修自住住房及城镇老旧小区加建电梯。大修须提供住建部门出具的房屋应大修证明或经鉴定为C级、D级的《房屋安全鉴定报告》及费用发票。陕西省住房资金管理中心答复缴存人明确：装修不在提取范围内，不可以房屋装修提取住房公积金。,,
西安,陕西,缴存-灵活就业,支持,,西安住房公积金管理中心关于印发《西安市灵活就业人员住房公积金缴存使用管理办法》的通知（西房金发〔2026〕20号）,https://zfgjj.xa.gov.cn/web_files/zfgjj/file/2026/04/20/202604201554116498632.pdf,2026-04-20
西安,陕西,缴存-缓缴,支持,,西安住房公积金管理中心办事指南——住房公积金缓缴,https://zfgjj.xa.gov.cn/hdjl/bszn/gjjjcbszn/5d8c79f1fd850812b3613454.html,2024-03-01
榆林,陕西,贷款,单双职工额度差异,支持,非灵活就业单方缴存最高60万元、双方缴存最高80万元；灵活就业单方40万、双方60万,https://zfgjj.yl.gov.cn/xwzx_0/zxdt/202505/t20250527_2002933.html,政府网站
榆林,陕西,贷款,首套二套额度差异,不支持,首套二套贷款最高额度上限一致（认贷不认房），不区分首套二套额度,https://zfgjj.yl.gov.cn/xwzx_0/zxdt/202505/t20250527_2002933.html,政府网站
榆林,陕西,贷款,绿色建筑上浮,支持,购买获得绿色建筑星级标识的新建绿色建筑自住住房，贷款金额在家庭可贷额度基础上上浮20%,https://zfgjj.yl.gov.cn/xwzx_0/zxdt/202505/t20250527_2002933.html,政府网站
榆林,陕西,贷款,二孩家庭上浮,支持,生育（抚育）二孩及以上未成年子女，贷款金额上浮10万元/孩（从第二孩算起）,https://zfgjj.yl.gov.cn/xwzx_0/zxdt/202505/t20250527_2002933.html,政府网站
榆林,陕西,贷款,三孩家庭上浮,支持,三孩家庭累计上浮20万元（二孩+10万，三孩再+10万）,https://zfgjj.yl.gov.cn/xwzx_0/zxdt/202505/t20250527_2002933.html,政府网站
榆林,陕西,贷款,人才青年上浮,支持,高层次人才家庭贷款上浮（顶尖/国家级领军不限额，省级/地方领军上浮20万元）；青年毕业生享缴存补贴,https://zfgjj.yl.gov.cn/xwzx_0/zxdt/202505/t20250527_2002933.html,政府网站
榆林,陕西,贷款,家庭共享额度代际互助,支持,缴存人及配偶、父母、子女购房后可提取公积金付首付；父母或子女可作为共同借款人共借,https://zfgjj.yl.gov.cn/xwzx_0/zxdt/202505/t20250527_2002933.html,政府网站
榆林,陕西,贷款,商转公,支持,支持商业贷款转公积金贷款及组合贷,https://www.yl.gov.cn/ywdt/ttxw/202508/t20250805_2025450.html,政府网站
榆林,陕西,贷款,最长贷龄30年,支持,贷款最长期限不得超过30年，且借款到期日不超过法定退休时间后5年,https://zfgjj.yl.gov.cn/zfxxgk/fdzdgknr/zcfg/zxwj/202504/t20250402_1985792.html,政府网站
榆林,陕西,提取,购房一次性提取,支持,购买自住住房累计提取金额不超实际支付的购房款，建造、翻建、大修的不超实际支付费用；每年可提取一次，其他类型提取额度为百元以上余额。,,
榆林,陕西,提取,租房提取限额,支持,在榆林市辖区范围内租赁住房每年可提取一次，夫妻双方年度合计不超3万元；取得住建部门租赁备案证明的按备案租金据实提取、不受3万元限制；可按月约定提取或按年提取。,,
榆林,陕西,提取,多孩租房上浮,未确认,榆林现行提取政策与“惠民十条”仅对多孩家庭提高贷款额度（从二孩起每孩上浮10万元），未检索到多子女家庭租房提取额度上浮的正式规定，暂按未确认处理。,,
榆林,陕西,提取,加装电梯提取,支持,城镇老旧小区改造及加装电梯的一次性提取金额不超个人实际出资金额；2023年扩大提取范围，房屋改造及加装电梯时可提取本人、配偶、父母、子女的住房公积金。,,
榆林,陕西,提取,车位购置提取,未确认,未检索到榆林市住房公积金管理中心关于购买车位（库）提取的正式规定，中心现行“提取额度”页面列举的提取情形中不含车位购置，暂按未确认处理。,,
榆林,陕西,提取,大病救助提取,支持,本人、配偶及直系亲属大病住院致生活困难的，提取总额不超个人应承担医疗费用；2025年新增9种大病及年报销超25万元的其他病种。,,
榆林,陕西,提取,既提又贷,支持,“惠民十条”支持又提又贷：缴存人及配偶、父母、子女购房申请公积金贷款后可提取公积金支付首付款，每次间隔12个月，累计不超首付。,,
榆林,陕西,提取,首付直付,未确认,榆林支持购房提取公积金支付首付款（含贷款后提取），但未检索到资金直接划转至房地产开发企业预售资金监管账户的“直付”模式正式规定，暂按未确认处理。,,
榆林,陕西,提取,代际互助,支持,购买、建造、翻建、大修自住住房本人账户余额不足时，可同时提取配偶、父母、子女账户余额，累计不超实际发生费用；2025年起贷款后支付首付亦可提取父母、子女公积金。,,
榆林,陕西,提取,按月冲还商贷,有条件支持,须正常还款满3个月后签约约定提取协议，月提取额不超过当月还款额 榆林市商贷偿还可选择'约定提取'，职工还款满3个月后协议委托中心每月办理一次提取，月提取额不超当月还款额；亦可选择按年提取。,,
榆林,陕西,提取,物业费提取,不支持,榆林市住房公积金管理中心官网办事指南列明提取条件共11项，为购买建造翻建大修自住住房、偿还购房贷款本息、租房、城镇老旧小区改造及加装电梯、死亡继承、出国定居、离退休、完全丧失劳动能力、灵活就业销户、离职、管委会规定的其他情形，不含物业费，且2019年版办法中的物业费条款已于2020年7月政策调整通告中取消。,,
榆林,陕西,提取,住房装修提取,不支持,现行《榆林市住房公积金提取管理办法》提取条件不含装修。2019年版办法曾允许装修提取（按1000元/㎡计提、最高不超过20万元、自装修合同签订一年以内、同一套住房只办理一次），2020年7月7日《关于榆林市住房公积金相关政策调整的通告》已取消；定边县管理部答复缴存人：房屋装修无法提取公积金。现仅可建造、翻建、大修，大修须危房鉴定。,,
榆林,陕西,缴存-灵活就业,支持,,榆林市灵活就业人员自愿缴存使用住房公积金试行办法,https://zfgjj.yl.gov.cn/zfxxgk/fdzdgknr/zcfg/zxwj/202505/t20250527_2002918.html,2025-05
榆林,陕西,缴存-缓缴,支持,缴存困难单位可申请降低缴存比例或缓缴，需经相关程序审批,榆林市住房公积金缴存管理办法（榆林市人民政府公报2025年第5期）,https://yl.gov.cn/zwgk/zfgb/2025n/d5q/202601/t20260105_2065810.html,2026-01
咸阳,陕西,贷款,单双职工额度差异,支持,单缴存职工家庭最高60万元，双缴存职工家庭最高65万元,https://zfgjj.xianyang.gov.cn/zwgk/fdzdgknr/zcwj_7988/xzgfxwj/202412/t20241220_1891448.html,政府网站
咸阳,陕西,贷款,首套二套额度差异,不支持,首套二套贷款最高额度上限一致（单60万/双65万），仅二套贷款成数降为70%（首套80%）,https://zfgjj.xianyang.gov.cn/zwgk/fdzdgknr/zcwj_7988/xzgfxwj/202412/t20241220_1891448.html,政府网站
咸阳,陕西,贷款,绿色建筑上浮,未检索到,未检索到公开来源,,
咸阳,陕西,贷款,二孩家庭上浮,支持,二孩及以上多子女家庭最高贷款额度上浮20%（可叠加以旧换新再上浮20%）,https://zfgjj.xianyang.gov.cn/zwgk/fdzdgknr/zcwj_7988/xzgfxwj/202412/t20241220_1891448.html,政府网站
咸阳,陕西,贷款,三孩家庭上浮,支持,三孩属二孩及以上多子女家庭，最高贷款额度上浮20%,https://zfgjj.xianyang.gov.cn/zwgk/fdzdgknr/zcwj_7988/xzgfxwj/202412/t20241220_1891448.html,政府网站
咸阳,陕西,贷款,人才青年上浮,未检索到,未检索到公开来源,,
咸阳,陕西,贷款,家庭共享额度代际互助,支持,,https://zfgjj.xianyang.gov.cn/ywzn/tqyw/202604/t20260424_2080612.html,政府网站
咸阳,陕西,贷款,商转公,支持,全面开展商转公贷款，四种担保方式（含顺位抵押直转），2026年4月修订细则,https://zfgjj.xianyang.gov.cn/ywzn/dkyw/202604/t20260410_2076696.html,政府网站
咸阳,陕西,贷款,最长贷龄30年,支持,购买普通商品住房、经济适用住房等最长贷款期限30年，可延至法定退休年龄后5年,https://zfgjj.xianyang.gov.cn/zwgk/fdzdgknr/zcwj_7988/xzgfxwj/202412/t20241220_1891448.html,政府网站
咸阳,陕西,提取,购房一次性提取,支持,自购房合同备案或不动产权证登记之日起5年内，每一自然年度可提取一次；全款不超购房合同总价或付款凭证总额，贷款购房不超首付款金额，部分提取须留存一个月缴存额。,,
咸阳,陕西,提取,租房提取限额,支持,居住地所在县市区无自住住房租住商品住房的，本人和配偶合计每年限额18000元；新市民、青年人及高层次人才30000元；公租房据实。,,
咸阳,陕西,提取,多孩租房上浮,未确认,咸阳现行细则仅对新市民、青年人和引进的高层次人才提高租房提取额度至3万元/年，多子女家庭仅享受贷款额度上浮20%，未检索到多孩家庭租房提取上浮的正式规定。,,
咸阳,陕西,提取,加装电梯提取,支持,城镇老旧小区改造加装电梯或老旧住宅电梯更新改造的，本人及配偶、父母、子女可提取，合计不超自行负担的实际支付费用；自改造审批文件下达之日起5年内可提取一次。,,
咸阳,陕西,提取,车位购置提取,不支持,2026年4月22日发布的《咸阳市住房公积金提取实施细则》列举的11类提取情形不含购买车位（库）、储藏室，亦未检索到咸阳关于车位提取的专项政策文件。,,
咸阳,陕西,提取,大病救助提取,支持,因十三种重大疾病造成家庭生活严重困难的，本人及配偶、父母、子女可提取，合计不超县级以上医院住院结算单个人负担部分总和；自住院费用结算起一年内申请，每年一次。,,
咸阳,陕西,提取,既提又贷,未确认,咸阳细则允许新建商品房预提公积金直付首付款，并规定提取的公积金应优先偿还公积金贷款本息，但未检索到咸阳“又提又贷”的明确政策表述，暂按未确认处理。,,
咸阳,陕西,提取,首付直付,支持,购买咸阳市行政区域内新建商品房、已签房屋认购协议且未付或未足额支付首付款的，可申请提取一次用于支付首付款，合计不超首付款金额，资金直接转入开发企业收款账户。,,
咸阳,陕西,提取,代际互助,支持,购买、建造、翻建、大修自住住房及加装/更新电梯、大病、突发事件情形，本人及配偶、父母、子女均可提取各自公积金，需关系证明。,,
咸阳,陕西,提取,按月冲还商贷,有条件支持,目前仅支持中国银行、农业银行、工商银行、建设银行、交通银行、邮储银行、招商银行、中信银行、浦发银行9家银行的商贷线上办理（按月约定提取） 咸阳市2026年6月接入全国住房公积金公共服务平台，偿还商贷提取支持'按月约定提取'（签约后每月自动提取上月商贷还款金额），目前限定9家合作银行线上办理。,,
咸阳,陕西,提取,物业费提取,不支持,《咸阳市住房公积金提取实施细则》（2026年4月22日发布并实施）第三条列举11项提取情形，住房消费类仅含购买、建造、翻建、大修自住住房，偿还购房贷款本息，无自住住房租房，城镇老旧小区改造加装电梯或老旧住宅电梯更新改造；不含支付物业费，也未设其他住房消费折算通道。,,
咸阳,陕西,提取,住房装修提取,不支持,实施细则第三条不含普通装修，住房类仅限购买、建造、翻建、大修自住住房；大修需提供住建部门出具的房屋应大修证明或经鉴定为C级、D级的《房屋安全鉴定报告》及相关费用发票，自发票开具之日起五年内每年可提取一次，总额不超过实际支出。另有老旧小区加装电梯、电梯更新改造提取，但不等于全屋装修。,,
咸阳,陕西,缴存-灵活就业,有条件支持,须在本市以灵活就业身份连续缴纳城镇职工基本养老保险满1年,咸阳市灵活就业人员参加住房公积金制度试点管理办法（咸房金发〔2024〕49号）,https://zfgjj.xianyang.gov.cn/zzb/zztzgg/202409/t20240930_1816678.html,2024-09
咸阳,陕西,缴存-缓缴,支持,单位缴存困难，可按程序申请缓缴,咸阳市住房公积金缴存管理实施细则,https://zfgjj.xianyang.gov.cn/zwgk/fdzdgknr/zcwj_7988/xzgfxwj/202604/t20260422_2079972.html,2026-04
宝鸡,陕西,贷款,单双职工额度差异,支持,双方缴存与单方缴存最高额度不同(双方80万、单方60万),https://www.baoji.gov.cn/bmpd/bjszfgjjglzx/zwfw/gjjdk/202604/t20260424_1265894.html,政府网站
宝鸡,陕西,贷款,首套二套额度差异,不支持,首套与二套最高额度相同、仅最低首付比例不同,https://www.baoji.gov.cn/bmpd/bjszfgjjglzx/zwfw/gjjdk/202604/t20260424_1265894.html,政府网站
宝鸡,陕西,贷款,绿色建筑上浮,未检索到,未检索到公开来源,,
宝鸡,陕西,贷款,二孩家庭上浮,支持,二孩及以上多子女家庭贷款最高额度上浮20%,https://zfgjj.baoji.gov.cn/zzzb/xwzx/202604/t20260424_1265702.html,政府网站
宝鸡,陕西,贷款,三孩家庭上浮,支持,二孩及以上多子女家庭含三孩贷款最高额度上浮20%,https://zfgjj.baoji.gov.cn/zzzb/xwzx/202604/t20260424_1265702.html,政府网站
宝鸡,陕西,贷款,人才青年上浮,未检索到,未检索到公开来源,,
宝鸡,陕西,贷款,家庭共享额度代际互助,支持,购买自住住房可提取购房人配偶及直系亲属住房公积金,https://zfgjj.baoji.gov.cn/col10989/col10990/col14757/col14761/202603/t20260331_1258899.html,政府网站
宝鸡,陕西,贷款,商转公,支持,商业性个人住房贷款可转住房公积金贷款,https://www.baoji.gov.cn/col34/zwfw/bsfw/detail.html?itemCode=d0579caf7e65c0dc9b01738383d87cb5,政府网站
宝鸡,陕西,贷款,最长贷龄30年,支持,住房公积金贷款期限最长30年,https://zfgjj.baoji.gov.cn/col10989/col10990/col14757/col14761/202603/t20260331_1258896.html,政府网站
宝鸡,陕西,提取,购房一次性提取,支持,新建商品房等自买卖合同签订之日起6年内、再交易住房和法拍房自不动产登记之日起6年内申请提取，提取总额不超购房人实际支付购房款；购房人及配偶、直系亲属均可提取。,,
宝鸡,陕西,提取,租房提取限额,支持,无自住住房职工租住商品房每年提取额不超2万元；租住公共租赁住房按当年实际支付房租金额提取；可按年自主提取或按月签约提取，每年可申请一次。,,
宝鸡,陕西,提取,多孩租房上浮,支持,无自住住房的多子女家庭（至少有一个未成年子女的二孩及以上家庭）租住商品房的，每年提取额不超3万元，高于普通家庭2万元、新市民青年人2.5万元的标准。,,
宝鸡,陕西,提取,加装电梯提取,支持,城市既有住宅加装或更新电梯的，产权人及其配偶、直系亲属可提取，提取总额不超加装或更新电梯实际支出金额；需提供不动产权证、主管部门批复文件及费用票据。,,
宝鸡,陕西,提取,车位购置提取,不支持,2026年4月1日施行的《宝鸡市住房公积金提取管理办法》列举的提取情形不含购置车位（库）、储藏室，亦未检索到宝鸡市关于车位提取的专项政策文件。,,
宝鸡,陕西,提取,大病救助提取,支持,因重大疾病致生活严重困难的，患者本人及配偶、直系亲属可提取；自出院起一年内申请，不超二甲及以上医院结算单个人负担部分。,,
宝鸡,陕西,提取,既提又贷,支持,购买新建商品房（预售）按揭（公积金或商贷均可）或一次性付清的，购房人本人、配偶及直系亲属可提取公积金直付首付，与贷款同步办理。,,
宝鸡,陕西,提取,首付直付,支持,签订《提取住房公积金支付购房首付款承诺书》后，购房人及配偶、直系亲属可提取一次账户余额直接支付预售商品房首付，只需补齐差额。,,
宝鸡,陕西,提取,代际互助,支持,购买新建商品房、再交易住房、法拍房的，购房人（产权人）及其配偶、直系亲属可提取；加装或更新电梯、大病等情形直系亲属亦可提取。,,
宝鸡,陕西,提取,按月冲还商贷,不支持,《宝鸡市住房公积金非销户提取》规定，偿还商业银行住房贷款在贷款结清前每年可申请提取，每年提取额不超过当年应还贷款本息；按月对冲（划转）仅适用于本地住房公积金贷款，商贷无按月冲还机制。,,
宝鸡,陕西,提取,物业费提取,不支持,《宝鸡市住房公积金提取管理办法》(41-05〔2026〕03号，2026年4月1日施行)第四条住房消费提取仅6项：购新建商品房/再交易住房/法拍房、购保障性住房/房改房/拆迁安置房/集资房、建造翻建大修自住住房、偿还住房贷款、无自住住房租房、城市既有住宅加装或更新电梯，不含物业费，也无其他住房消费通道。,,
宝鸡,陕西,提取,住房装修提取,不支持,办法第四条住房消费提取6项不含普通装修；住房相关仅建造、翻建、大修自住住房，大修须提供政府主管部门出具的房屋大修证明或经鉴定为C级、D级的《房屋安全鉴定报告》及费用票据，自票据开具之日起六年内可提取，总额不超过实际支出。2026年7月有缴存人建议比照延安、汉中开放装修提取，中心回复已办结，但现行办法未改。,,
宝鸡,陕西,缴存-灵活就业,支持,,宝鸡市灵活就业人员住房公积金缴存使用管理办法,https://zfgjj.baoji.gov.cn/zzzb/bmwj/202603/t20260331_1258901.html,2026-03
宝鸡,陕西,缴存-缓缴,支持,缴存困难单位可申请降低缴存比例或缓缴,宝鸡市住房公积金降低缴存比例及缓缴办事指南,https://www.baoji.gov.cn/bmpd/bjszfgjjglzx/zwfw/gjjgj/202604/t20260424_1265870.html,2026-04
昆明,云南,贷款,单双职工额度差异,支持,,https://www.km.gov.cn/c/2026-04-05/5069164.shtml,政府网站
昆明,云南,贷款,首套二套额度差异,不支持,,https://www.km.gov.cn/c/2026-04-05/5069164.shtml,政府网站
昆明,云南,贷款,绿色建筑上浮,支持,,https://www.km.gov.cn/c/2026-04-05/5069164.shtml,政府网站
昆明,云南,贷款,二孩家庭上浮,支持,,https://www.km.gov.cn/c/2026-04-05/5069164.shtml,政府网站
昆明,云南,贷款,三孩家庭上浮,支持,,https://www.km.gov.cn/c/2026-04-05/5069164.shtml,政府网站
昆明,云南,贷款,人才青年上浮,支持,,https://www.km.gov.cn/c/2026-04-05/5069164.shtml,政府网站
昆明,云南,贷款,家庭共享额度代际互助,支持,,https://zfgjj.km.gov.cn/c/2024-09-12/4899670.shtml,政府网站
昆明,云南,贷款,商转公,支持,,https://zfgjj.km.gov.cn/c/2026-03-30/5067533.shtml,政府网站
昆明,云南,贷款,最长贷龄30年,支持,,https://zfgjj.km.gov.cn/c/2026-03-30/5067524.shtml,政府网站
昆明,云南,提取,购房一次性提取,支持,购买市内新建商品房、二手房、回迁房、经适房、法拍房均可提取，累计提取额不超过房价总额（二手房以契税发票为准），首次到网点、后续可线上办，2个工作日内办结。,,
昆明,云南,提取,租房提取限额,支持,市场租房月提取不超过月租金，上限每户每月1700元、全年累计不超20400元；租公租房廉租房按发票据实提取；持兴滇惠才卡、春城惠才卡人才上限3000元/月。,,
昆明,云南,提取,多孩租房上浮,支持,在1700元/月基准上上浮：二孩家庭上限1900元/月、全年22800元；三孩家庭2100元/月、全年25200元，首次须到柜面办理。,,
昆明,云南,提取,加装电梯提取,支持,2025年年报明确支持提取公积金用于自住住房加装电梯和更新电梯；市政府促消费措施亦明确支持提取用于城镇老旧小区既有住宅加装电梯。,,
昆明,云南,提取,车位购置提取,不支持,现行文件明确购买非自住住房（商业性质公寓、商铺用房、写字楼、车位、车库等）不得申请提取公积金，与不符合规划建设规定的房屋一并排除。,,
昆明,云南,提取,大病救助提取,有条件支持,须因重病大病造成家庭生活严重困难，并提交单位核实的提取证明及县级以上医院证明、医疗费票据等材料。 《管理规定》第十三条列明本人、配偶及直系亲属因重病大病造成家庭生活严重困难可申请提取，用于支付自住住房房租、住宅专项维修资金、物业费等；需单位核实出具提取证明。,,
昆明,云南,提取,既提又贷,有条件支持,提取与公积金贷款合计不得超过房价总额，累计现金提取须扣减贷款金额，且办理时无贷款逾期记录。 可先提取再申贷，云南省级文件明确全面支持“又提又贷”；但昆明涉公积金贷款的购房提取累计现金提取额＝房价总额－公积金贷款金额，该笔贷款未清前不再受理其他住房提取。,,
昆明,云南,提取,首付直付,支持,已落地“提取公积金支付商品房首付款一件事”，覆盖昆明全辖，购房人在售楼部一次线上签字授权即可，零跑动零材料、备案当日办结；2025年办理4215人5.63亿元。,,
昆明,云南,提取,代际互助,未确认,昆明现行购房提取人范围限申请人及其配偶、拥有房屋产权的共同买受人及其配偶，未检索到父母与子女互用提取额度或互作共同借款人的专门政策表述。,,
昆明,云南,提取,按月冲还商贷,未确认,公开渠道未能确认昆明是否支持商贷按月委托冲还。第三方渠道（如华律网）显示昆明偿还商贷为每年提取一次、委托扣划仅限公积金贷款，但未找到昆明公积金中心官方文件明确确认商贷按月冲还政策，故判定为未确认。,,
昆明,云南,提取,物业费提取,支持,昆明市住房公积金管理中心2016年10月公告：缴存职工每年可申请提取一次本人公积金支付物业管理费，每人每年不超2500元（余额不足2500元的须预留100元）。当年不提取视作放弃、不累计入下一年。条件：每年一次、无公积金贷款余额、账户非封存。可通过网上业务大厅、微信公众号、手机客户端自助办理，或委托单位批量办理，省直职工由省级中心办理。,,
昆明,云南,提取,住房装修提取,不支持,昆明市公积金中心《关于进一步改进服务优化流程加强住房公积金提取管理工作有关事项的通知》明确：不符合规划建设规定的房屋和购买非自住住房（如商业公寓、商铺、写字楼、车位、车库）以及房屋装修，不得申请提取公积金。现行仅可在昆明市行政区域内新建、翻建、大修自住住房提取，大修须提供规划、国土部门批准文件及材料明细发票或施工决算表。,,
昆明,云南,缴存-灵活就业,支持,,昆明市人民政府办公室《昆明市灵活就业人员参加住房公积金制度试点管理办法》（昆政办规〔2023〕2号，2023-11-10）及2026-07缴存指南,https://www.km.gov.cn/c/2023-11-13/4800985.shtml,2023-11
昆明,云南,缴存-缓缴,支持,,昆明市住房公积金管理中心《昆明市住房公积金缴存管理办法》（昆公积金规〔2020〕2号）第十七条至十九条,https://zfgjj.km.gov.cn/c/2020-12-31/4922652.shtml,2020-12
曲靖,云南,贷款,单双职工额度差异,支持,双缴存最高100万、单缴存最高70万,https://www.qjzfgjj.com/cms/dfzc/4227.jhtml,政府网站
曲靖,云南,贷款,首套二套额度差异,不支持,首套与二套最高额度相同、仅首付比例不同,https://www.qjzfgjj.com/cms/dfzc/4227.jhtml,政府网站
曲靖,云南,贷款,绿色建筑上浮,支持,购买绿色建筑贷款额度上浮30%,https://www.qjzfgjj.com/cms/ywzngjjdk/4833.jhtml,政府网站
曲靖,云南,贷款,二孩家庭上浮,支持,二孩家庭贷款额度上浮20%,https://www.qjzfgjj.com/cms/ywzngjjdk/4833.jhtml,政府网站
曲靖,云南,贷款,三孩家庭上浮,支持,三孩家庭贷款额度上浮30%,https://www.qjzfgjj.com/cms/ywzngjjdk/4833.jhtml,政府网站
曲靖,云南,贷款,人才青年上浮,未检索到,未检索到公开来源,,
曲靖,云南,贷款,家庭共享额度代际互助,支持,父母、子女可互相提取公积金支持购房,https://www.qjzfgjj.com/cms/gzdt/5280.jhtml,政府网站
曲靖,云南,贷款,商转公,支持,允许商业贷款转公积金贷款,https://www.qjzfgjj.com/cms/ywzngjjdk/4835.jhtml,政府网站
曲靖,云南,贷款,最长贷龄30年,支持,贷款期限最长30年,https://www.qjzfgjj.com/cms/xydt/4070.jhtml,政府网站
曲靖,云南,提取,购房一次性提取,支持,住房消费提取含购买、建造、翻建、大修自住住房，同一住房累计提取总额不超过实际支付费用；建造翻建大修按2000元/平方米认定提取上限；可线上小程序办理。,,
曲靖,云南,提取,租房提取限额,支持,本人及配偶在缴存地无自有产权住房且租房自住的，一个家庭一个自然年度提取总额不超30000元；持兴滇人才卡、珠源英才卡家庭不超45000元。,,
曲靖,云南,提取,多孩租房上浮,支持,多子女家庭在30000元/年限额上上浮：二孩上浮25%即年度不超37500元，三孩及以上上浮50%即年度不超45000元。,,
曲靖,云南,提取,加装电梯提取,支持,县级以上城市规划区内、具有合法权属证明的老旧小区改造加装电梯可提取，累计提取总额不超过扣除政府补贴后每户分摊费用。,,
曲靖,云南,提取,车位购置提取,不支持,提取办法第五条对住房消费提取采取列举式规定，仅四类情形，购买车位、车库未纳入可提取范围；市级措施仅在“促进产权车位（库）销售”层面提及，未开放公积金提取。,,
曲靖,云南,提取,大病救助提取,不支持,2019年版提取办法曾列“因重大疾病或自然灾害造成家庭生活严重困难”情形，自2024年7月1日新办法施行后该情形已不再列举，现行提取范围不含大病救助。,,
曲靖,云南,提取,既提又贷,支持,取消提取后申请贷款须间隔1个月的规定，缴存人及配偶提取住房公积金后可立即申请贷款，且提取金额不影响贷款额度；云南省级文件亦明确全面支持“又提又贷”。,,
曲靖,云南,提取,首付直付,支持,曲住金归字〔2024〕1号长期执行：所购为市内新建商品住房且楼盘已在中心备案的，每套住房可提取一次账户余额支付首付款，提取额不超首付款金额。,,
曲靖,云南,提取,代际互助,支持,阶段性实施“代际互助”购房提取：缴存人父母、子女购买自住住房，缴存人可自愿提取本人账户余额支持，提取人范围扩大至产权人父母及子女。,,
曲靖,云南,提取,按月冲还商贷,支持,曲靖公积金自2023年8月起将商贷提取由“一年最多两次”放宽至每月可申请提取一次，缴存职工可通过“曲靖住房公积金”微信公众号零材料办理偿还商贷后续提取，累计提取不超过贷款本息。,,
曲靖,云南,提取,物业费提取,支持,缴存职工可凭产权登记人为本人或配偶的自住住房产权证明，申请提取公积金支付2026年度自住住房物业管理费，一套住房一个自然年度内仅限申请一次。提取限额参照曲发改价格〔2011〕40号按2元/平方米/月核定，即提取总额≤房屋建筑面积×2元/平方米/月×12月。需提供本人或配偶名下产权证明。属阶段性政策，有效期至2026年12月31日。,,
曲靖,云南,提取,住房装修提取,支持,缴存职工本人或配偶对曲靖市行政区域内自有自住住房实施装修的，可凭初次登记日期2018年1月1日（含）之后的《不动产权证》或《商品房买卖合同登记备案表》，申请一次性提取公积金支付装修费用。提取限额按1500元/平方米核定，单套最高不超20万元，即提取总额≤建筑面积×1500元且≤200000元。属阶段性政策，有效期至2026年12月31日。,,
曲靖,云南,缴存-灵活就业,有条件支持,须在曲靖市辖区内缴纳社会保险，且男性18-55周岁、女性18-50周岁,曲靖市灵活就业人员住房公积金开户及缴存指南；市住房公积金管理中心关于灵活就业人员缴存答复函,https://www.qjzfgjj.com/cms/ywzngjjjc/5368.jhtml,
曲靖,云南,缴存-缓缴,支持,单位缴存困难可申请缓缴,曲靖市单位住房公积金缓缴办事指南,https://www.qjzfgjj.com/cms/ywzngjjjc/5351.jhtml,
丽江,云南,贷款,单双职工额度差异,支持,双缴存最高100万、单缴存最高60万,https://szb.lijiang.cn/pc/concent/202503/31/c86563.html,政府网站
丽江,云南,贷款,首套二套额度差异,不支持,首套与二套最高额度相同、仅首付比例不同,https://szb.lijiang.cn/pc/concent/202503/31/c86563.html,政府网站
丽江,云南,贷款,绿色建筑上浮,未检索到,未检索到公开来源,,
丽江,云南,贷款,二孩家庭上浮,支持,二孩家庭贷款额度上浮10%,https://www.lijiang.cn/article/140418.html,政府网站
丽江,云南,贷款,三孩家庭上浮,支持,三孩家庭贷款额度上浮20%,https://www.lijiang.cn/article/140418.html,政府网站
丽江,云南,贷款,人才青年上浮,支持,高层次人才贷款额度上浮20%,https://www.lijiang.cn/article/140418.html,政府网站
丽江,云南,贷款,家庭共享额度代际互助,未检索到,未检索到公开来源,,
丽江,云南,贷款,商转公,支持,允许商业贷款转公积金贷款,https://lijiang.cn/article/155213.html,政府网站
丽江,云南,贷款,最长贷龄30年,支持,贷款期限最长30年,https://www.peopleapp.com/rmharticle/30030414848,官媒
丽江,云南,提取,购房一次性提取,支持,提取范围含购买、建造、翻建、大修自住住房，购买新建商品住房自购房合同备案登记或取得不动产权证起可申请，累计提取金额不超过实际支付的购房款。,,
丽江,云南,提取,租房提取限额,支持,缴存人及配偶在丽江市内无自住住房、无公积金贷款且租赁住房的，租房提取额度上限由20000元调整为25000元/年；提取频次在按年基础上增加按季、按月，可自选。,,
丽江,云南,提取,多孩租房上浮,支持,在缴存城市无自有住房且租赁住房的二孩及以上家庭，可按照实际房租支出提取住房公积金，即据实提取、不受25000元/年一般限额约束。,,
丽江,云南,提取,加装电梯提取,支持,城镇老旧小区改造加装电梯已纳入丽江住房公积金可提取情形，与购建翻大修、偿还购房贷款本息、无房租房自住并列为四类提取事由。,,
丽江,云南,提取,车位购置提取,不支持,丽江提取情形采列举方式且不含车位车库；市级购房补贴政策亦明确不含商业、车位、车库等其他性质房屋，未见开放公积金提取购置车位的政策。,,
丽江,云南,提取,大病救助提取,未确认,早年丽江提取细则曾含直系亲属因重大疾病造成家庭生活特别困难提取，但现行公开提取情形未见该项，未检索到有效政府源确认其仍在执行。,,
丽江,云南,提取,既提又贷,支持,“又提又贷”已全面落地，职工购房时可先提取夫妻双方公积金，次月即可申请公积金贷款；云南省级指导意见明确全面支持“又提又贷”。,,
丽江,云南,提取,首付直付,有条件支持,须在申请公积金贷款前办理提取，资金提取至个人账户后用于支付首付款，非直接划转售房人。 按云南省9部门指导意见，缴存人可申请提取本人及配偶的公积金支付购房首付款；丽江落地表述为购房时先提取夫妻双方公积金、次月申请贷款，属先提后付而非划转开发商。,,
丽江,云南,提取,代际互助,支持,借款申请人父母或同户子女为所购住房产权共有人的，可作为共同申请人，参照双职工家庭政策执行贷款额度，实现父母与子女公积金额度合并使用。,,
丽江,云南,提取,按月冲还商贷,支持,据丽江市融媒体中心报道，丽江市住房公积金管理中心明确：不符合“商转公”“商转组”的借款人，可以按月提取住房公积金偿还商业银行个人住房贷款。,,
丽江,云南,提取,物业费提取,不支持,丽江市现行提取范围仅含购买、建造、翻建、大修自住住房，离休退休，完全丧失劳动能力并与单位终止劳动关系，出境定居，偿还购房贷款本息，无房职工租房自住六类（2019年12月1日起执行的《丽江市住房公积金提取业务办事指南》），不含支付物业费；市政府市级便民服务事项清单所列提取事项亦无物业费。中心表示暂未开放，将根据省级部署适时推进。,,
丽江,云南,提取,住房装修提取,支持,据“丽江发布”官方公众号文章，自《住房公积金管理条例》2026-09-20 修订施行起，新增“装修自住住房”为可提取住房公积金的情形。,,
丽江,云南,缴存-灵活就业,支持,,人民号（人民日报客户端）/ 丽江市住房公积金管理中心,https://www.peopleapp.com/rmharticle/30030414848,2025
丽江,云南,缴存-缓缴,未采集到相关信息,,原依据为丽江市人民政府2021年疫情期间纾困措施（已到期）,,2021-02
红河,云南,贷款,单双职工额度差异,不支持,2025年4月起不再区分单双职工、统一最高100万,https://www.hhgjj.com/website/annualReport-detail.html?seqno=610&itemId=0109,政府网站
红河,云南,贷款,首套二套额度差异,不支持,首套与二套最高额度相同、仅利率不同,https://www.hhgjj.com/website/annualReport-detail.html?seqno=610&itemId=0109,政府网站
红河,云南,贷款,绿色建筑上浮,支持,购买绿色建筑贷款额度上浮30%,https://www.hhgjj.com/website/annualReport-detail.html?seqno=610&itemId=0109,政府网站
红河,云南,贷款,二孩家庭上浮,支持,二孩家庭贷款额度上浮20%,https://www.hhgjj.com/website/annualReport-detail.html?seqno=610&itemId=0109,政府网站
红河,云南,贷款,三孩家庭上浮,支持,三孩家庭贷款额度上浮30%,https://www.hhgjj.com/website/annualReport-detail.html?seqno=610&itemId=0109,政府网站
红河,云南,贷款,人才青年上浮,支持,高层次人才、现役军人贷款额度上浮30%,https://www.hhgjj.com/website/annualReport-detail.html?seqno=610&itemId=0109,政府网站
红河,云南,贷款,家庭共享额度代际互助,支持,直系亲属可互助互用住房公积金,https://www.hhgjj.com/website/announcement-detail.html?itemId=&seqno=514,政府网站
红河,云南,贷款,商转公,支持,允许商业贷款转公积金贷款,https://www.hh.gov.cn/info/10841/878332.htm,政府网站
红河,云南,贷款,最长贷龄30年,支持,贷款期限最长30年,https://www.hh.gov.cn/info/10801/1186492.htm,政府网站
红河,云南,提取,购房一次性提取,支持,提取范围含购买、建造、翻建、大修自住住房，并已实行购建自住住房后续提取政策；缴存人及其直系亲属提取总额不超过购房总价。,,
红河,云南,提取,租房提取限额,支持,职工及配偶在缴存地或工作地无自有住房、租房自住可提取，租房提取最高额度已调整为36000元/年，租房面积上限120平方米；现役军人家庭按最高额度上浮30%。,,
红河,云南,提取,多孩租房上浮,支持,生育二孩缴存职工家庭符合租房提取条件的，提取最高额度上浮20%；生育三孩家庭上浮30%，自2023年11月15日起执行，与贷款额度上浮政策同步实施。,,
红河,云南,提取,加装电梯提取,支持,住房纳入各县市批准立项的城镇老旧小区改造范围的，可提取用于增设电梯住户承担费用及改造个人承担费用；并推行老旧电梯更新改造提取，直系亲属亦可提取。,,
红河,云南,提取,车位购置提取,不支持,提取办法第四条以列举方式规定八类提取情形，购买车位、车库未纳入；州政府答问亦强调公积金只支持基本购房支出，未开放车位提取。,,
红河,云南,提取,大病救助提取,未确认,红河州提取管理办法第四条列举情形不含重大疾病或家庭困难救助，且未检索到单独的因病提取业务规定，无法确认现行是否受理。,,
红河,云南,提取,既提又贷,支持,优化偿还购建房贷款提取，缴存人办理贷款后即可申请提取公积金冲还贷款；并支持缴存人及直系亲属提取公积金支付购房首付款。,,
红河,云南,提取,首付直付,支持,已将“提取住房公积金支付购商品房首付款”列入提取政策调整事项：缴存人及其直系亲属可提取住房公积金支付购房首付款，提取总额不超过购房总价。,,
红河,云南,提取,代际互助,支持,支付购房首付款提取的申请人范围包含缴存人直系亲属，提取总额不超过购房总价；老旧电梯更新改造提取亦允许房屋所有权人及其直系亲属提取名下公积金。,,
红河,云南,提取,按月冲还商贷,支持,红河州住房公积金管理中心自2026年7月8日起优化政策，商贷可“按月”提取：缴存人每月提取住房公积金偿还商贷，当月提取额度不超过上一期正常偿还商贷本息合计金额，申请人为该笔商贷的借款人或直系亲属且无账户冻结、担保等情形。,,
红河,云南,提取,物业费提取,支持,《红河州进一步优化部分住房公积金使用政策（试行）》：缴存人每年可申请提取一次公积金用于交纳本人或配偶所有的任意一套自住住房物业管理费，无论有无公积金贷款均可办理；多套房产仅能选择其中一套。提取金额按房屋建筑面积×2元/平方米/月×12月核定，为最高限额。需提供购房合同或不动产权证书及物业费凭证。自2026年7月20日起执行，试行期一年。,,
红河,云南,提取,住房装修提取,不支持,《红河州住房公积金提取管理办法》（红房规〔2025〕1号）第四条列举的提取情形为购买、建造、翻建、大修自住住房，离休退休，完全丧失劳动能力并与单位终止劳动关系，出境定居，偿还购房贷款本息，无房职工租房自住，死亡或被宣告死亡等，不含装修。州中心业务问答明确：“装修目前暂无政策支持，不能提取公积金。”2026年7月20日优化政策仍未纳入。,,
红河,云南,缴存-灵活就业,支持,,红河州住房公积金管理中心（红河州住房公积金缴存管理办法）,https://www.hhgjj.com/website/announcement-detail.html?seqno=543,2025-03
红河,云南,缴存-缓缴,支持,,红河州住房公积金管理中心（红河州住房公积金缴存管理办法）,https://www.hhgjj.com/website/announcement-detail.html?seqno=543,2025-03
贵阳,贵州,贷款,单双职工额度差异,不支持,2024年12月1日起不再区分单缴存人和双缴存人家庭，最高额度均提高至100万元,https://gzstv.com/a/4203a9b00d724a349728d6ddb5bbc6c3,官媒
贵阳,贵州,贷款,首套二套额度差异,不支持,2024年12月1日起不再区分首套和二套，最高额度均提高至100万元,https://gzstv.com/a/4203a9b00d724a349728d6ddb5bbc6c3,官媒
贵阳,贵州,贷款,绿色建筑上浮,未检索到,未检索到公开来源,,空
贵阳,贵州,贷款,二孩家庭上浮,支持,多子女家庭最高贷款额度由100万元上浮至120万元,https://gjj.guiyang.gov.cn/zfxxgk/fdzdgknr/fdzdgknrzdxxlygk/cxjs/202512/t20251216_89056125.html,政府网站
贵阳,贵州,贷款,三孩家庭上浮,支持,多子女家庭含三孩统一上浮至120万元,https://gjj.guiyang.gov.cn/zfxxgk/fdzdgknr/fdzdgknrzdxxlygk/cxjs/202512/t20251216_89056125.html,政府网站
贵阳,贵州,贷款,人才青年上浮,支持,高层次人才最高贷款额度150万元（上浮50%）,https://gjj.guiyang.gov.cn/zfxxgk/fdzdgknr/fdzdgknrzdxxlygk/cxjs/202512/t20251216_89056125.html,政府网站
贵阳,贵州,贷款,家庭共享额度代际互助,支持,允许父母子女提取公积金支付首付,https://gjj.guiyang.gov.cn/xxgkdt/xxgkdtgzdt/202412/t20241203_86173989.html,政府网站
贵阳,贵州,贷款,商转公,支持,2026年3月10日起允许商业贷款转公积金贷款,https://guiyang.gov.cn/zwgk/zwgktzgg/zwgktzggbmgg/202603/t20260313_89832981.html,政府网站
贵阳,贵州,贷款,最长贷龄30年,支持,最长贷款期限可达30年,https://gy.bendibao.com/edu/201776/49558.shtm,其他新闻
贵阳,贵州,提取,购房一次性提取,支持,购买、建造、翻建、大修自住住房可一次性提取本人及配偶账户余额，总额不超实际支付购建房款，同一套住房只提取一次，账户须留存不低于100元。,,
贵阳,贵州,提取,租房提取限额,支持,连续足额缴存满3个月且本人及配偶在贵阳贵安无房：租商品房单身年不超14400元、已婚家庭不超20160元；租保租房公租房不超12个月房租总额。,,
贵阳,贵州,提取,多孩租房上浮,支持,多子女家庭租住商品住房每年提取金额不超过25920元，高于已婚家庭20160元；多子女指养育两个及以上子女且至少一个未成年，有离异婚史按抚养权核定。,,
贵阳,贵州,提取,加装电梯提取,支持,纳入老旧小区改造项目库的既有住宅加装电梯、公共部位维修可一次性提取本人及配偶账户余额，总额不超个人实际直接出资金额，支付分摊费用后18个月内申请。,,
贵阳,贵州,提取,车位购置提取,不支持,提取管理办法第四条采列举式规定十项提取条件，购买车位、车库不在其中；提取业务清单中亦无车位车库对应业务，故现行不予受理。,,
贵阳,贵州,提取,既提又贷,支持,提取公积金支付购房款后仍可申请公积金贷款；适用范围已由首套新建商品房扩大至二手房和二套房，阶段性政策延长至2026年12月31日。,,
贵阳,贵州,提取,首付直付,支持,支持提取公积金支付新建商品住房及二手房首付款，网签后即可申请，同一套住房所有提取人提取总额不超合同约定首付款金额、只能提取一次。,,
贵阳,贵州,提取,代际互助,支持,购房人的父母、子女可提取本人账户余额支付缴存人购房首付款，无需先提取购房人公积金；申请人须在本市无未结清公积金贷款，同一套住房只能提取一次。,,
贵阳,贵州,提取,按月冲还商贷,支持,贵阳市住房公积金管理中心自2026年5月20日起施行《委托按月提取偿还商业住房贷款和省直公积金贷款的实施细则》，缴存人签订协议后，中心依据发贷银行上月还款记录于次月自动将公积金账户余额提取至发贷银行还款账户，实现商贷委扣（按月委托提取）。适用于合作银行商业住房贷款（数据可查），委扣签约银行含建行、工行、中行、交行、农行、贵阳银行、中信、浦发、光大、招行、邮储、民生、兴业等16家。,,
贵阳,贵州,提取,物业费提取,不支持,现行《贵阳市住房公积金提取业务清单(2026年1.0版)》共10类16项提取情形，不含支付物业费；仅有老旧小区改造提取（加装电梯、公共部位及共用设施维修分摊费用），不等同日常物业费。2024年11月曾就物业费提取公开征求意见（拟按2元/㎡·月、每年一次、账户保留不低于100元），但截至查证日未正式出台。,,
贵阳,贵州,提取,住房装修提取,不支持,"贵阳市住房公积金管理中心常见问题答复（2026年4月21日）明确：""目前贵阳市住房公积金暂无房屋装修提取住房公积金的业务""。现行《贵阳市住房公积金提取业务清单(2026年1.0版)》仅有建造、翻建、大修自住住房提取（大修须提供房屋危险性鉴定为C级或D级的房屋安全鉴定报告）及老旧小区改造提取（加装电梯、公共部位维修分摊费用），均不等同普通全屋装修。",,
贵阳,贵州,提取,大病救助提取,有条件支持,职工、配偶或直系亲属患规定的“特殊疾病”（具体病种以贵阳公积金中心目录为准）可申请提取 贵阳住房公积金提取规定：具有“有特殊疾病”等情形的，可申请提取账户存储余额；属有条件支持，须符合特殊疾病病种范围。,,
贵阳,贵州,缴存-灵活就业,支持,,贵阳市住房公积金管委会关于印发《贵阳贵安灵活就业人员住房公积金管理办法(试行)》的通知,https://gjj.guiyang.gov.cn/zfxxgk/fdzdgknr/gggs/fdzdgknrtzgg/202406/t20240618_84884415.html,2024-06-10
贵阳,贵州,缴存-缓缴,支持,濒临破产/已停产、被核定为困难单位、或已依法批准缓缴社保费的困难单位，可申请缓缴。,贵阳市降低住房公积金缴存比例和缓缴住房公积金管理办法（筑公积金管委字〔2025〕2号）,https://www.guiyang.gov.cn/zwgk/gzhgfxwjsjk/gfxwjsjk/szfgjjzx_5816346/202504/t20250422_87560250.html,2025-04-22
遵义,贵州,贷款,单双职工额度差异,支持,最高贷款额度单职工70万元、双职工100万元（2026年2月1日起）,https://zfgjj.zunyi.gov.cn/zwgk/fdzdgknr/zcfg/zcjd/202601/t20260109_89282547.html,政府网站
遵义,贵州,贷款,首套二套额度差异,不支持,最高贷款额度不区分首套/二套，仅首付比例与利率有差异,https://www.zunyi.gov.cn/ztzl/rdzt/hmzcmbk/201911/t20191125_68834749.html,政府网站
遵义,贵州,贷款,绿色建筑上浮,未检索到,未检索到公开来源,,
遵义,贵州,贷款,二孩家庭上浮,支持,多子女家庭（二孩及以上）最高额度上浮20万元,https://zfgjj.zunyi.gov.cn/zxdt/tzgg/202503/t20250331_87310910.html,政府网站
遵义,贵州,贷款,三孩家庭上浮,支持,多子女家庭（含三孩）最高额度上浮20万元,https://zfgjj.zunyi.gov.cn/zxdt/tzgg/202503/t20250331_87310910.html,政府网站
遵义,贵州,贷款,人才青年上浮,支持,持有A类高层次人才卡最高额度上浮至120万元,https://zfgjj.zunyi.gov.cn/zwgk/fdzdgknr/zcfg/zcjd/202601/t20260109_89282547.html,政府网站
遵义,贵州,贷款,家庭共享额度代际互助,支持,购房人子女、夫妻双方父母可补充提取公积金支付首付款（代际互助）,https://zfgjj.zunyi.gov.cn/zxdt/tzgg/202503/t20250331_87310910.html,政府网站
遵义,贵州,贷款,商转公,支持,放宽申请条件（还款满3个月即可）、名额增至1000个、扩至灵活就业人员,https://zfgjj.zunyi.gov.cn/zwgk/fdzdgknr/zcfg/zcjd/202601/t20260109_89282547.html,政府网站
遵义,贵州,贷款,最长贷龄30年,支持,贷款期限不得超过30年（按整年计算）,https://zfgjj.zunyi.gov.cn/hdjl/cjwt/dkwt/202203/t20220310_72916521.html,政府网站
遵义,贵州,提取,购房一次性提取,支持,购买新建、再交易、拆迁安置自住住房均可提取，同一住房累计提取金额不得超出总购房款，职工及其配偶每自然年度可各申请提取1次；申请时限已由2年放宽至5年。,,
遵义,贵州,提取,租房提取限额,支持,租房提取金额上限由12000元提高至18000元/年，频次由每年1次调整为每年不超过4次；须连续足额缴存满3个月且本人及配偶在市内无自有住房。,,
遵义,贵州,提取,多孩租房上浮,不支持,现行租房提取限额统一为18000元/年，未按子女数量分档上浮；遵义对多子女家庭的倾斜体现在最高贷款额度上浮20万元，而非租房提取额度。,,
遵义,贵州,提取,加装电梯提取,支持,既有住宅加装电梯可提取，自检验合格起5年内职工及配偶每自然年度各1次，同一住房累计不超权利人实际分摊费用总额；老旧小区改造提取另设5万元上限。,,
遵义,贵州,提取,车位购置提取,不支持,遵义提取情形采列举方式，购买车位车库未纳入；既有住宅加装电梯提取亦明确排除商业用房、商住两用房，公开业务清单中无车位车库提取事项。,,
遵义,贵州,提取,大病救助提取,支持,职工本人及配偶、子女、父母或配偶父母患重大疾病造成家庭生活严重困难可提取，自医保报销结算起5年内职工及配偶各1次，合计不超结算单载明自付金额。,,
遵义,贵州,提取,既提又贷,支持,继续执行“又提又贷”政策，执行期2025-03-31至2027-03-31，支持符合条件购房人提取公积金支付购房首付款后仍可申请公积金贷款。,,
遵义,贵州,提取,首付直付,支持,实施“又提又贷”，支持符合条件的购房人提取公积金用于支付购房首付款；购买二手房申请公积金贷款流程调整后，借款申请人在办理过户并签订借款合同后即可提取首付款。,,
遵义,贵州,提取,代际互助,支持,2026年新增代际互助提取情形，住房消费须发生在2025-04-01后；同时取消非夫妻共同购房按比例提取限制，与父母共同购房可自行约定额度、合计不超总购房款。,,
遵义,贵州,提取,按月冲还商贷,有条件支持,须所购住房在遵义市范围内、申请人为商贷主借款人或其配偶，且贷款银行为已开通委提联网的银行（建行、交行等，逐步扩大）。 遵义市住房公积金支持商贷按月约定提取（委提），签订协议后按月从公积金账户划转还商贷。须所购住房位于遵义市、申请人为商贷主借款人或配偶，且贷款银行已与中心开通联网委提（建行、交行等逐步扩大范围）。,,
遵义,贵州,提取,物业费提取,支持,每年可提取一次；缴存人及配偶每套住房每年合计不超过4000元（2026年6月1日起住房消费提取由每年1次增至2次，每人每年最多可就2套住房各提4000元）。条件：无未结清公积金贷款；本人或配偶在遵义市有已办不动产权证的自有住宅且产权人为夫妻或父母子女关系。不支持市外住房及商业、商住两用、自建房物业费。材料：身份证、不动产权证、结婚证。,,
遵义,贵州,提取,住房装修提取,不支持,"遵义现行提取政策未设装修提取。遵义市政府发布的住房公积金热点问题答疑明确""装修不在住房公积金提取范围内，无法申请提取""，市长信箱答复亦称房屋装修不属提取情形。2026年调整优化政策列举的住房消费提取共13类（购房、还贷、租房、既有住宅加装电梯、城镇老旧小区自住住房改造、支付物业费等），不含装修；仅可办理建造、翻建、大修提取，大修须提供房屋安全鉴定报告。",,
遵义,贵州,缴存-灵活就业,支持,,遵义市住房公积金管理委员会—《遵义市灵活就业人员住房公积金缴存使用管理办法(修订)》及缴存补贴办法,https://www.zunyi.gov.cn/ztzl/gzhgfxwjsjk/gfxwjsjk/szfgjjglzx_5823095/202410/t20241018_85952639.html,2024-10（延长至2027-06-30）
遵义,贵州,缴存-缓缴,支持,,遵义市人民政府—《遵义市住房公积金归集管理实施细则》解读,https://www.zunyi.gov.cn/zwgk/zdlygk/zfgjjgl/202209/t20220906_76385691.html,2022-09
六盘水,贵州,贷款,单双职工额度差异,支持,单缴存人家庭70万元、双缴存人家庭80万元（2026年6月1日起）,https://gjj.gzlps.gov.cn/bmxxgk/zfxxgk_5816274/fdzdgknr/bmwj_5816294/202606/t20260601_90232549.html,政府网站
六盘水,贵州,贷款,首套二套额度差异,不支持,最高贷款额度不区分首套/二套，仅首付比例与利率有差异,https://gjj.gzlps.gov.cn/bmxxgk/zfxxgk_5816274/fdzdgknr/bmwj_5816294/202606/t20260601_90232549.html,政府网站
六盘水,贵州,贷款,绿色建筑上浮,支持,购买绿色建筑或装配式建筑，贷款限额上浮10%-20%,https://gjj.gzlps.gov.cn/bmxxgk/zfxxgk_5816274/fdzdgknr/bmwj_5816294/202606/t20260601_90232549.html,政府网站
六盘水,贵州,贷款,二孩家庭上浮,支持,有2个及以上子女，贷款限额上浮20%,https://gjj.gzlps.gov.cn/bmxxgk/zfxxgk_5816274/fdzdgknr/bmwj_5816294/202606/t20260601_90232549.html,政府网站
六盘水,贵州,贷款,三孩家庭上浮,支持,有2个及以上子女（含三孩），贷款限额上浮20%,https://gjj.gzlps.gov.cn/bmxxgk/zfxxgk_5816274/fdzdgknr/bmwj_5816294/202606/t20260601_90232549.html,政府网站
六盘水,贵州,贷款,人才青年上浮,支持,持有本市企业人才服务绿卡，贷款限额上浮50%-100%,https://gjj.gzlps.gov.cn/bmxxgk/zfxxgk_5816274/fdzdgknr/bmwj_5816294/202606/t20260601_90232549.html,政府网站
六盘水,贵州,贷款,家庭共享额度代际互助,支持,家庭代际互助贷款限额上浮20%；未婚子女与父母共同购房可共同申请,https://gjj.gzlps.gov.cn/bmxxgk/zfxxgk_5816274/fdzdgknr/bmwj_5816294/202606/t20260601_90232549.html,政府网站
六盘水,贵州,贷款,商转公,有条件支持,2026年7月工行六枝支行落地辖内首笔商转公“带押过户”，此前官方称暂不具备条件，处于初期推行阶段,https://epaper.lpsrm.cn/pc/content/202608/01/content_87542.html,官媒
六盘水,贵州,贷款,最长贷龄30年,支持,贷款期限不超过30年（按整年计算，最长不超过30年）,https://gjj.gzlps.gov.cn/bmfw/ckfw/ywzn/dkyw/202607/t20260708_90599463.html,政府网站
六盘水,贵州,提取,购房一次性提取,支持,2025-01-01后购房的，可在购房行为发生后2年内一次或多次提取，金额不超实际支付购房款，时限内不限次数；提交公积金贷款申请后不得再申请购房提取。,,
六盘水,贵州,提取,租房提取限额,支持,工作地无住房产权登记且连续足额缴存满3个月，每12个月申请一次；租商品房1200元/月即合计不超14400元，租公租房按实际租金据实提取。,,
六盘水,贵州,提取,多孩租房上浮,支持,多子女家庭租赁商品住房提取额度标准上浮20%，由1200元/月放宽到1440元/月，即每12个月合计不超17280元。,,
六盘水,贵州,提取,加装电梯提取,支持,既有住宅加装电梯或安装集中供暖设施均可提取，且已取消“必须列入老旧小区改造项目”的限制，无论是否列入项目均可申请；自建房、别墅加装电梯不属可提取范围。,,
六盘水,贵州,提取,车位购置提取,不支持,提取业务办事指南以列举方式规定购房、租房、还贷、加装电梯等提取事由，购买车位车库不在其中，现行未开放该情形提取。,,
六盘水,贵州,提取,大病救助提取,支持,自2024-10-01试行因病提取：本人或配偶、父母、未婚子女年度自付医疗费超2万元起付线即可申请，每年一次，异地就医额度上浮30%。,,
六盘水,贵州,提取,既提又贷,有条件支持,必须在提交公积金贷款申请之前办理购房提取，贷款申请提交后不再受理该套住房的购房提取。 购房提取与公积金贷款可衔接使用，购房行为发生后2年内可一次或多次提取；但办事指南明确住房公积金贷款申请提交后不得再申请购买自住住房提取，须先提取后申贷。,,
六盘水,贵州,提取,首付直付,支持,实行购房“预付式提取”：缴存职工购买住房时可直接申请将其住房公积金账户余额划转至售房人用于支付购房款，属真正的直付划转；该方式不适用容缺办理。,,
六盘水,贵州,提取,代际互助,支持,父母、子女单独或共同在贵州省内购房，购房人公积金不足时其父母或子女可提取本人公积金补充支付购房款；购房须发生在2025-01-01后、申请时距购房不超2年。,,
六盘水,贵州,提取,按月冲还商贷,有条件支持,须提交申请后未来12个月还款计划，且申请时近12个月须正常还款无逾期；委托为预付式，期限1年。 六盘水市住房公积金支持商业性住房贷款按月预付式提取，职工签订委托协议后按月划转还商贷。须提交申请后未来12个月的还款计划，且申请时近12个月须正常还款、无逾期记录，委托期限1年可续。,,
六盘水,贵州,提取,物业费提取,支持,每年可申请提取一次，按年提取；累计不超过该套自住住房一年实缴物业服务费，最高2000元/年/户。仅限本市住房，缴存人及配偶仅限提取一套自住（或租赁）住房的物业费；申请人及配偶须在本市无未结清公积金贷款。材料：身份证、婚姻情况证明、本人存款账户、房产证或购房合同（租房另提供租房合同）、物业公司出具的物业费收据或发票。仅柜面办理。,,
六盘水,贵州,提取,住房装修提取,不支持,"六盘水市住房公积金管理中心办事指南在""建造、翻建、大修自住住房""提示中明确：""装修、装饰等行为不在大修范围，不可以提取住房公积金""。现行可提取事由仅有建造、翻建、大修自住住房（大修指需牵动或拆换住房部分主体构件，须提供一年内有资质机构出具的C级或D级房屋安全鉴定报告），以及既有住宅（老旧小区）改造中的加装电梯、安装集中供暖设施提取，均不等同普通全屋装修。",,
六盘水,贵州,缴存-灵活就业,支持,,六盘水市住房公积金管理委员会—《六盘水市灵活就业人员住房公积金缴存使用管理办法(试行)》,https://gjj.gzlps.gov.cn/yqgg/202312/t20231229_83419599.html,2024-01-01起施行
六盘水,贵州,缴存-缓缴,支持,,六盘水市住房公积金管理中心—《六盘水公积金缴存业务办事指南》,https://gjj.gzlps.gov.cn/bmfw/ckfw/ywzn/jcyw/202607/t20260708_90599415.html,2026-07-08
兰州,甘肃,贷款,单双职工额度差异,支持,单身缴存最高70万元、已婚家庭最高90万元,https://gjj.lanzhou.gov.cn/art/2026/2/9/art_275_1679020.html,政府网站
兰州,甘肃,贷款,首套二套额度差异,支持,首套房贷款额度上浮20%,https://gjj.lanzhou.gov.cn/art/2026/2/9/art_275_1679020.html,政府网站
兰州,甘肃,贷款,绿色建筑上浮,支持,装配式及绿色建筑可叠加（A级+10万/AA级+15万/AAA级+20万）,https://gjj.lanzhou.gov.cn/art/2026/2/9/art_275_1679020.html,政府网站
兰州,甘肃,贷款,二孩家庭上浮,支持,多子女家庭贷款额度上浮20%,https://gjj.lanzhou.gov.cn/art/2026/2/9/art_275_1679020.html,政府网站
兰州,甘肃,贷款,三孩家庭上浮,支持,多子女家庭含三孩统一上浮20%,https://gjj.lanzhou.gov.cn/art/2026/2/9/art_275_1679020.html,政府网站
兰州,甘肃,贷款,人才青年上浮,支持,陇原人才卡持有人贷款额度上浮,https://gjj.lanzhou.gov.cn/art/2026/2/9/art_275_1679020.html,政府网站
兰州,甘肃,贷款,家庭共享额度代际互助,支持,允许父母子女共同借款,https://lzwb.lzbs.com.cn/content/202504/01/content_210564080.html,官媒
兰州,甘肃,贷款,商转公,支持,允许商业贷款转组合公积金贷款,https://gjj.lanzhou.gov.cn/art/2023/8/24/art_410_1265256.html,政府网站
兰州,甘肃,贷款,最长贷龄30年,支持,最长贷款期限可达30年,https://m.lz.bendibao.com/mip/37716.shtm,其他新闻
兰州,甘肃,提取,购房一次性提取,支持,购买自住住房可提取本人、配偶及购房人父母、子女公积金；自购房合同签订或不动产权证登记之日起5年内每年度提取一次（共5次），累计不超实际支付购房款。,,
兰州,甘肃,提取,租房提取限额,支持,租住保障性租赁住房按全年实际租赁费用据实提取；租住其他住房每人每年最高3万元，可一次或分次、按月或按年提取；跨区域通勤租房参照执行。,,
兰州,甘肃,提取,多孩租房上浮,有条件支持,甘肃省住房资金管理中心（省属、中央在兰单位）缴存职工适用；兰州住房公积金管理中心未见同等上浮条款 多子女家庭（两孩及以上且至少一个未满18周岁）租房提取额度可上浮1倍，即每人每年最高6万元，需提供户口簿或出生医学证明。,,
兰州,甘肃,提取,加装电梯提取,支持,本市老旧住宅小区增设电梯可提取；2025年4月7日起新增城镇老旧小区更新改造提取，产权人及配偶、父母、子女均可提，累计不超个人自付金额且最高3万元。,,
兰州,甘肃,提取,车位购置提取,未确认,兰州现行提取办法列举的情形不含购买车位/车库；省级资金中心明确其他住房消费提取可用于支付停车费，但购置车位产权能否提取未见官方口径。,,
兰州,甘肃,提取,大病救助提取,有条件支持,省属、中央在兰单位职工（甘肃省住房资金管理中心缴存）可因本人、配偶及未成年子女患25种重大疾病提取；兰州住房公积金管理中心现行办法未列重大疾病 省中心按医保报销后个人负担部分为限，住院的出院后一年内提取一次；兰州中心仅列低保、部分或全部丧失劳动能力致生活严重困难等情形。,,
兰州,甘肃,提取,既提又贷,支持,兰住金〔2025〕38号明确，通过与中心合作中介购存量房并需申请公积金贷款的，可在签订购房协议时提取本人及配偶余额直付首付，即先提后贷。,,
兰州,甘肃,提取,首付直付,支持,提取额与配偶合计不超购房协议约定房屋总价减去定金后的剩余房款；待公积金贷款完成抵押登记后资金划转至中介与买卖双方约定收款账户。,,
兰州,甘肃,提取,代际互助,支持,购买自住住房提取范围放宽至购房人本人、配偶及双方父母、子女，不区分本地或异地购房；父母及子女还可作为共同借款人参与公积金贷款。,,
兰州,甘肃,提取,按月冲还商贷,有条件支持,兰州市住房公积金管理中心（市中心）缴存职工商贷仅支持按年提取，暂不支持按月冲还；甘肃省住房资金管理中心（省直中心）缴存职工可通过全国住房公积金公共服务平台办理商贷“按月约定提取” 兰州市住房公积金管理中心（市中心）对商业住房贷款仅办理“偿还商业银行住房贷款提取业务”，还款期内每年可提取一次，不支持委托按月冲还。但甘肃省住房资金管理中心（省直中心）已接入全国住房公积金公共服务平台，提供偿还商业性个人住房贷款“按月约定提取”线上办理，省直中心缴存职工可据此实现商贷按月委提。,,
兰州,甘肃,提取,物业费提取,有条件支持,市级未单列物业费条目，走其他住房消费通道：自2026年4月7日起可一次性或分次提取、不限当年次数，凭身份证办理，每人每年最高2万元；本中心有未结清公积金贷款的只能冲还本笔贷款。驻兰州的甘肃省住房资金管理中心（省直）自2026年4月1日起明确其他住房消费可凭身份证按月提取支付物业费、取暖费、水电费、停车费，每人每年最高2万元，跨年不累计。 市级未单列物业费条目，走其他住房消费通道：自2026年4月7日起可一次性或分次提取、不限当年次数，凭身份证办理，每人每年最高2万元；本中心有未结清公积金贷款的只能冲还本笔贷款。驻兰州的甘肃省住房资金管理中心（省直）自2026年4月1日起明确其他住房消费可凭身份证按月提取支付物业费、取暖费、水电费、停车费，每人每年最高2万元，跨年不累计。,,
兰州,甘肃,提取,住房装修提取,不支持,《兰州市住房公积金提取管理办法》（2020年3月24日管委会三届六次会议通过修订）第四条仅列7种提取情形，第五条第(三)项明确不在第四条规定范围之内的其他情形不得提取。住房类仅限购买、建造、翻建、大修具有所有权的自住住房，大修须危房鉴定；2026年4月新政只优化了其他住房消费、老旧小区更新改造、购房、还贷提取，未新增装修。,,
兰州,甘肃,缴存-灵活就业,支持,,兰州市关于进一步支持灵活就业人员参加住房公积金制度实施方案（新闻发布会解读）,https://gjj.lanzhou.gov.cn/art/2025/5/30/art_275_1506678.html,2025-05-21
兰州,甘肃,缴存-缓缴,支持,缴存单位降低比例后仍困难、无法正常缴存的，可申请缓缴；每次期限1年。,兰州住房公积金管理中心文件 兰住金〔2024〕4号（缴存管理办法）,https://gjj.lanzhou.gov.cn/module/download/downfile.jsp?classid=0&filename=905cbe2973b442feb4e39c59eb1efefc.pdf,2024
银川,宁夏,贷款,单双职工额度差异,支持,单身或单方缴存最高70万元、夫妻双方双缴存最高90万元,https://nxzfgjj.com/info/1081/13133.htm,政府网站
银川,宁夏,贷款,首套二套额度差异,不支持,最高贷款额度未区分首套与二套（仅贷款利率首套2.6%/二套3.075%不同）,https://nxzfgjj.com/info/1081/13133.htm,政府网站
银川,宁夏,贷款,绿色建筑上浮,未检索到,未检索到公开来源,,空
银川,宁夏,贷款,二孩家庭上浮,支持,二孩及以上家庭最高额度上浮20万元（2025措施由原10万上调至20万）,https://yinchuan.gov.cn/xxgk/bmxxgkml/szfbgt/xxgkml_1841/zfwj/yzbgf/202601/t20260105_5127399.html,政府网站
银川,宁夏,贷款,三孩家庭上浮,支持,三孩及以上家庭最高额度上浮30万元,https://yinchuan.gov.cn/xxgk/bmxxgkml/szfbgt/xxgkml_1841/zfwj/yzbgf/202601/t20260105_5127399.html,政府网站
银川,宁夏,贷款,人才青年上浮,支持,高层次人才最高额度上浮30万元；退役军人上浮20%,https://nxzfgjj.com/info/1081/13133.htm,政府网站
银川,宁夏,贷款,家庭共享额度代际互助,支持,可提取本人、配偶、父母、子女等直系亲属公积金用于购房及支付契税,https://yinchuan.gov.cn/xxgk/bmxxgkml/szfbgt/xxgkml_1841/zfwj/yzbgf/202601/t20260105_5127399.html,政府网站
银川,宁夏,贷款,商转公,支持,含直转式商转公，额度不超原商业住房贷款剩余本金,https://nxzfgjj.com/wzgjj/info/1076/2644.htm,政府网站
银川,宁夏,贷款,最长贷龄30年,支持,最长30年（女性延至63周岁、男性延至68周岁）,https://yinchuan.gov.cn/xxgk/bmxxgkml/szfbgt/xxgkml_1841/zfwj/yzbgf/202601/t20260105_5127399.html,政府网站
银川,宁夏,提取,购房一次性提取,支持,购买新建自住住房自合同签订或备案起、再交易住房自取得不动产权证起3年内（2025年放宽至5年），本人、配偶及双方父母子女每年可提一次，累计不超实际支付购房款。,,
银川,宁夏,提取,租房提取限额,支持,租住商品住房以家庭为单位每年累计上限21600元，每月可提取一次（一年最多12次）；租住公租房按实际房租支出据实提取，需本人及配偶在银川无房且缴存满3个月。,,
银川,宁夏,提取,多孩租房上浮,支持,二孩家庭（2016年1月1日及以后生育）每年上限26400元，三孩及以上（2021年6月26日后生育）31200元，分别较普通家庭上浮22%和44%。,,
银川,宁夏,提取,加装电梯提取,支持,老旧小区既有住宅加装电梯，自加装电梯发票载明日期起3年内可提取一次，总额不超个人分摊费用；2024年5月起范围由本人及配偶放宽至双方父母、子女。,,
银川,宁夏,提取,车位购置提取,不支持,银川提取管理办法第八条明确购房提取金额不包括储藏室、地下室、车位费用、装修费；提取情形清单中亦无购买车位/车库一项。,,
银川,宁夏,提取,大病救助提取,不支持,银川现行提取情形未单列重大疾病；仅遇突发事件造成家庭生活严重困难或享受城镇最低生活保障，提供有效证明可提取本人及配偶账户余额。,,
银川,宁夏,提取,既提又贷,支持,需申请公积金贷款的可在贷款前提取账户余额，但须留足申请贷款要求的余额，且该套住房提取金额与贷款金额之和不超房屋总价款；2025年明确支持提首付后再贷款。,,
银川,宁夏,提取,首付直付,支持,购买银川市行政区域内新建商品住房，本人（含共有产权人）及配偶可在办理房屋买卖合同备案前申请提取公积金支付首付款，累计提取额不大于首付款金额。,,
银川,宁夏,提取,代际互助,支持,购房可提取本人、配偶及双方父母、子女公积金，累计不超房屋总价款；还贷亦可提取直系亲属余额，累计不超贷款本息总额。2025年全家帮提取1.68亿元。,,
银川,宁夏,提取,物业费提取,不支持,《银川住房公积金提取管理办法》(银公积金规发〔2023〕2号)第五条住房消费类仅5项：购买自住住房、建造翻建大修自住住房、偿还购房贷款本息、无房职工租房自住、老旧小区既有住宅加装电梯；非住房消费类7项。不含支付物业费，也未设其他住房消费折算通道。2015年版办法曾允许支付房屋物业服务费用，2023年修订时已删除。,,
银川,宁夏,提取,住房装修提取,不支持,办法第五条不含普通装修，第八条还明确购房提取金额不包括储藏室、地下室、车位费用、装修费等。住房类仅购买、建造、翻建、大修自住住房，大修须危房鉴定。2015年版办法(银公积金发〔2015〕68号)第三条曾列“支付自住住房维修(装修)费用”，2023年修订已删除。新条例9月20日施行后银川装修提取细则尚未出台。,,
银川,宁夏,提取,按月冲还商贷,支持,银川市住房公积金提供“按月对冲”服务：签约后每月自动划扣账户余额冲抵月供。注：用户提供来源指南明确冲抵对象为住房公积金贷款本息，商业贷款适用性请以中心窗口为准。,,
银川,宁夏,缴存-灵活就业,支持,,银川市灵活就业人员缴存使用住房公积金管理办法（修订版）,https://gjj.yinchuan.gov.cn/info/1298/31618.htm,2026-03-23
银川,宁夏,缴存-缓缴,支持,缴存确有困难的单位，经职代会或工会讨论通过并形成公示决议后，可申请降低比例或缓缴；期限宜为1年。,宁夏政务服务网——住房公积金缓缴（银川住房公积金管理中心）,https://zwfw.nx.gov.cn/zwfw/bmbsnr_new.jsp?areacode=YCS&proId=08ad073d-44d3-464a-b015-3d68e9bf2cfa&wbtreeid=2988,2023-2026
西宁,青海,贷款,单双职工额度差异,支持,双缴存职工首套90万元、单缴存职工首套70万元,https://www.xnzfgjj.com/gzdt/3456.jhtml,政府网站
西宁,青海,贷款,首套二套额度差异,支持,首套双缴90万/单70万，二套最高60万元（额度有差异）,https://www.xnzfgjj.com/gzdt/3456.jhtml,政府网站
西宁,青海,贷款,绿色建筑上浮,支持,一星+10%、二星+15%、三星+20%、超低能耗+30%,https://www.xnzfgjj.com/kstb/3541.jhtml?from=dk,政府网站
西宁,青海,贷款,二孩家庭上浮,支持,多子女（二孩及以上）家庭首套双缴100万/单80万、二套70万,https://www.xnzfgjj.com/gzdt/3456.jhtml,政府网站
西宁,青海,贷款,三孩家庭上浮,支持,三孩含于多子女家庭，高层次人才多子女最高可至150万,https://www.xnzfgjj.com/kstb/3541.jhtml?from=dk,政府网站
西宁,青海,贷款,人才青年上浮,支持,省引进拔尖等人才首套上浮25%、二套上浮20%,https://www.xnzfgjj.com/kstb/3541.jhtml?from=dk,政府网站
西宁,青海,贷款,家庭共享额度代际互助,支持,可提取本人、配偶及双方父母、子女公积金偿还贷款本息（2025.7.1起）,https://www.xnzfgjj.com/gzdt/3456.jhtml,政府网站
西宁,青海,贷款,商转公,支持,住房商业贷款可转住房公积金贷款,https://www.xnzfgjj.com/kstb/3578.jhtml?from=dk,政府网站
西宁,青海,贷款,最长贷龄30年,支持,最长贷款期限30年,https://www.xnzfgjj.com/kstb/3541.jhtml?from=dk,政府网站
西宁,青海,提取,购房一次性提取,支持,购买自住住房（含异地购房）可提取本人及配偶、子女、夫妻双方父母余额；2026年5月起提取时限由3年延长至5年，五年内每年可提取一次，累计不超房屋总价。,,
西宁,青海,提取,租房提取限额,支持,租赁商品房每年夫妻双方合并提取上限16800元，可按月、按季或按年提取；租赁公租房按全年实际租赁费用据实提取；高层次人才上限上浮至2倍即33600元。,,
西宁,青海,提取,多孩租房上浮,支持,多子女家庭（至少一个未成年子女的二孩及以上）租商品房，二孩每户每年21600元、三孩及以上26400元，较普通家庭16800元分别上浮28.6%和57.1%。,,
西宁,青海,提取,加装电梯提取,支持,既有自住住宅加装（更新）电梯，项目验收合格后一年内一次性提取；先提本人及配偶，不足可提双方父母或子女，总额不超扣除政府补贴后个人应出资额。,,
西宁,青海,提取,车位购置提取,不支持,西宁提取业务清单未列购买车位/车库；购房配套支出提取仅覆盖住宅维修基金、契税、手续费、测绘费、登记费和工本费，不含车位购置款。,,
西宁,青海,提取,大病救助提取,支持,本人及配偶、子女、夫妻双方父母患尿毒症、恶性肿瘤、再生障碍性贫血、慢性重型肝炎、颅内肿瘤开颅手术、重大器官移植六种大病，每年可提取一次本人账户全部可用余额。,,
西宁,青海,提取,既提又贷,支持,西宁实行即提即贷，申请公积金贷款时可全额提取本人及配偶账户余额，提取后仍可申请贷款；2024年新政后还可提取父母、子女余额共同付首付，累计不超房屋总价。,,
西宁,青海,提取,首付直付,支持,2023年12月起新增购买新建商品房提取公积金预付制：开发商网厅提交申请，中心审核并取得网签备案信息后，将提取资金直接划转至职工本人银行卡用于付首付。,,
西宁,青海,提取,代际互助,支持,购买自住住房可提取本人、配偶、子女及夫妻双方父母余额，累计不超房屋总价；2025年7月1日起还贷也可提取本人、配偶、双方父母及子女余额，累计不超贷款本息总额。,,
西宁,青海,提取,按月冲还商贷,支持,西宁住房公积金中心2026年5月'新政策热点问题解答'明确：已办理过偿还住房商业贷款提取的，按最新政策可在还款期内'按月、按季或按年'提取偿还贷款本息。需注意其官网《提取业务指南》仍写'每年提取一次'，存在政策衔接滞后，但最新官方媒体口径已支持商贷按月提取。,,
西宁,青海,提取,物业费提取,支持,阶段性执行：自2026年5月1日起至2026年12月31日，缴存人可提取本人名下住房公积金用于支付物业费，每人不超过3000元，账户余额不足3000元的以账户余额为限、提取到百位；自然年度内一次性提取一次；须提取人及配偶无未结清的住房公积金贷款（含本中心及外中心）。材料仅需身份证原件和社保卡或银行一类借记卡账号，3个工作日办结，柜面与网上均可办理。,,
西宁,青海,提取,住房装修提取,不支持,青海省住房城乡建设厅在省政府互动平台答复：装修房屋不可以提取公积金，只有房屋主体结构有问题、经相关部门危房鉴定该房屋为C级或D级的，方可按大修提取。西宁现行提取业务含购房、建造翻建大修、偿还贷款本息、租房、退休、六种重大疾病、加装(更新)电梯、城市更新改造、物业费、契税，不含普通装修。,,
西宁,青海,缴存-灵活就业,支持,,西宁住房公积金管理中心——灵活就业人员参加住房公积金制度实施细则（试行）征求意见稿 / 线上缴存操作流程,https://www.xnzfgjj.com/gzdt/2462.jhtml,2026-08-31
西宁,青海,缴存-缓缴,支持,缴存确有困难的单位，经职代会或工会讨论通过、中心审核批准后即可缓缴；缓缴期限一次最长不超过1年。,西宁住房公积金管理中心——降低住房公积金缴存比例或缓缴,https://www.xnzfgjj.com/kstb/3539.jhtml?from=jc,2024-2026
石家庄,河北省,贷款,单双职工额度差异,支持,单缴存人员最高80万元、双缴存人员最高100万元（市内四区及高新区）,https://wx.sjzgjj.cn/wx/html/wxzdhf/dkwt/dked.html,政府网站
石家庄,河北省,贷款,首套二套额度差异,不支持,首套与二套最高贷款额度标准一致、不按套数区分,https://wx.sjzgjj.cn/wx/html/wxzdhf/dkwt/dked.html,政府网站
石家庄,河北省,贷款,绿色建筑上浮,支持,二星级及以上新建绿色建筑最高贷款额度70万元,https://wx.sjzgjj.cn/wx/html/wxzdhf/dkwt/dked.html,政府网站
石家庄,河北省,贷款,二孩家庭上浮,支持,二孩家庭最高贷款额度提高10万元,https://wx.sjzgjj.cn/wx/html/wxzdhf/dkwt/dked.html,政府网站
石家庄,河北省,贷款,三孩家庭上浮,支持,三孩家庭最高贷款额度提高20万元,https://wx.sjzgjj.cn/wx/html/wxzdhf/dkwt/dked.html,政府网站
石家庄,河北省,贷款,人才青年上浮,支持,持人才绿卡A/B卡最高贷款额度120万元,https://wx.sjzgjj.cn/wx/html/wxzdhf/dkwt/dked.html,政府网站
石家庄,河北省,贷款,家庭共享额度代际互助,支持,允许父母子女代际互助,https://www.sjzgjj.cn/zecjd/2361.jhtml,政府网站
石家庄,河北省,贷款,商转公,支持,允许商业贷款转公积金贷款（取消不动产权证满2年限制）,https://szgjj.hebei.gov.cn/2025-04/03/content_9323213.htm,政府网站
石家庄,河北省,贷款,最长贷龄30年,支持,最长贷款期限可达30年,https://szgjj.hebei.gov.cn/2026-05/08/content_9496302.htm,政府网站
石家庄,河北省,提取,购房一次性提取,支持,2024年4月1日后取得不动产权证书或备案购房合同的，本人及配偶可提取房产持有期间账户余额，总额不超已付房款，取整到百元。,,
石家庄,河北省,提取,租房提取限额,支持,连续足额缴存满3个月且无房：租住商品房每年18000元/人，备案租赁房21000元/人，公租房按合同期内已付租金；2026年4月起每年可多次提取。,,
石家庄,河北省,提取,多孩租房上浮,支持,多孩家庭租房提取限额为每年24000元/人，较商品房常规18000元/人上浮约33%，首次提取须柜面办理并提供户口簿或出生医学证明。,,
石家庄,河北省,提取,加装电梯提取,支持,未配备电梯的老旧住宅小区按国家规定增设电梯的，本人及配偶、子女、双方父母可提取，所有人合计提取总额不超分摊费用，取整到百元。,,
石家庄,河北省,提取,车位购置提取,不支持,细则第二十七条规定的13项提取情形中未包含购买车位、车库，公积金仅限用于自住住房及列举的住房消费支出，不能用于车位购置。,,
石家庄,河北省,提取,大病救助提取,不支持,提取情形不含重大疾病，石家庄仅支持被纳入城镇低保或低保边缘家庭、以及遇突发事件造成家庭生活严重困难两类困难情形提取。,,
石家庄,河北省,提取,既提又贷,支持,官方解读明确提取住房公积金支付首付款不影响以该套住房申请公积金贷款时的可贷额度计算，贷款额度与住房公积金账户余额无关。,,
石家庄,河北省,提取,首付直付,支持,购买本市新建商品住房可申请提取本人及配偶公积金直付首付款，资金直划开发企业账户或预售资金监管账户，夫妻合计不超约定首付款。,,
石家庄,河北省,提取,代际互助,支持,2025年4月1日后新购住房，购房人的父母、子女可一次性提取购房当月之前账户余额，合计不超已付房款；公积金贷款中父母可作共同还款人。,,
石家庄,河北省,提取,按月冲还商贷,不支持,石家庄住房公积金管理中心明文规定“偿还银行住房贷款不能用公积金账户余额冲抵还贷”，即商贷不支持委托按月冲还（冲抵还贷）。但自2025年4月1日起，偿还商贷提取频次由每12个月一次调整为可每月提取一次（须自行通过手机公积金APP或柜面申请），并非自动委托冲还。,,
石家庄,河北省,提取,物业费提取,支持,自2025年12月15日起，缴存职工每年可提取公积金支付自住住房物业费，每人每年不超过2000元；当年未提取额度可结转累计。自2026年4月1日起每年可多次提取、自主选择办理时间。柜面凭本人身份证及中、农、工、建、交五家银行Ⅰ类银行卡即可，无需其他材料；也可登录手机公积金APP进入“物业费提取”模块免材料办理。,,
石家庄,河北省,提取,住房装修提取,不支持,石家庄公积金中心官方问答明确：“目前政策规定，对住房进行装修、装饰不可以提取住房公积金”，装修装饰不属于大修自住住房——大修指需牵动或拆除部分主体构件、适用于房屋危险性鉴定为C级或D级的严重损坏房屋，须提供有资质机构出具的房屋安全鉴定证明、工程预决算报告及支付费用凭证。现行细则第二十七条列举的13类提取情形亦不含装修。,,
石家庄,河北省,缴存-灵活就业,支持,,石家庄住房公积金管委会关于印发《石家庄市灵活就业人员参加住房公积金制度管理办法(试行)》的通知,https://www.sjzgjj.cn/tzgg/2407.jhtml,2025-09-24
石家庄,河北省,缴存-缓缴,支持,单位连续亏损6个月且职工平均工资低于当地上年月均工资30%的单位，可申请缓缴；期限每次不超1年。,石家庄住房公积金归集提取管理实施细则（2025年修订稿）,https://www.sjzgjj.cn/zxwj/2406.jhtml,2025
唐山,河北省,贷款,单双职工额度差异,不支持,单、双职工最高贷款限额均为100万元，未区分单双职工额度,https://m.ts.bendibao.com/job/24343.shtm,其他新闻
唐山,河北省,贷款,首套二套额度差异,不支持,最高贷款额度单双均100万元，未区分首套与二套（仅贷款利率、首付比例不同）,https://m.ts.bendibao.com/job/24343.shtm,其他新闻
唐山,河北省,贷款,绿色建筑上浮,支持,购买二星级及以上绿色建筑标准的新建被动式超低能耗自住住宅，贷款额度上浮20%,https://m.ts.bendibao.com/job/24343.shtm,其他新闻
唐山,河北省,贷款,二孩家庭上浮,支持,二孩职工家庭最高贷款额度额外增加20万元,https://m.ts.bendibao.com/job/24343.shtm,其他新闻
唐山,河北省,贷款,三孩家庭上浮,支持,三孩职工家庭最高贷款额度额外增加30万元,https://m.ts.bendibao.com/job/24343.shtm,其他新闻
唐山,河北省,贷款,人才青年上浮,支持,凤凰英才人员最高120万元、河北自贸区引进高端创新人才最高150万元（人才类上浮）,https://m.ts.bendibao.com/job/24343.shtm,其他新闻
唐山,河北省,贷款,家庭共享额度代际互助,支持,一人购房全家帮，父母子女可作共同还款人参与还贷能力计算提高贷款额度,https://m.chinanews.com/wap/detail/cht/zw/ft9796853.shtml,官媒
唐山,河北省,贷款,商转公,支持,2025年6月开通商转公贷款以贷还贷业务,https://tsgjj.com/website/announcement-detail.html?itemId=0102&seqno=1414,政府网站
唐山,河北省,贷款,最长贷龄30年,支持,贷款期限最长30年,https://m.ts.bendibao.com/job/24343.shtm,其他新闻
唐山,河北省,提取,购房一次性提取,支持,现金全款购买自住住房的职工及配偶、其他购房人可申请提取一次，金额不超购房日期之前账户缴存余额；2022年6月1日后购房的职工及配偶可每年提取一次。,,
唐山,河北省,提取,租房提取限额,支持,自2025年9月1日起，本人及配偶在本市无房且租赁市场住房的，租房提取上限由每人每月1200元提高到1500元；多子女家庭无房租住的可按实际房租支出提取。,,
唐山,河北省,提取,多孩租房上浮,支持,自2025年9月1日起，二孩家庭职工及配偶每人每月不超2000元、三孩及以上家庭不超2500元，较普通1500元上浮33%至67%；多子女家庭也可按实际房租提取。,,
唐山,河北省,提取,加装电梯提取,支持,购买、建造、翻建、大修自住住房提取情形含未配备电梯的老旧住宅小区自住住房加装电梯，可提取本人、配偶及直系亲属账户余额，合计不超实际支出总额。,,
唐山,河北省,提取,车位购置提取,未确认,未检索到唐山针对购买车位、车库能否提取住房公积金的明确政策条款或官方答复，唐山提取情形清单中亦未单列车位，暂无法判定。,,
唐山,河北省,提取,大病救助提取,支持,自2026年6月1日起，保障范围由缴存人及配偶患重大疾病扩大至其父母和子女；每年可提取一次，合计额度不超医保结算后住院票据中个人负担的医疗费用。,,
唐山,河北省,提取,既提又贷,支持,2024年4月1日后使用商贷或公积金贷款（含组合贷）购房并已付首付的可申请首付提取，公积金贷款已发放的凭身份证件即可办理，但可能影响按余额核定的额度。,,
唐山,河北省,提取,首付直付,支持,购买本市新建商品住房，网签合同约定首付款为“住房公积金提取+自筹资金”方式的，可申请提取公积金直付首付款，每套住房仅可提取一次，按十元倍数取整。,,
唐山,河北省,提取,代际互助,支持,“一人购房全家帮”：父母或子女使用本市公积金贷款或商贷购买首套或二套改善型住房并参与共同还款的，可签抵冲还贷协议或按年提取还贷；加装电梯可提直系亲属。,,
唐山,河北省,提取,按月冲还商贷,支持,唐山市住房公积金管理中心2025年11月17日起实施新政：偿还住房贷款本息（含商业贷款）提取频次由'每年一次'调整为可选择'每个自然月内提取一次'或'每年一次'。与中心实现数据共享的银行（如招商银行等7家）首次临柜授权后可线上办理，其余需临柜提交还款明细。即商贷可按月提取偿还。,,
唐山,河北省,提取,物业费提取,支持,缴存人及配偶支付本市行政区域内自住住房物业管理费，可选择家庭任意一套住房申请提取，一年一次，合计提取额不超过实际支付的一年物业费用，且申请前本年内应无其他住房公积金提取行为。需提供身份证、婚姻关系证明或现场签署的单身声明、不动产权证书（或房屋所有权证）、物业发票（一年内有效）、公积金卡。须到各分中心、管理部办理。,,
唐山,河北省,提取,住房装修提取,不支持,《唐山市住房公积金提取管理实施细则》政策解读列明可提取情形共13类，住房消费类仅“购买、建造、翻建、大修自住住房（含未配备电梯的老旧住宅小区加装电梯）”，不含装修。大修须提供有资质机构出具的房屋安全鉴定证明、房屋权属证明、工程预决算及支付费用凭证，仅适用于严重损坏房屋。该市另有阶段性契税、住宅专项维修资金提取。,,
唐山,河北省,缴存-灵活就业,支持,,唐山市灵活就业人员参加住房公积金制度试点管理办法及实施细则,https://tsgjj.com/website/gjj-zxwj-detail.html?seqno=1137&itemId=0404,2025-04-01
唐山,河北省,缴存-缓缴,支持,单位职工平均工资低于本市上年月均工资30%或经批准缓缴养老和失业保险的，可申请缓缴；期限每次不超1年。,唐山市住房公积金缴存管理实施细则,https://tsgjj.com/website/gjj-sswj-detail.html?seqno=1222&itemId=0404,2024-2025
雄安,河北省,贷款,单双职工额度差异,不支持,基础最高额度统一80万元（未区分单双；北京来源疏解单位职工120万为另一类）,https://xiongan.gov.cn/20260526/7367ada24e1c485e825f4e96479aa0ce/c.html,政府网站
雄安,河北省,贷款,首套二套额度差异,不支持,最高额度未区分首套与二套，仅优化套数认定标准,https://xiongan.gov.cn/20260526/7367ada24e1c485e825f4e96479aa0ce/c.html,政府网站
雄安,河北省,贷款,绿色建筑上浮,支持,购买二星级及以上绿色建筑、装配式或超低能耗建筑，最高额度上浮10万元,https://xiongan.gov.cn/20260526/7367ada24e1c485e825f4e96479aa0ce/c.html,政府网站
雄安,河北省,贷款,二孩家庭上浮,支持,二孩及以上多子女家庭最高额度上浮20万元,https://xiongan.gov.cn/20260526/7367ada24e1c485e825f4e96479aa0ce/c.html,政府网站
雄安,河北省,贷款,三孩家庭上浮,支持,三孩含于二孩及以上多子女家庭，上浮20万元,https://xiongan.gov.cn/20260526/7367ada24e1c485e825f4e96479aa0ce/c.html,政府网站
雄安,河北省,贷款,人才青年上浮,支持,具有雄才卡的家庭最高额度上浮20万元,https://xiongan.gov.cn/20260526/7367ada24e1c485e825f4e96479aa0ce/c.html,政府网站
雄安,河北省,贷款,家庭共享额度代际互助,支持,购房提取代际互助，本人父母一年内可提取账户余额,https://xiongan.gov.cn/20260526/7367ada24e1c485e825f4e96479aa0ce/c.html,政府网站
雄安,河北省,贷款,商转公,未检索到,未检索到公开来源,,空
雄安,河北省,贷款,最长贷龄30年,支持,购买商品住房最长贷款期限30年（到期不超退休后5年，最长70周岁）,https://xiongan.gov.cn/2021-03/09/c_1211058146.htm,政府网站
雄安,河北省,提取,购房一次性提取,支持,细则规定购房每年可提取一次，累计不超实际住房支出；2025年5月起可签约约定提取，上限为房屋总价款扣除已提取金额后的余额，每月最高为月缴存额。,,
雄安,河北省,提取,租房提取限额,支持,2026年5月25日起，未办理租赁合同备案的最高每年17000元；在新区住房租赁信息化服务平台备案的最高每年25000元；租保障性租赁住房再提高30%。,,
雄安,河北省,提取,多孩租房上浮,未确认,检索雄安新区住房管理中心公开文件，2026年5月优化调整通知仅对多子女家庭提高公积金贷款额度，未见多子女家庭租房提取额度上浮的明确规定。,,
雄安,河北省,提取,加装电梯提取,支持,既有住宅加装电梯的，本人及其配偶可一次性提取一次，提取金额不得超过个人实际承担金额，需提供竣工验收备案文件、工程费用发票及分摊方案。,,
雄安,河北省,提取,车位购置提取,不支持,提取细则第五条列举的提取情形不含购买车位、车库；2026年5月优化通知新增的提取范围限于住宅专项维修资金、契税、物业费和供暖费四项。,,
雄安,河北省,提取,大病救助提取,支持,职工患重大疾病造成家庭生活严重困难的，治疗后凭二级甲等以上医院两年内诊断书、病历、收费票据，可提取一次本人及配偶账户存储余额，病种含九类。,,
雄安,河北省,提取,既提又贷,支持,直付首付款与贷款办理可“一站式”办结；2026年5月通知按贷款购房口径设定代际提取上限，即提取公积金付首付与申请公积金贷款可并行办理。,,
雄安,河北省,提取,首付直付,支持,2024年9月《关于支持提取住房公积金支付购房首付款的通知》落地，新区内购买市场化项目住房可提取本人及配偶公积金直接付首付，由先付后取改为即取即付。,,
雄安,河北省,提取,代际互助,支持,2026年5月25日起在新区购买自住住房，本人父母可在购房一年内申请提取一次；全款购房本人及父母合计不超总购房款，贷款购房合计不超首付款。,,
雄安,河北省,提取,按月冲还商贷,有条件支持,须签约约定提取业务，周期可选月/季/半年；但每月最高约定提取额为月缴存额，且须满足账户正常按月汇缴、该套住房累计提取未达房屋总价、本人及配偶在新区无未结清住房公积金贷款，签约期间不可再办其他提取。 雄安新区住房管理中心2025年5月6日（雄安房管〔2025〕8号）开办约定提取业务，偿还购买自住住房贷款本息（含商业贷款、异地公积金贷款）可按'月、季、半年'周期约定提取到本人绑定银行卡。但月度提取上限为月缴存额，限制较明显。,,
雄安,河北省,提取,物业费提取,支持,在新区购买自住住房，或租住已在“河北雄安新区住房租赁信息化服务平台”备案住房的缴存职工，自取得物业费发票之日起1年内，本人及配偶每年可各申请提取一次，夫妻双方合计不超过票据记载金额、取整到百元；本人余额不足的配偶可提取。多套住房可任选一套。购房需身份证、不动产权证书或备案商品房买卖合同、物业费发票、指定银行一类卡。,,
雄安,河北省,提取,住房装修提取,不支持,《雄安新区住房公积金提取管理实施细则》第五条非销户提取范围为购买、建造、翻建、大修自住住房，既有住宅加装电梯，租房，偿还购房贷款本息，城镇低保或低收入救助，突发事件，重大疾病及其他法定情形，不含装修。新区公积金官方解读明确：装修是对质量合格房屋的美化装饰，与须经房屋安全鉴定部门鉴定为严重损坏房、危房的大修有本质区别，不可提取。,,
雄安,河北省,缴存-灵活就业,有条件支持,需具有本市户籍或取得本市居住证，年满18周岁且男性未满60周岁、女性未满50周岁，并有相对稳定收入来源,河北雄安新区管理委员会《雄安新区住房公积金归集管理实施细则》,https://www.xiongan.gov.cn/2023-01/08/c_1211715847.htm,2023-01
雄安,河北省,缴存-缓缴,支持,单位职工平均月工资低于当地上年度职工月平均工资30%（或连续亏损6个月且工资低于50%）的单位，经职代会/工会通过并报中心审批可缓缴,《雄安新区住房公积金归集管理实施细则》及雄安新区政务服务网,https://www.xiongan.gov.cn/2023-01/08/c_1211715847.htm,2023-01
太原,山西省,贷款,单双职工额度差异,支持,,https://zfgjj.taiyuan.gov.cn/tzgg/20260330/30290454.html,政府网站
太原,山西省,贷款,首套二套额度差异,不支持,,https://m.ty.bendibao.com/live/37573.shtm,其他新闻
太原,山西省,贷款,绿色建筑上浮,支持,,https://www.peopleapp.com/rmharticle/30030633768,官媒
太原,山西省,贷款,二孩家庭上浮,支持,,https://zfgjj.taiyuan.gov.cn/ywp/20251016/951455.html,政府网站
太原,山西省,贷款,三孩家庭上浮,支持,,https://zfgjj.taiyuan.gov.cn/ywp/20251016/951455.html,政府网站
太原,山西省,贷款,人才青年上浮,支持,,https://zfgjj.taiyuan.gov.cn/ywp/20251016/951455.html,政府网站
太原,山西省,贷款,家庭共享额度代际互助,不支持,,https://zfgjj.taiyuan.gov.cn/tq/20230906/951425.html,政府网站
太原,山西省,贷款,商转公,支持,,https://zfgjj.taiyuan.gov.cn/ywp/20251016/951455.html,政府网站
太原,山西省,贷款,最长贷龄30年,支持,,https://zfgjj.taiyuan.gov.cn/ywp/20251016/951455.html,政府网站
太原,山西省,提取,购房一次性提取,支持,取消提取时限，购房取得合法凭证后本人、配偶及双方父母和子女可一次性提取，合计不超购房支出（含地下室、储藏室购置费）加每平方米1000元装修费。,,
太原,山西省,提取,租房提取限额,支持,按自然年度限额管理：六城区本人及配偶合计不超25000元/年，三县一市不超10000元/年；租住公租房按当年房租支出总额据实提取，限额内可按需分次提取。,,
太原,山西省,提取,多孩租房上浮,支持,养育二孩及以上多子女家庭在上述年度限额基础上增加1000元，即六城区26000元/年、三县一市11000元/年；首次提取需提供同一户籍户口本或出生医学证明。,,
太原,山西省,提取,加装电梯提取,支持,2021年将既有住宅加装电梯纳入提取范围，2026年4月延续执行、有效期5年，提取人由本人及配偶扩大至双方父母、子女及配偶，额度不超加装电梯个人分摊费用。,,
太原,山西省,提取,车位购置提取,未确认,未见太原市公积金中心就购买车位、车库能否提取作出明确规定的公开文件；购房提取口径仅明确含地下室和储藏室购置费，商用房、商住两用房等非住宅不在自住住房范围。,,
太原,山西省,提取,大病救助提取,支持,2012年补充规定明确25种重大疾病，本人或配偶、子女、父母患大病致家庭生活严重困难可提取，每次合计不超提取日前12个月实际支付药费，每年一次、间隔不少于12个月。,,
太原,山西省,提取,既提又贷,支持,中心2024年1月答复：因购买该套住房有过提取公积金记录的，申请贷款额度暂不核减相应提取金额；且可先办理提取直付购房款，再就同一套住房申请公积金贷款。,,
太原,山西省,提取,首付直付,支持,在本市行政区域内购买新建商品住房并预网签商品房买卖合同的，可申请将账户可用余额直接划转至该项目商品房预售资金监管账户用于支付购房款，无需先垫后提。,,
太原,山西省,提取,代际互助,支持,购买、建造、翻建、大修自住住房可提取本人及配偶的公积金，还可同时提取双方父母和子女的公积金，须一同办理并提供父母子女关系证明；偿还购房贷款本息同样适用。,,
太原,山西省,提取,按月冲还商贷,有条件支持,须偿还商贷满12个月、贷款银行为已与中心数据互联的指定银行（限本省行政区域内商业银行），且无本中心未结清的住房公积金贷款 太原自2026年6月30日起开通按月约定提取偿还商业银行住房贷款，签约后每月21日划转至指定银行卡。须偿还商贷满12个月、贷款银行为已与中心数据互联的指定银行（本省行政区域内17家），且无未结清公积金贷款。,,
太原,山西省,提取,物业费提取,未确认,太原市住房公积金管理中心于2026-08-11至08-19就《提取住房公积金支付自住住房物业费的通知（征求意见稿）》公开征求意见，08-24发布意见采纳公告。截至查证日（2026-08-28）正式细则尚未出台，暂无本地生效依据，暂不能办理。,,
太原,山西省,提取,住房装修提取,未确认,检索仅见《住房公积金管理条例》（2026-09-20施行）将装修自住住房列入提取情形，太原市本地尚未出台装修提取实施细则；旧规解读曾明确装修、装饰、中修、小修不可提取。本地细则未出台，暂不能办理。,,
太原,山西省,缴存-灵活就业,有条件支持,需本市户籍或持有本市居住证（非本市户籍常住居民），年龄18-60周岁，且未享受养老保险待遇或领取退休金。,太原市人民政府《从3月31日起 我市灵活就业人员可以缴存住房公积金了》（2022-03-22）；太原市住房公积金管理中心2026年第一季度12329热线动态重申,https://zfgjj.taiyuan.gov.cn/xwdt/20260410/30292654.html,2026-04
太原,山西省,缴存-缓缴,支持,,太原市人民政府《太原市调整2026年度住房公积金缴存基数及比例》提及《太原市单位申请降低住房公积金缴存比例或者缓缴相关事项的规定》,https://www.taiyuan.gov.cn/zwyw/20260703/30307499.html,2026-07
晋城,山西省,贷款,单双职工额度差异,不支持,2026年3月24日起取消单双职工区别、最高额度统一110万元,https://jcgov.gov.cn/bsfw/jcsgjjw/zcfg_48657/202607/t20260713_2370343.shtml,政府网站
晋城,山西省,贷款,首套二套额度差异,不支持,首套与二套最高额度相同、仅最低首付比例均为20%,https://jcgov.gov.cn/bsfw/jcsgjjw/zcfg_48657/202607/t20260713_2370343.shtml,政府网站
晋城,山西省,贷款,绿色建筑上浮,有条件支持,具体上浮比例由山西省住房公积金管理部门制定（依《山西省绿色建筑发展条例》）,https://xxgk.jcgov.gov.cn/szfgzbm/jcssthjj/fdzdgknr_31282/hjbhly/202301/t20230109_1728233.shtml,政府网站
晋城,山西省,贷款,二孩家庭上浮,支持,二孩及以上多子女家庭贷款最高额度上浮20%再上调10%,https://jcgov.gov.cn/bsfw/jcsgjjw/zcfg_48657/202607/t20260713_2370343.shtml,政府网站
晋城,山西省,贷款,三孩家庭上浮,支持,二孩及以上多子女家庭含三孩贷款最高额度上浮20%再上调10%,https://jcgov.gov.cn/bsfw/jcsgjjw/zcfg_48657/202607/t20260713_2370343.shtml,政府网站
晋城,山西省,贷款,人才青年上浮,支持,高层次人才贷款最高额度上浮20%再上调10%(青年未单独列明),https://jcgov.gov.cn/bsfw/jcsgjjw/zcfg_48657/202607/t20260713_2370343.shtml,政府网站
晋城,山西省,贷款,家庭共享额度代际互助,支持,缴存职工购房时可同时申请提取父母或子女住房公积金,https://xxgk.jcgov.gov.cn/szfgzbm/jcszfhcxjsj/fdzdgknr_31299/sjscztxxgk_zjj/202411/t20241122_2065714.shtml,政府网站
晋城,山西省,贷款,商转公,支持,2024年12月31日以前发放的商业性个人住房贷款可申请转公积金,https://jcgov.gov.cn/bsfw/jcsgjjw/zcfg_48657/202607/t20260713_2370343.shtml,政府网站
晋城,山西省,贷款,最长贷龄30年,支持,贷款期限最长不得超过30年,https://jcgov.gov.cn/bsfw/jcsgjjw/zcfg_48657/202504/t20250422_2132663.shtml,政府网站
晋城,山西省,提取,购房一次性提取,有条件支持,自购房合同备案登记或取得不动产权证书之日起八年内，每年可提取一次（年度间隔不低于12个月），累计提取金额不超过实际支付的购房款 2025年4月放宽购建房提取时限至八年，购买新建商品住房自合同备案登记之日起、再交易住房自取得不动产权证书之日起，每年可提取一次，累计不超实际支付购房款。,,
晋城,山西省,提取,租房提取限额,支持,2026年3月起租住商品住房家庭公积金年度提取最高限额提高至36000元，可按月或按需提取，以前年度未提取不计入累计；租住公共租赁住房的按实际房租支出据实提取。,,
晋城,山西省,提取,多孩租房上浮,支持,二孩及以上多子女家庭租住商品住房的年度提取最高额度在36000元基础上同步上浮20%，即43200元；需提供同户户口本、出生医学证明或公安部门关系信息，须线下窗口办理。,,
晋城,山西省,提取,加装电梯提取,支持,自加装电梯方案批复手续下达之日起一年内一次性办理，职工及配偶提取金额合计不超过实际支付的分摊费用；2024年政策范围已扩大到本人及配偶双方父母自住住房加装电梯改造。,,
晋城,山西省,提取,车位购置提取,不支持,《晋城市住房公积金提取管理办法》第七条第四项明确：以购买写字楼、商住楼、办公、商铺、车库等非住宅的名义申请办理提取的，不得申请提取住房公积金。,,
晋城,山西省,提取,大病救助提取,不支持,2023年7月30日施行的提取办法及实施细则列明的提取情形已不含重大疾病（旧办法曾列“患有重大疾病造成家庭生活严重困难”），现行政策下不再办理大病提取。,,
晋城,山西省,提取,既提又贷,支持,2026年3月起，购房人及其配偶提取公积金直接支付购房首付款后，如需就本次购房办理公积金贷款，该提取金额仍可作为公积金贷款额度计算依据，实现“提取＋贷款”双重支撑。,,
晋城,山西省,提取,首付直付,支持,缴存人购买新建商品住房时，购房人及其配偶可申请提取公积金直接支付购房首付款；2026年3月24日管委会五届八次会议审议通过，无需职工先行自筹垫付首付款。,,
晋城,山西省,提取,代际互助,支持,购买、建造、翻建、大修自住住房的提取人范围为职工、配偶及其直系亲属（父母、子女之间），购房时全家可同时申请提取；需提供同户户口簿、独生子女证、出生证等关系证明。,,
晋城,山西省,提取,按月冲还商贷,不支持,《晋城市住房公积金提取管理办法》（2023-08）第十条明确“按月对冲（仅限本市住房公积金贷款）”，商贷仅可按年提取或提前结清提取，未开通商贷按月冲还；2026年优化通知亦仅放宽公积金贷款月冲条件。中心融媒体曾宣传商贷按月提取，但无可链接的官方文件佐证，故判定不支持。,,
晋城,山西省,提取,物业费提取,支持,晋城市住房公积金管理中心2026-05-29印发通知，缴存人或配偶在晋城有自有产权住房、无未结清公积金贷款及担保，家庭每自然年度可一次性或多次提取，总额不超过6000元（含水电费），当年有效不结转。线上线下均可办。,,
晋城,山西省,提取,住房装修提取,未确认,检索仅见国家《住房公积金管理条例》（2026-09-20施行）将装修自住住房列入提取情形，晋城市本地尚未出台装修提取实施细则，暂无本地生效依据，暂不能办理。,,
晋城,山西省,缴存-灵活就业,支持,,晋城市灵活就业人员参加住房公积金制度试点管理办法,https://xxgk.jcgov.gov.cn/jcsrmzf/zc/bmgfxwj_42751/xzgfxwj/202307/t20230727_1829027.shtml,2023-07
晋城,山西省,缴存-缓缴,支持,单位缴存困难，经相关程序可缓缴,晋城市住房公积金缴存管理办法,https://www.jcgov.gov.cn/bsfw/jcsgjjw/zcfg_48657/202308/t20230821_1840865.shtml,2023-08
吕梁,山西省,贷款,单双职工额度差异,不支持,最高贷款额度统一130万元、未区分单双职工,https://www.lvliang.gov.cn/llxxgk/zfxxgk/xxgkml/gbmwj/zjj/fdzdgknr_55202/csjs_69302/fdcgl_55537/202608/t20260804_2050837.html,政府网站
吕梁,山西省,贷款,首套二套额度差异,不支持,首套与二套最高额度相同、仅最低首付比例均为20%,https://www.lvliang.gov.cn/llxxgk/zfxxgk/xxgkml/gbmwj/zjj/fdzdgknr_55202/csjs_69302/fdcgl_55537/202608/t20260804_2050837.html,政府网站
吕梁,山西省,贷款,绿色建筑上浮,未检索到,未检索到公开来源,,
吕梁,山西省,贷款,二孩家庭上浮,支持,二孩及以上多子女家庭贷款最高额度上浮30%,https://www.lvliang.gov.cn/llxxgk/zfxxgk/xxgkml/gbmwj/zjj/fdzdgknr_55202/csjs_69302/fdcgl_55537/202608/t20260804_2050837.html,政府网站
吕梁,山西省,贷款,三孩家庭上浮,支持,二孩及以上多子女家庭含三孩贷款最高额度上浮30%,https://www.lvliang.gov.cn/llxxgk/zfxxgk/xxgkml/gbmwj/zjj/fdzdgknr_55202/csjs_69302/fdcgl_55537/202608/t20260804_2050837.html,政府网站
吕梁,山西省,贷款,人才青年上浮,支持,高层次人才贷款最高额度上浮30%(青年未单独列明),https://www.lvliang.gov.cn/llxxgk/zfxxgk/xxgkml/gbmwj/zjj/fdzdgknr_55202/csjs_69302/fdcgl_55537/202608/t20260804_2050837.html,政府网站
吕梁,山西省,贷款,家庭共享额度代际互助,支持,父母、子女可互相提取公积金支持购房,https://www.lvliang.gov.cn/zfjgzd/gjjglzx/zcfg/202306/t20230621_1771027.html,政府网站
吕梁,山西省,贷款,商转公,支持,2024年12月31日前在吕梁市或太原市办理且尚未结清的商业贷款可申请转公积金,https://www.lvliang.gov.cn/szdt/tzgg/202503/t20250324_1940402.html,政府网站
吕梁,山西省,贷款,最长贷龄30年,支持,贷款期限最长不超过30年,https://www.lvliang.gov.cn/llxxgk/zfxxgk/xxgkml/gbmwj/zjj/fdzdgknr_55202/csjs_69302/fdcgl_55537/202608/t20260804_2050837.html,政府网站
吕梁,山西省,提取,购房一次性提取,支持,购买、建造、翻建、大修自住住房累计提取金额不应大于实际支付的购房款；可提取本人及直系亲属账户余额，同一套房屋所有关系人累计提取不超购房总额。,,
吕梁,山西省,提取,租房提取限额,支持,自2024年4月23日起，无房职工家庭12个月内夫妻双方累计提取上限由20000元提高至36000元；租住公共租赁住房的按实际房租支出金额提取；商品住房不超管委会规定额度。,,
吕梁,山西省,提取,多孩租房上浮,支持,二孩及多孩无房家庭12个月内夫妻双方累计提取上限由20000元提高至40000元，高于普通家庭36000元；办理时另需提供户口簿等二孩及以上多子女证明材料。,,
吕梁,山西省,提取,加装电梯提取,支持,支持城镇老旧小区居民提取公积金用于加装电梯改造，政策支持范围扩大到本人及配偶双方父母；既有住宅加装电梯夫妻双方累计提取额度不超过该户分摊的实际支付费用。,,
吕梁,山西省,提取,车位购置提取,未确认,未检索到吕梁市住房公积金管理中心就购买车位、车库能否提取作出明确规定的公开文件，现行提取范围均限定为自住住房消费，车位性质认定尚无明确口径。,,
吕梁,山西省,提取,大病救助提取,支持,职工本人或直系亲属患重大疾病造成家庭生活严重困难可提取；重大疾病须符合医保或保险部门规定的大病，提取金额不超过医疗总费用中的个人支付部分，须本人办理。,,
吕梁,山西省,提取,既提又贷,支持,省级文件明确缴存职工贷款购买新建商品住房的，借款人及其配偶可申请提取公积金直接支付首付款；吕梁2026年1月1日起落地该政策，最高贷款额度130万元，可提贷并行。,,
吕梁,山西省,提取,首付直付,支持,吕房金发〔2025〕61号：自2026年1月1日起购买新建商品住房，借款人及配偶可申请将公积金可用余额直接划转至该项目商品房预售资金监管账户直付首付款，试运行两年。,,
吕梁,山西省,提取,代际互助,支持,吕房金发〔2022〕65号实行“一人购房全家帮”：缴存人可提取本人公积金支持父母、子女购房，父母含本人及配偶父母、子女含子女及其配偶，同一套房屋累计提取不超购房总额。,,
吕梁,山西省,提取,按月冲还商贷,不支持,吕梁公积金提取业务指南规定，偿还商业银行住房贷款提取额度按“距申请日期前12个月已还贷款本息之和”计，属按年（周期）提取模式，无商贷按月委托冲还规定；逐月冲还（逐月还款法）仅适用于公积金贷款。,,
吕梁,山西省,提取,物业费提取,未确认,检索仅见国家《住房公积金管理条例》（2026-09-20施行）及征求意见稿，吕梁市本地未检索到物业费提取实施细则或办事指南；同省晋城（年上限6000元）、朔州已有本地政策，吕梁未见本地依据。,,
吕梁,山西省,提取,住房装修提取,未确认,检索仅见国家条例将装修自住住房列入提取情形（2026-09-20施行），吕梁市本地未检索到装修提取实施细则；旧规仅支持购买、建造、翻建、大修自住住房，普通装修不在列。本地细则未出台。,,
吕梁,山西省,缴存-灵活就业,支持,,吕梁市关于进一步扩大住房公积金制度覆盖面的实施意见（吕政办发〔2025〕5号）,https://www.lvliang.gov.cn/llxxgk/zfxxgk/xxgkml/bgtwj/202503/t20250321_1939946.html,2025-03
吕梁,山西省,缴存-缓缴,支持,困难企业可申请缓缴住房公积金,吕梁市关于进一步扩大住房公积金制度覆盖面的实施意见（吕政办发〔2025〕5号）,https://www.lvliang.gov.cn/llxxgk/zfxxgk/xxgkml/bgtwj/202503/t20250321_1939946.html,2025-03
朔州,山西省,贷款,单双职工额度差异,支持,单方缴存最高60万、双方缴存最高70万,http://www.qunongjia.cn/article/7033.html,其他新闻
朔州,山西省,贷款,首套二套额度差异,不支持,首套与二套最高额度相同(单方60万、双方70万)、仅利率不同,http://www.qunongjia.cn/article/7033.html,其他新闻
朔州,山西省,贷款,绿色建筑上浮,支持,符合条件的绿色建筑贷款额度上浮20%,http://www.qunongjia.cn/article/7033.html,其他新闻
朔州,山西省,贷款,二孩家庭上浮,支持,多子女家庭(二孩及以上)首次贷款额度上浮20%(双方84万、单方72万),http://www.qunongjia.cn/article/7033.html,其他新闻
朔州,山西省,贷款,三孩家庭上浮,支持,二孩及以上多子女家庭含三孩贷款额度上浮20%,http://www.qunongjia.cn/article/7033.html,其他新闻
朔州,山西省,贷款,人才青年上浮,支持,全日制大专及以上学历缴存人贷款额度上浮20%(双方84万、单方72万),http://www.qunongjia.cn/article/7033.html,其他新闻
朔州,山西省,贷款,家庭共享额度代际互助,支持,父母、子女可互相提取公积金支持购房,https://m.1renshi.com/news/27233.html,其他新闻
朔州,山西省,贷款,商转公,支持,允许商业性个人住房贷款转住房公积金贷款,http://www.zf365.com.cn/dk/997.jhtml,其他新闻
朔州,山西省,贷款,最长贷龄30年,支持,住房公积金贷款期限最长30年,http://www.zf365.com.cn/zecjd/974.jhtml,其他新闻
朔州,山西省,提取,购房一次性提取,支持,购买、建造、翻建、大修自住住房可提取本人、配偶及直系血亲账户余额，总提取额不超过房屋总价款；提取期限为缴交首付款（先取后贷除外）并签订买卖合同后至缴清房款之间。,,
朔州,山西省,提取,租房提取限额,支持,租住商品住房每个自然年度家庭提取额最高不超过24000元，提高租房提取频次后可按月或按需提取，年内累计不超上限；租住公共租赁住房的按实际房租支出金额据实提取。,,
朔州,山西省,提取,多孩租房上浮,支持,响应国家号召生育多孩的家庭，租房提取可在年度最高额度24000元的基础上上浮50%，即36000元；家庭遇拆迁、国家占地等特殊情况暂无住房的可一次提取2年租金额度。,,
朔州,山西省,提取,加装电梯提取,支持,朔住公字〔2020〕36号明确既有住宅所有权人及其配偶可提取公积金用于加装电梯，职工本人及配偶每年可提取一次，累计不超家庭分摊的加装费用总额；2025年延续支持加装和更新电梯。,,
朔州,山西省,提取,车位购置提取,未确认,未检索到朔州市住房公积金管理中心就购买车位、车库能否提取作出明确规定的公开文件，现行提取情形均限定为自住住房消费，车位是否可提尚无明确口径。,,
朔州,山西省,提取,大病救助提取,支持,市政府公布提取情形第(12)项为职工本人、配偶及其直系血亲因重大疾病或遇突发事件造成家庭生活严重困难；中心细则规定提取额度不超过职工当期住院期间自付医疗费用。,,
朔州,山西省,提取,既提又贷,支持,朔州实行“先取后贷”业务：首付款未达要求比例时，在买卖合同中注明办理先取后贷的，所提公积金转入开发企业账户抵顶首付款，同时可申请公积金贷款支付剩余房款。,,
朔州,山西省,提取,首付直付,支持,2025年朔州中心支持提取住房公积金用于支付购房首付款；按提取操作细则，先取后贷业务所提公积金直接转入开发企业银行账户抵顶首付款，无需职工先行自筹垫付。,,
朔州,山西省,提取,代际互助,支持,购买、建造、翻建、大修自住住房及偿还个人住房贷款的，职工可提取本人、配偶及直系血亲住房公积金账户余额；中心已将直系血亲提取政策放宽到夫妻双方的父母。,,
朔州,山西省,提取,按月冲还商贷,支持,朔州市住房公积金管理中心2026年8月10日通知，开办按月提取住房公积金偿还商业银行个人购房按揭贷款本息业务：提取额为上月还款额（先还后付），须正常缴存、无本中心公积金贷款或担保、账户未冻结且商贷已还款满1个月未逾期，暂线下柜台办理。,,
朔州,山西省,提取,物业费提取,支持,朔州市住房公积金管理中心官网已发布物业费提取办事指南：职工每个自然年度可提取一次，提取额度不超过当年实际缴纳物业费；需提供身份证、物业费清单、I类银行卡等，公积金贷款期间或为他人担保期间不能提取。,,
朔州,山西省,提取,住房装修提取,未确认,检索仅见国家条例将装修自住住房列入提取情形（2026-09-20施行），朔州市本地未检索到装修提取实施细则，旧规仅支持购买、建造、翻建、大修自住住房。本地装修细则未出台。,,
朔州,山西省,缴存-灵活就业,支持,年满16周岁且未达法定退休年龄，在朔州市以个体经营、自由职业等灵活就业,朔州市个体工商户、自由职业者缴存和使用住房公积金实施办法（2023年修订通告）,https://so.html5.qq.com/page/real/search_news?docid=70000021_373670736c990352,2023-12（修订）/2024-10（通告）
朔州,山西省,缴存-缓缴,未采集到相关信息,,,,
呼和浩特,内蒙古自治区,贷款,单双职工额度差异,支持,单方缴存最高90万元、双方缴存最高150万元（2026年9月1日起）,http://zfcxjsj.huhhot.gov.cn/zjdt/ywdt/202608/t20260820_2030515.html,政府网站
呼和浩特,内蒙古自治区,贷款,首套二套额度差异,支持,首付比例统一20%、按住房套数认定,http://zfcxjsj.huhhot.gov.cn/zjdt/ywdt/202608/t20260820_2030515.html,政府网站
呼和浩特,内蒙古自治区,贷款,绿色建筑上浮,有条件支持,内蒙古政务服务网事项页列明绿色建筑上浮政策,https://zwfw.nmg.gov.cn/handle_affairs_detail?item_detail_id=bb4497478b4187de018b7073aa886cff&regionCode=150622000000,政府网站
呼和浩特,内蒙古自治区,贷款,二孩家庭上浮,支持,多子女家庭最高贷款180万元,http://zfcxjsj.huhhot.gov.cn/zjdt/ywdt/202608/t20260820_2030515.html,政府网站
呼和浩特,内蒙古自治区,贷款,三孩家庭上浮,支持,多子女家庭含三孩统一最高180万元,http://zfcxjsj.huhhot.gov.cn/zjdt/ywdt/202608/t20260820_2030515.html,政府网站
呼和浩特,内蒙古自治区,贷款,人才青年上浮,支持,英才兴蒙及高层次人才最高180万元,http://zfcxjsj.huhhot.gov.cn/zjdt/ywdt/202608/t20260820_2030515.html,政府网站
呼和浩特,内蒙古自治区,贷款,家庭共享额度代际互助,支持,允许父母子女代际互助,https://thepaper.cn/newsDetail_forward_32343266,其他新闻
呼和浩特,内蒙古自治区,贷款,商转公,支持,允许商业贷款转公积金贷款,https://zwfw.nmg.gov.cn/handle_affairs_detail?item_detail_id=ff8080817762210c01777fabad3c6b91,政府网站
呼和浩特,内蒙古自治区,贷款,最长贷龄30年,支持,最长贷款期限可达30年,https://m.hu.bendibao.com/live/37645.shtm,其他新闻
呼和浩特,内蒙古自治区,提取,购房一次性提取,支持,购买自住住房合计提取总额不得超过实际发生的购房支出；新建自住住房有效期自网签备案合同或发票日起高层不超过3年、多层不超过2年，存量交易房自取得不动产权证起1年内。,,
呼和浩特,内蒙古自治区,提取,租房提取限额,支持,2026年4月1日起普通职工按缴存地分档上浮30%，市中心及各铁路服务部每人每年18200元、旗县服务部13000元；公租房、保租房按实际房租全额提取。,,
呼和浩特,内蒙古自治区,提取,多孩租房上浮,支持,多子女家庭、“英才兴蒙”一至六类人才及18—35岁青年人租房提取上浮50%，市中心及各铁路服务部每人每年21000元、旗县15000元，多项上浮不叠加。,,
呼和浩特,内蒙古自治区,提取,加装电梯提取,支持,既有住宅加装电梯及城镇老旧小区改造中进行自住住房改造可提取，合计提取金额不得超过每户家庭实际分担的出资额；呼市公积金中心官网已单列“城镇老旧小区改造加装电梯提取”业务。,,
呼和浩特,内蒙古自治区,提取,车位购置提取,有条件支持,自2026年4月10日起施行；限在呼和浩特市行政区域内购置或租赁与所购自住住房同一小区的配套车位（库），每套住宅限配不超过两个，个人之间的购置、租赁行为不予支持。 缴存职工及配偶、父母、子女可提取住房公积金支付购置或租赁车位（库）费用，累计提取金额不超过实际支付的购置或租赁金额；呼市公积金中心官网已单列购买、租赁车位（库）提取业务。,,
呼和浩特,内蒙古自治区,提取,大病救助提取,有条件支持,须因重大伤病造成家庭生活特别困难；重大疾病按城镇职工基本医疗保险相关规定认定，即医保累计为患者支付的医药费已超过基本医保最高支付限额、进入大病医疗救助范畴。 缴存人本人、配偶、子女及夫妻双方父母因重大伤病造成家庭生活特别困难可提取，须提供旗县级以上医疗机构病情诊断证明、当年医药费专用发票及户口簿或身份关系证明材料。,,
呼和浩特,内蒙古自治区,提取,既提又贷,支持,呼市支持缴存人在提取公积金支付购房首付款的同时申请住房公积金个人住房贷款；同一套住房可办理先提取后贷款业务，贷款额度按“该房已提取金额+现账户余额”的倍数核定。,,
呼和浩特,内蒙古自治区,提取,首付直付,支持,限新城区、回民区、玉泉区、赛罕区新建预售商品住房，2024年9月23日起可将账户余额直接划转至开发企业预售资金监管账户抵付首付款，截至2025年11月已办331笔。,,
呼和浩特,内蒙古自治区,提取,代际互助,支持,购买、建造、翻建、大修自住住房，偿还购房贷款本息，既有住宅加装电梯及老旧小区改造提取，申请人范围均扩大至缴存人及其配偶、子女、父母；无房租房自住提取仅限缴存人本人。,,
呼和浩特,内蒙古自治区,提取,按月冲还商贷,支持,呼和浩特市住房公积金中心已开通偿还商业住房贷款“按月对冲提取”业务，缴存职工可通过微信公众号进行商业银行贷款对冲协议签约，签订后按月从公积金账户提取冲还商贷月还款。内蒙古日报亦报道自治区住房资金中心上线“按月提取公积金偿还商业贷款”功能。,,
呼和浩特,内蒙古自治区,提取,物业费提取,支持,呼和浩特市住房公积金中心《关于优化调整住房公积金提取政策的通知》自2026-04-01起新增物业服务费提取：缴存职工及配偶以家庭为单位，每人每年可提取账户余额支付不超过两套自住住房物业费，每套每年可提取一次，累计不超实际支付金额。需提供物业费增值税发票，线上线下均可办。,,
呼和浩特,内蒙古自治区,提取,住房装修提取,支持,呼和浩特市住房公积金中心发布《关于调整部分住房公积金使用政策的通知》，自2026-09-01起支持装修提取：不动产权证满6个月且在5年以内的自住住房可申请，按建筑面积1500元/㎡核定、上限20万元；家庭仅限一套、每套一次。另同步支持房龄20年以上更新改造提取（1500元/㎡、上限20万）。,,
呼和浩特,内蒙古自治区,缴存-灵活就业,支持,,呼和浩特市住建局——落实灵活就业人员参加住房公积金实施细则及服务流程,http://zfcxjsj.huhhot.gov.cn/zwgk_91/tzgg/202503/t20250313_1859032.html,2025-03-13
呼和浩特,内蒙古自治区,缴存-缓缴,支持,单位缴存确有困难的，经职代会或工会讨论通过、中心审核、管委会批准后可降低比例或缓缴，每次不超1年。,内蒙古自治区住房公积金缴存管理办法等三个办法（自治区政府办公厅）,https://www.mldw.gov.cn/OpennessContent/show/339045.html,2023
包头,内蒙古自治区,贷款,单双职工额度差异,支持,单方缴存最高100万元、夫妻双方缴存最高160万元,https://www.baotou.gov.cn/zfxxgk/zfgb/zfgb_2026/diwuqi/202606/t20260622_928764.html,政府网站
包头,内蒙古自治区,贷款,首套二套额度差异,不支持,首套、二套最高贷款额度相同，首付比例统一不低于20%,http://zfhcxjsj.baotou.gov.cn/ztzl/bmhqzczq/202605/t20260507_903266.html,政府网站
包头,内蒙古自治区,贷款,绿色建筑上浮,支持,购买新建钢结构、绿色建筑商品住房最高贷款额度上浮10%（单方120万、双方200万）,http://zfhcxjsj.baotou.gov.cn/ztzl/bmhqzczq/202605/t20260507_903266.html,政府网站
包头,内蒙古自治区,贷款,二孩家庭上浮,支持,多子女家庭购买自住住房最高贷款额度上浮10%（单方77万、双方132万）,http://zfhcxjsj.baotou.gov.cn/ztzl/bmhqzczq/202605/t20260507_903266.html,政府网站
包头,内蒙古自治区,贷款,三孩家庭上浮,支持,多子女家庭（含三孩及以上）购买自住住房最高贷款额度上浮10%,http://zfhcxjsj.baotou.gov.cn/ztzl/bmhqzczq/202605/t20260507_903266.html,政府网站
包头,内蒙古自治区,贷款,人才青年上浮,支持,持有本市高层次人才服务卡职工单方缴存最高可贷88万元,http://zfhcxjsj.baotou.gov.cn/hdjl/hdjl_zxft/202606/tInterview_222873.html,政府网站
包头,内蒙古自治区,贷款,家庭共享额度代际互助,支持,缴存人父母、子女在包头购房可由缴存人作为借款人申请公积金贷款（代际互助贷款）,http://zfhcxjsj.baotou.gov.cn/ztzl/bmhqzczq/202605/t20260507_903266.html,政府网站
包头,内蒙古自治区,贷款,商转公,支持,优化公积金政策，支持商业贷款转公积金贷款,https://www.baotou.gov.cn/zfxxgk/zfgb/zfgb_2026/diwuqi/202606/t20260622_928764.html,政府网站
包头,内蒙古自治区,贷款,最长贷龄30年,支持,贷款期限最长不超过30年，可延长至退休后5年,https://zwfw.nmg.gov.cn/handle_affairs_detail?highlight= &item_detail_id=ff8080817762210c01777fad376b6f1c&regionCode=150000,政府网站
包头,内蒙古自治区,提取,购房一次性提取,支持,购买、建造、翻建、大修自住住房可提取本人及配偶、子女、夫妻双方父母名下公积金，合计提取总额不得超过实际发生的购房等支出，且无缴存时限和金额要求，缴存者可随时提取。,,
包头,内蒙古自治区,提取,租房提取限额,支持,2025年9月起单身每年最高2.1万元、已婚2.8万元；2026年7月1日起新增按月缴存额全额提取（月缴存额×12），一年内仅可选一种，全年不超12次。,,
包头,内蒙古自治区,提取,多孩租房上浮,不支持,包头多子女家庭优惠仅体现在贷款额度上浮10%（单方77万元、双方132万元），租房提取未设多孩专项上浮；多孩家庭可通过选择按月缴存额全额提取方式提高租房提取额度。,,
包头,内蒙古自治区,提取,加装电梯提取,支持,包头已出台《关于开展既有住宅加装电梯提取住房公积金的通知》，既有住宅加装电梯及城镇老旧小区改造中自住住房改造可提取，合计提取金额不超过每户家庭实际分担的出资额。,,
包头,内蒙古自治区,提取,车位购置提取,不支持,包头现行提取情形未包含购买车位（库）；2026年7月1日新政在物业费、取暖费提取中明确写字楼、商铺、车库、40年产权公寓等非住宅及异地房产不予提取。,,
包头,内蒙古自治区,提取,大病救助提取,有条件支持,须按城镇职工基本医疗保险相关规定认定，医保累计为患者支付的医药费超过基本医疗保险最高支付限额（包头统筹基金最高支付限额为20万元）、进入大病医疗救助范畴。 缴存人本人、配偶、子女及夫妻双方父母患重大疾病可提取，需提供旗县级以上医疗机构出具的病情诊断证明、当年医药费专用发票（医疗费用结算单）及身份关系证明。,,
包头,内蒙古自治区,提取,既提又贷,支持,包头已取消“职工再次办理住房公积金贷款，持同一套购房手续不允许办理购房提取”的限制，也取消“再次办理公积金贷款不允许办理按月对冲或余额对冲还贷”的限制。,,
包头,内蒙古自治区,提取,首付直付,支持,限本市新建预售商品住房且项目纳入预售资金监管，可提取本人及配偶、子女、父母账户资金支付首付款，提取资金划转至开发企业预售资金监管账户，政策长期执行。,,
包头,内蒙古自治区,提取,代际互助,支持,购买自住住房、偿还住房贷款、既有住宅加装电梯及老旧小区改造提取，均可提取本人及配偶、子女、夫妻双方父母名下公积金，无缴存时限和金额要求；直付首付款同样含子女、父母。,,
包头,内蒙古自治区,提取,按月冲还商贷,不支持,包头市商业性个人住房贷款仅支持'按年提取'（每年提取一次），按月对冲/委托提取业务仅适用于本市住房公积金贷款，商贷不支持按月冲还。,,
包头,内蒙古自治区,提取,物业费提取,支持,包头市住房公积金中心《关于调整住房公积金贷款提取政策的通知》自2026-07-01起施行，新增物业费提取：缴存人及配偶在包头市有自住住房，可提取不超过两套住房的物业费，每套每年每人提取一次，每套合计不超3000元（从2026年度起执行）。需无未结清公积金贷款、无担保、账户正常；异地房产及非住宅不可提。,,
包头,内蒙古自治区,提取,住房装修提取,未确认,包头市2026-07-01新政（贷款、租房、物业费、取暖费、维修资金、契税）未包含装修提取；检索未见到包头市本地装修提取实施细则。自治区住房资金中心8月4日装修政策仅覆盖呼和浩特区域（认房单元为呼和浩特市），不面向包头。本地装修细则未出台。,,
包头,内蒙古自治区,缴存-灵活就业,支持,,包头市住房和城乡建设局—《包头市灵活就业人员参加住房公积金制度试点实施细则》,http://zfhcxjsj.baotou.gov.cn/ztzl/bmhqzczq/202509/t20250922_535223.html,2025-09
包头,内蒙古自治区,缴存-缓缴,支持,,包头市住房公积金管理中心—《包头市住房公积金缴存实施细则》,https://www.btgjj.cn/#/website/article/2700,现行
鄂尔多斯,内蒙古自治区,贷款,单双职工额度差异,支持,一方缴存最高80万元、夫妻双方缴存最高130万元,http://ordosgjj.org.cn/zcfg202405/zcfgnr202405/szcfg/202607/t20260716_3909576.html,政府网站
鄂尔多斯,内蒙古自治区,贷款,首套二套额度差异,不支持,首套、二套最高贷款额度相同（单80万、双130万），首付比例均不低于20%,http://ordosgjj.org.cn/zwdt202405/zxdt202405/202503/t20250320_3774958.html,政府网站
鄂尔多斯,内蒙古自治区,贷款,绿色建筑上浮,支持,购买获得绿色建筑星级标识的新建绿色建筑家庭贷款额度上浮10%,http://ordosgjj.org.cn/zwdt202405/zxdt202405/202503/t20250320_3774958.html,政府网站
鄂尔多斯,内蒙古自治区,贷款,二孩家庭上浮,支持,二孩及以上家庭购买自住住房贷款额度上浮20%,http://ordosgjj.org.cn/zcfg202405/zcfgnr202405/szcfg/202607/t20260716_3909576.html,政府网站
鄂尔多斯,内蒙古自治区,贷款,三孩家庭上浮,支持,二孩及以上家庭（含三孩）购买自住住房贷款额度上浮20%,http://ordosgjj.org.cn/zcfg202405/zcfgnr202405/szcfg/202607/t20260716_3909576.html,政府网站
鄂尔多斯,内蒙古自治区,贷款,人才青年上浮,支持,高层次人才A-F类最高贷款200万元（D类及以上）、150万元（E/F类）,http://ordosgjj.org.cn/zcfg202405/zcfgnr202405/szcfg/202607/t20260716_3909576.html,政府网站
鄂尔多斯,内蒙古自治区,贷款,家庭共享额度代际互助,不支持,未开放普通缴存职工父母子女代际互助贷款/提取；仅高层次人才子女购房可提取其父母公积金,http://www.ordosgjj.org.cn/zwdt202405/zwzx202405/202405/t20240530_3606613.html,政府网站
鄂尔多斯,内蒙古自治区,贷款,商转公,支持,开展商转公贷款，新增住房公积金直还模式,http://ordosgjj.org.cn/zwdt202405/zxdt202405/202503/t20250320_3774958.html,政府网站
鄂尔多斯,内蒙古自治区,贷款,最长贷龄30年,支持,公积金贷款期限不得超过30年，且贷款到期日不超法定退休后5年,https://zwfw.nmg.gov.cn/handle_affairs_detail?item_detail_id=ff8080817c7e49f3017ca0a35f9a409d,政府网站
鄂尔多斯,内蒙古自治区,提取,购房一次性提取,支持,购买自住住房及公寓，同一套住房在购房行为发生后5年内可多次提取，累计提取金额不超过购房总价；提取人范围含本人及配偶、子女、夫妻双方父母。,,
鄂尔多斯,内蒙古自治区,提取,租房提取限额,支持,连续足额缴存满3个月且缴存地无房，可按月、按季、按年提取、全年不超12次，每户家庭年提取上限25000元；高层次人才、新市民、青年人、二孩及以上家庭上浮至35000元。,,
鄂尔多斯,内蒙古自治区,提取,多孩租房上浮,支持,二孩及以上家庭、新市民、青年人、高层次人才租房提取上限由每户每年25000元提至35000元；管委会修改通知表述为1.5倍即37500元，多种上浮不重复累加。,,
鄂尔多斯,内蒙古自治区,提取,加装电梯提取,支持,既有住宅加装电梯自取得加装电梯协议或资金缴纳凭证之日起1年内可提取，提取总额不超过每户实际分摊的出资额，提取人含本人及配偶、子女、夫妻双方父母。,,
鄂尔多斯,内蒙古自治区,提取,车位购置提取,不支持,鄂尔多斯住房消费类提取情形（购房及公寓、还贷、租房、物业费、采暖费、维修资金、契税、旧房装修改造、建造翻建大修、加装电梯、老旧小区改造等）中不含车位（库）购置。,,
鄂尔多斯,内蒙古自治区,提取,大病救助提取,有条件支持,须造成家庭生活特别困难；重大疾病按城镇职工基本医保认定，一个自然年度内医保累计为患者支付的医药费超过统筹基金最高支付限额、进入大病医疗救助范畴，或属医保部门规定的28种特殊疾病。 缴存人本人、配偶、子女及夫妻双方父母因重大疾病或遇突发事件（火灾、水灾、地震等）造成家庭生活特别困难可提取，属非住房消费类提取，需提供诊断证明、医药费发票及关系证明。,,
鄂尔多斯,内蒙古自治区,提取,既提又贷,支持,《鄂尔多斯市住房公积金贷款管理实施细则》明确同一套住房可办理先提取后贷款业务，与贷款为同一套住房的已提取额度计算在缴存余额之内，贷款金额不超过账户余额的25倍。,,
鄂尔多斯,内蒙古自治区,提取,首付直付,支持,限本市新建商品房，需签认购协议与开发企业承诺书并补录网签合同；中心将提取资金直接划转至住建部门指定的商品房预售资金监管账户，总额不超合同约定的首付款。,,
鄂尔多斯,内蒙古自治区,提取,代际互助,支持,除无房租房、物业费、采暖费、旧房装修改造仅限夫妻外，购房及公寓、还贷、加装电梯、老旧改、维修资金、契税、首付等提取人均可扩至本人及配偶、子女、夫妻双方父母。,,
鄂尔多斯,内蒙古自治区,提取,按月冲还商贷,支持,鄂尔多斯住房公积金支持按月、按季、按年提取偿还商业性个人住房贷款本息，全年提取次数不超过12次，即支持按月冲还商贷。,,
鄂尔多斯,内蒙古自治区,提取,物业费提取,支持,鄂尔多斯市住房公积金中心已开通物业费提取：缴存人及配偶在鄂尔多斯有自住住房，每年可提取公积金支付2套房屋物业费（2025-2026年度及后续年度），以1年内物业费发票金额为准，每套每年上限4000元，账户余额最低保留100元。需无贷款、无冻结；异地房产不可提。,,
鄂尔多斯,内蒙古自治区,提取,住房装修提取,有条件支持,鄂尔多斯市住房公积金管理委员会《关于优化住房公积金部分政策的通知》（鄂公委发〔2026〕5号）新增“旧房装修改造提取”：房龄满10年的自住住房，缴存人及配偶可就一套房屋提取一次，按建筑面积1500元/㎡计算、上限20万元；公寓除外。属受限的旧房装修改造，非普通全屋装修。 鄂尔多斯市住房公积金管理委员会《关于优化住房公积金部分政策的通知》（鄂公委发〔2026〕5号）新增“旧房装修改造提取”：房龄满10年的自住住房，缴存人及配偶可就一套房屋提取一次，按建筑面积1500元/㎡计算、上限20万元；公寓除外。属受限的旧房装修改造，非普通全屋装修。,,
鄂尔多斯,内蒙古自治区,缴存-灵活就业,支持,,鄂尔多斯市住房公积金管理委员会—《鄂尔多斯市灵活就业人员缴存使用住房公积金管理实施细则(试行)》,http://ordosgjj.org.cn/zcfg202405/zcfgnr202405/szcfg/202604/t20260414_3891015.html,2026-03-12
鄂尔多斯,内蒙古自治区,缴存-缓缴,支持,,鄂尔多斯市住房公积金中心—《住房公积金缴存单位缓缴/解除缓缴》办事指南,http://ordosgjj.org.cn/zwfw202405/gjyw202405/202405/t20240531_3606746.html,2024-05
呼伦贝尔,内蒙古自治区,贷款,单双职工额度差异,支持,单缴存职工最高60万元、双缴存职工最高105万元（2026年调整）,https://fgw.hlbe.gov.cn/News/show/1446377.html,政府网站
呼伦贝尔,内蒙古自治区,贷款,首套二套额度差异,不支持,首套、二套最高贷款额度相同（单缴存60万、双缴存原80万/现105万），仅二套利率上浮,https://www.hlbe.gov.cn/OpennessContent/show/491772.html,政府网站
呼伦贝尔,内蒙古自治区,贷款,绿色建筑上浮,未检索到,未检索到公开来源,,空
呼伦贝尔,内蒙古自治区,贷款,二孩家庭上浮,支持,二孩及以上多子女家庭贷款额度上浮20%（单72万、双126万）,https://fgw.hlbe.gov.cn/News/show/1446377.html,政府网站
呼伦贝尔,内蒙古自治区,贷款,三孩家庭上浮,支持,二孩及以上家庭（含三孩）贷款额度上浮20%,https://fgw.hlbe.gov.cn/News/show/1446377.html,政府网站
呼伦贝尔,内蒙古自治区,贷款,人才青年上浮,支持,符合高层次人才认定贷款额度上浮20%（单72万、双126万）,https://fgw.hlbe.gov.cn/News/show/1446377.html,政府网站
呼伦贝尔,内蒙古自治区,贷款,家庭共享额度代际互助,支持,父母、子女公积金可用于支付购房首付款，可共同申请贷款购房,https://www.mldw.gov.cn/InLive/show/773.html,政府网站
呼伦贝尔,内蒙古自治区,贷款,商转公,支持,可申请将商业银行住房贷款剩余本金转为公积金贷款,https://www.hlbe.gov.cn/OpennessContent/show/491772.html,政府网站
呼伦贝尔,内蒙古自治区,贷款,最长贷龄30年,支持,贷款年限不超过30年，且贷款到期日不超法定退休后5年,https://www.mldw.gov.cn/InLive/show/773.html,政府网站
呼伦贝尔,内蒙古自治区,提取,购房一次性提取,支持,购买新建自住住房自首张增值税发票出具之日起高层不超过3年、多层不超过2年内可提出提取申请，存量交易房自发票日起1年内，合计提取总额不超过实际发生的购房支出。,,
呼伦贝尔,内蒙古自治区,提取,租房提取限额,支持,连续足额缴存满3个月，租赁非保障性住房的每人每年不超过2万元，提取人与配偶工作地不同的可各自提取；租赁保障性住房的提取金额按实际房租支出全额提取。,,
呼伦贝尔,内蒙古自治区,提取,多孩租房上浮,支持,多子女家庭（二孩及以上且至少一个未成年）及高层次人才符合租房提取条件的，最高限额在本市统一限额（2万元/年）基础上上浮10%，两项上浮不叠加。,,
呼伦贝尔,内蒙古自治区,提取,加装电梯提取,支持,既有住宅加装电梯可提取，需提供房屋所有权证或不动产权证书（或网签备案购房合同）、加装电梯协议或资金分担证明及资金缴纳凭证，合计提取金额不得超过每户实际分担出资额。,,
呼伦贝尔,内蒙古自治区,提取,车位购置提取,未确认,呼伦贝尔2025年修订实施细则及2026年7月优化调整通知列举的提取情形中均未出现车位（库）购置提取，亦未检索到明确禁止性规定，现行口径无法确认。,,
呼伦贝尔,内蒙古自治区,提取,大病救助提取,有条件支持,须因重大伤病造成家庭生活特别困难；重大疾病按城镇职工基本医疗保险相关规定认定，即医保累计为患者支付的医药费已超过基本医疗保险最高支付限额、进入大病医疗救助范畴。 缴存人本人、配偶、子女及夫妻双方父母因重大伤病造成家庭生活特别困难可提取，需提供旗县级以上医疗机构出具的病情诊断证明、当年医药费专用发票及户口簿或身份关系证明。,,
呼伦贝尔,内蒙古自治区,提取,既提又贷,支持,呼伦贝尔明确同一套住房可办理先提取后贷款业务，与贷款为同一套住房的已提取额度计算在缴存余额之内；提取公积金支付首付款后再申请贷款的，首付款提取金额同样计入账户余额。,,
呼伦贝尔,内蒙古自治区,提取,首付直付,支持,限本市（不含满洲里）70年产权新建预售商品住房且楼盘已备案，购房人及配偶、父母、子女可一次性共同申请，合计提取不超认购书约定的首付款，与贷款合计不超房屋总价。,,
呼伦贝尔,内蒙古自治区,提取,代际互助,支持,购买、建造、翻建、大修自住住房及偿还购房贷款本息提取，提取申请人范围包括缴存人及其配偶、子女、父母；同户籍子女、父母还可参与签订公积金对冲还贷协议。,,
呼伦贝尔,内蒙古自治区,提取,按月冲还商贷,支持,自2026年6月15日起，呼伦贝尔市偿还商业性个人住房贷款可按月提取，取消了以往须间隔6个月以上的限制，实现商贷按月提取。,,
呼伦贝尔,内蒙古自治区,提取,物业费提取,支持,呼伦贝尔市住房公积金中心《关于优化调整住房公积金提取、贷款政策的通知》新增物业费提取，自2026年度起执行（8月1日正式实施）：缴存职工及配偶在呼伦贝尔市（不含满洲里市）有自住住房，可申请不超过两套住房物业费，每套每年每人提取一次，夫妻双方累计不超本年度实际支付物业费（百元取整）。需无未结清贷款、无担保、账户未冻结。,,
呼伦贝尔,内蒙古自治区,提取,住房装修提取,支持,同一通知新增装修费提取：缴存职工及配偶在呼伦贝尔市（不含满洲里市）购买自住住房，可申请提取公积金支付装修费，夫妻合计不超实际装修支出且最高不超建筑面积×1200元/㎡；每套仅提一次；新建商品房高层≤3年/多层≤2年、存量房≤1年。需无未结清贷款等。,,
呼伦贝尔,内蒙古自治区,缴存-灵活就业,有条件支持,需连续正常缴纳灵活就业社会保险满6个月以上（且信用良好）,呼伦贝尔市住房公积金中心—《呼伦贝尔市灵活就业人员住房公积金管理办法》,https://zjj.hlbe.gov.cn/News/show/1445108.html,2026-07-27发布，2026-08-01试行
呼伦贝尔,内蒙古自治区,缴存-缓缴,支持,,呼伦贝尔市发展和改革委员会—《呼伦贝尔市住房公积金缴存管理办法实施细则》,https://fgw.hlbe.gov.cn/News/show/1446074.html,现行
沈阳,辽宁省,贷款,单双职工额度差异,支持,,https://www.shenyang.gov.cn/zwgk/fdzdgknr/zdlyxxgk/bzzf/wyb/gmxfhesf/xdjsfzc/202503/t20250320_4824564.html,政府网站
沈阳,辽宁省,贷款,首套二套额度差异,不支持,,https://m.sy.bendibao.com/live/39702.shtm,其他新闻
沈阳,辽宁省,贷款,绿色建筑上浮,支持,,https://sygjj.shenyang.gov.cn/zcfg/202605/t20260529_5033781.html,政府网站
沈阳,辽宁省,贷款,二孩家庭上浮,支持,,https://fcj.shenyang.gov.cn/zwgkzdgz/fdzdgknr/zdmsxx/fdcsc/202603/t20260319_5001687.html,政府网站
沈阳,辽宁省,贷款,三孩家庭上浮,支持,,https://fcj.shenyang.gov.cn/zwgkzdgz/fdzdgknr/zdmsxx/fdcsc/202603/t20260319_5001687.html,政府网站
沈阳,辽宁省,贷款,人才青年上浮,支持,,https://fcj.shenyang.gov.cn/zwgkzdgz/fdzdgknr/zdmsxx/fdcsc/202603/t20260319_5001687.html,政府网站
沈阳,辽宁省,贷款,家庭共享额度代际互助,支持,,https://sygjj.shenyang.gov.cn/zcfg/202605/t20260529_5033781.html,政府网站
沈阳,辽宁省,贷款,商转公,支持,,https://sygjj.shenyang.gov.cn/zxzx/wyzx/xjxdwd/?metadataId=55696,政府网站
沈阳,辽宁省,贷款,最长贷龄30年,支持,,https://sfj.shenyang.gov.cn/flfggz/gfxwj/202504/t20250429_4844360.html,政府网站
沈阳,辽宁省,提取,购房一次性提取,支持,购买拥有所有权自住住房可提取本人及配偶账户余额，提取总额不超过购房款；现金购房须在备案合同或不动产权证书签发之日起两年内提出申请。,,
沈阳,辽宁省,提取,租房提取限额,支持,2026年3月15日起，未备案单身2000元/月、已婚3200元/月/户；已办理租赁登记备案的按实际房租支出，最高4000元/月/户，可按月、按季或按年提取。,,
沈阳,辽宁省,提取,多孩租房上浮,支持,已办理租赁登记备案的多子女家庭（两个及以上未成年子女），本人及配偶合计按实际房租支出足额保障，不受4000元/月上限限制，需提供户口簿、出生医学证明。,,
沈阳,辽宁省,提取,加装电梯提取,支持,2024年10月8日起住宅老旧电梯更新与既有住宅加装电梯均可提取，本人及配偶、子女、夫妻双方父母合计不超实际分摊费用，同一产权地址限一个产权人家庭。,,
沈阳,辽宁省,提取,车位购置提取,支持,2026年3月15日起，购买本市自住住房并在同一小区购置无产权车位、车库的，一年内可提取，夫妻双方合计最高3万元；有产权车位参照购买自住住房政策支持。,,
沈阳,辽宁省,提取,大病救助提取,支持,沈阳中心现行《提取管理办法》未单列重大疾病情形，实践中依《辽宁省住房公积金管理规定》第十四条第（四）项及办法第五条第（十二）项兜底条款办理。 职工本人、配偶及未成年子女患重大疾病或遇交通事故、医疗事故等突发事件致无力支付自费医疗费用的可提取，额度不超过个人实际支付的医疗费用。,,
沈阳,辽宁省,提取,既提又贷,支持,2026年可提取公积金支付首付款并同时申请公积金贷款，预提取余额不影响本次贷款额度计算；现金提取后无未结清公积金贷款的，可申请非同一房产公积金贷款。,,
沈阳,辽宁省,提取,首付直付,支持,2026年阶段性政策支持申请公积金贷款时预提取账户余额支付首付款，提取资金与公积金贷款资金一并划转至开发企业与中心约定的银行账户，合计不超尚未支付的首付。,,
沈阳,辽宁省,提取,代际互助,支持,2026年缴存人父母、子女可互助提取支付首付款（限沈阳行政区域内购房，提取办理截至2027年2月28日）；6月起父母子女可作共同申请人合并计算贷款额度并提取偿还。,,
沈阳,辽宁省,提取,按月冲还商贷,有条件支持,仅限指定合作银行（建行、工行、农行、中行、盛京、交行、浦发、招行等），且须先以按年提取方式办理过同一房产后方可签约 沈阳支持委托按月提取偿还商贷，签订协议后每月自动将公积金划转至指定储蓄账户。仅限指定合作银行，且须先以按年提取方式办理过同一房产后方可签约；'年提''月提'二选一。,,
沈阳,辽宁省,提取,物业费提取,支持,缴存人及配偶拥有自住住房且当年未因其他住房消费提取过公积金，可申请提取支付物业费。额度按面积核定：90㎡及以下夫妻合计≤2000元/年，90㎡以上≤3000元/年；每年限一套房一次。有未结清沈阳公积金贷款者不可提取。房产不限本地，支持异地自有住房（异地房产须线下办）。要件为身份证、结婚证、购房合同或不动产权证、指定银行一类卡，可联网核查的免提交。,,
沈阳,辽宁省,提取,住房装修提取,有条件支持,沈阳未开放面向全部自住住房的普通全屋装修提取，仅有两类限定场景：一是新建毛坯商品住房“适居性改造”，全款或商贷购买新建毛坯房且无未结清公积金贷款的，自购房起两年内可申请一次，按2000元/㎡核定、夫妻合计≤10万元（亦可申办适居性改造贷款）；二是居家适老化或适儿化改造，家中有65周岁以上父母或3周岁以下同住子女、三年内未提取过的，每户一次性≤1万元。 沈阳未开放面向全部自住住房的普通全屋装修提取，仅有两类限定场景：一是新建毛坯商品住房“适居性改造”，全款或商贷购买新建毛坯房且无未结清公积金贷款的，自购房起两年内可申请一次，按2000元/㎡核定、夫妻合计≤10万元（亦可申办适居性改造贷款）；二是居家适老化或适儿化改造，家中有65周岁以上父母或3周岁以下同住子女、三年内未提取过的，每户一次性≤1万元。,,
沈阳,辽宁省,缴存-灵活就业,支持,,沈阳市住房公积金管理中心《关于印发〈沈阳灵活就业人员住房公积金缴存使用管理暂行办法〉的通知》（2024-07-29）；另2025年5月《沈阳市灵活就业人员参加住房公积金制度试点实施方案》（沈政办发〔2025〕5号）,https://sygjj.shenyang.gov.cn/zwgknew/fdzdgknr/zxwj_1/202408/t20240805_4711214.html,2024-07
沈阳,辽宁省,缴存-缓缴,支持,,沈阳市住房公积金管理中心《关于进一步优化住房公积金对生产经营困难企业缴存支持政策的通知》（2024-02-06）及2026-07解读,https://sygjj.shenyang.gov.cn/zwgknew/fdzdgknr/zxwj_1/202402/t20240206_4603595.html,2024-02
大连,辽宁省,贷款,单双职工额度差异,支持,,https://www.dl.gov.cn/vipchat/home/site/29/1247,政府网站
大连,辽宁省,贷款,首套二套额度差异,不支持,,https://m.dl.bendibao.com/mip/44744.shtm,其他新闻
大连,辽宁省,贷款,绿色建筑上浮,支持,,https://www.dl.gov.cn/vipchat/home/site/29/1247,政府网站
大连,辽宁省,贷款,二孩家庭上浮,支持,,https://www.dl.gov.cn/vipchat/home/site/29/1247,政府网站
大连,辽宁省,贷款,三孩家庭上浮,支持,,https://www.dl.gov.cn/vipchat/home/site/29/1247,政府网站
大连,辽宁省,贷款,人才青年上浮,支持,,https://gjj.dl.gov.cn/art/2026/7/31/art_5552_2349782.html,政府网站
大连,辽宁省,贷款,家庭共享额度代际互助,有条件支持,父母子女须作为共同借款人且为所购住房产权人方可共享额度,https://gjj.dl.gov.cn/art/2026/5/10/art_5552_2511402.html,政府网站
大连,辽宁省,贷款,商转公,支持,,https://gjj.dl.gov.cn/art/2026/5/10/art_5552_2511402.html,政府网站
大连,辽宁省,贷款,最长贷龄30年,支持,,https://gjj.dl.gov.cn/art/2026/5/10/art_5552_2511402.html,政府网站
大连,辽宁省,提取,购房一次性提取,支持,购买拥有所有权自住住房，自合同备案登记或取得不动产权证书之日起职工及配偶可提取一次，家庭提取总额不超过购房款总额；2026年5月11日起取消与其他情形间隔12个月限制。,,
大连,辽宁省,提取,租房提取限额,支持,租住商品住房年最高提取额21600元；旅顺口、金州、长海网点18000元/年；普兰店、瓦房店、庄河网点13200元/年；新市民、青年人、多子女、备案及保障性租赁住房按实际房租。,,
大连,辽宁省,提取,多孩租房上浮,支持,养育未成年二孩及以上子女的多子女家庭，凭无房证明、租赁备案证明、子女身份证明及多子女家庭关系证明，可按当年实际房租支出提取，不设最高提取限额。,,
大连,辽宁省,提取,加装电梯提取,支持,出资为拥有所有权的大连市行政区域内既有住宅加装电梯，竣工验收合格后职工及配偶可提取一次，额度不超分摊自筹建设资金扣除住宅专项维修资金部分；2026年扩至电梯更新改造。,,
大连,辽宁省,提取,车位购置提取,不支持,现行办法列举的十六项提取情形中无购买车位或车库，且明确购买规划用途为办公、商业、工业、公共配套等非住宅用房不得提取，车位不在可提取范围。,,
大连,辽宁省,提取,大病救助提取,支持,本人、配偶或未成年子女患市政府公布的社会就医救助范围所列重大疾病，职工及配偶可多次提取，每次额度不超过当期医疗费用中自费部分，每张医疗费用凭证只可使用一次。,,
大连,辽宁省,提取,既提又贷,有条件支持,支付购房首付款提取可与公积金贷款同步办理；但以贷款方式购房的，购房提取与还贷提取两种情形只能二选一。 办法明确首付款提取后可再次以所购房屋按购房或还贷情形提取、不受间隔限制；2026年通知规定贷款放款后未提过首付的可再补提一次，合计不超首付款金额。,,
大连,辽宁省,提取,首付直付,支持,购买本市国有土地上新建商品住房，职工及配偶可提取一次支付首付款，资金直接划转至开发企业已备案的资金监管账户；2026年5月11日起再交易住房首付款划至贷款交易收款账户。,,
大连,辽宁省,提取,代际互助,有条件支持,提取限职工本人及配偶，两代以内直系亲属作为共同购房人时可按所占份额提取；父母、子女可依《大连市住房公积金管理若干规定》第十五条共同申请公积金贷款。 办法第九条规定借款人与房屋所有权人为本人、配偶或两代以内直系亲属关系的可申请提取，非此类关系人不能提取；加装电梯提取未开放父母子女互助。,,
大连,辽宁省,提取,按月冲还商贷,有条件支持,仅限大连市行政区域内自住住房商业贷款，且贷款银行须为工行、农行、中行、建行、交行、中信、招行、兴业等指定银行之一 大连自2026年5月10日起增加按月扣划方式偿还大连市个人住房商业贷款，签约后每月于还款日从公积金账户扣划资金冲抵商贷月供。仅限大连市行政区域内自住住房商贷，且须为指定8家银行之一。,,
大连,辽宁省,提取,物业费提取,不支持,大连市住房公积金管理中心2026年5月26日在市政协第0408号提案答复中明确：《住房公积金管理条例》规定购买、建造、翻建、大修自住住房方可提取，“暂不支持提取公积金支付物业费”，待国家出台相应支持政策后第一时间贯彻落实。2026年5月11日实施的提取优化新政共七项，内容为取消提取时间间隔、支持再交易住房首付款提取、增加按月扣划还商贷等，未纳入物业费场景。,,
大连,辽宁省,提取,住房装修提取,不支持,大连执行《大连市住房公积金提取管理办法》（大房金管发[2018]1号），中心官网政策解读明确“住房公积金用于购买、建造、翻建、大修城镇自住普通住房，所以房屋装修不能提取公积金”。现行相关情形仅建造、翻建、大修自住住房，其中大修须提供房屋危险性鉴定为C级或D级的房屋安全鉴定报告，另有既有住宅加装电梯、老旧电梯更新提取。2026年5月提取优化新政未涉及装修。,,
大连,辽宁省,缴存-灵活就业,支持,,大连市住房公积金管理中心《大连市灵活就业人员参加住房公积金制度管理办法》（大房金管规发〔2024〕6号，2024-06-28）,https://gjj.dl.gov.cn/art/2024/6/28/art_5552_2336476.html,2024-06
大连,辽宁省,缴存-缓缴,支持,,大连市住房公积金管理中心《大连市住房公积金缴存管理办法》（大房金管规发〔2024〕1号，2024-05-01）第二十九条,https://gjj.dl.gov.cn/art/2024/5/1/art_5552_2325602.html,2024-05
长春,吉林省,贷款,单双职工额度差异,支持,有共同借款人单笔最高100万元、无共同借款人80万元,https://bsfw.zfgjj.changchun.gov.cn/hdjl/index_45.jhtml,政府网站
长春,吉林省,贷款,首套二套额度差异,不支持,最高额度未区分首套与二套（均按有/无共同借款人100万/80万，仅首付比例、利率不同）,https://bsfw.zfgjj.changchun.gov.cn/hdjl/index_45.jhtml,政府网站
长春,吉林省,贷款,绿色建筑上浮,支持,购买一星级及以上绿色建筑标识住房，单笔最高额度上浮30%,https://jingji.cctv.com/2025/09/28/ARTIqPjYMVKCJSezT9gKJSBD250928.shtml,官媒
长春,吉林省,贷款,二孩家庭上浮,支持,二孩及以上多子女家庭单笔最高额度上浮40%,https://bsfw.zfgjj.changchun.gov.cn/hdjl/index_45.jhtml,政府网站
长春,吉林省,贷款,三孩家庭上浮,支持,三孩含于二孩及以上多子女家庭，单笔最高额度上浮40%,https://bsfw.zfgjj.changchun.gov.cn/hdjl/index_45.jhtml,政府网站
长春,吉林省,贷款,人才青年上浮,支持,省内高校、职校毕业两年内申请贷款不受余额倍数限制；新市民青年人高层次人才等享上浮,http://zfgjj.changchun.gov.cn/hdjl/lywd/202507/t20250714_3414871.html,政府网站
长春,吉林省,贷款,家庭共享额度代际互助,支持,2025.3.17至2026.12.31代际互助提取，子女及双方父母名下住房可提取,http://zfgjj.changchun.gov.cn/wsfw/ywzn/tq/202503/t20250317_3386907.html,政府网站
长春,吉林省,贷款,商转公,支持,开办商转公贷款业务，额度不超原商贷本金余额,http://zfgjj.changchun.gov.cn/hdjl/lywd/202507/t20250714_3414871.html,政府网站
长春,吉林省,贷款,最长贷龄30年,支持,住房公积金贷款期限最长30年,https://bsfw.zfgjj.changchun.gov.cn/hdjl/index_45.jhtml,政府网站
长春,吉林省,提取,购房一次性提取,支持,购买拥有所有权自住住房可一次性提取，提取额不超过实际支付的购房款；再交易住房须自不动产权证登记满半年后申请，新建住房自满足提取条件之日起申请。,,
长春,吉林省,提取,租房提取限额,支持,缴存地为长春市区的，职工及配偶每年限额2.4万元；公主岭、九台、双阳、榆树、农安、德惠及铁路电力分中心下辖分理处为1.8万元。公租房可按实际房租据实提取。,,
长春,吉林省,提取,多孩租房上浮,支持,多子女家庭租房提取额度上浮：长春市区由2.4万元提高至2.7万元，公主岭等县市由1.8万元提高至2.1万元；提供租赁备案的还可按实际房租支出提取。,,
长春,吉林省,提取,加装电梯提取,支持,支付既有住宅加装电梯费用可提取，额度不超每户分摊的电梯建设费用实际出资额，财政补贴及运行、保养、维修费不计入，须在使用登记证下发24个月内一次性提取。,,
长春,吉林省,提取,车位购置提取,不支持,长春公积金中心答复暂无购置车位提取政策、无针对车库的提取业务，购买车位、车库均不在现行12类提取情形范围内，后续如有调整将通过中心官网发布。,,
长春,吉林省,提取,大病救助提取,支持,本人、配偶、子女或父母患城乡医疗救助范围内重大疾病且住院治疗，家庭收入低于规定标准 重大疾病列入突发事件民生提取，须在事件发生12个月内申请，提取额不超个人实际付费金额；需单位出具家庭困难证明，夫妻月缴存基数合计5000元以下。,,
长春,吉林省,提取,既提又贷,支持,贷款购买新建商品住房可同时申请公积金贷款并提取账户余额支付首付款；已办委托直付首付款的，不影响申请市公积金贷款时账户余额之和30倍的倍数计算。,,
长春,吉林省,提取,首付直付,支持,2025年1月1日至2026年12月31日，在吉林省行政区域内贷款购买新建商品住房可办委托直付，中心将余额直接划转至开发企业预售资金监管账户或备案基本账户。,,
长春,吉林省,提取,代际互助,有条件支持,2025年3月17日至2026年12月31日期间购买新建自住住房，可就子女、夫妻双方父母名下住房提取 阶段性代际互助：职工可就子女、夫妻双方父母名下新建自住住房申请提取，无需共有产权；全款的合计不超购房款，贷款的合计不超实际支付的首付款。,,
长春,吉林省,提取,按月冲还商贷,有条件支持,须为与中心联网可查询商贷数据的合作银行（工行、农行、中行、建行、吉林银行、交行、光大银行及长春省直等），并授权中心查询；商贷正常还款满2个月后签约《约定提取协议书》，次月起按月自动提取。 长春市开通商贷约定提取服务：职工（含配偶）偿还商贷期间，经借款人授权且贷款数据可由合作机构联网查询的，可签订协议，中心依据上月实际还款情况于次月每月自动提取公积金至本人账户。非合作银行无法办理按月委提。,,
长春,吉林省,提取,物业费提取,支持,依据《关于调整住房公积金使用政策的通知》(长住金管规字〔2026〕1号，2026-03-01施行)新增物业费提取：本人/配偶名下有吉林省内已取得不动产权证自住住房，每12个月可提一次。长春市区每套≤3000元/年，榆树、农安、德惠、九台、双阳、公主岭及省内其他地区≤2000元/年；须12个月内无提取记录，未提足不补提。2026-06《优化调整通知》(2号)取消与其他提取的间隔限制。,,
长春,吉林省,提取,住房装修提取,不支持,长春市住房公积金管理中心官方答复：目前我市暂无装修提取相关政策。现行提取仅含建造、翻建、大修自住住房（大修须房屋安全鉴定为C/D级危房），普通装修不在范围。国家条例自2026-09-20将装修纳入，本地细则待出。,,
长春,吉林省,缴存-灵活就业,支持,,长春市灵活就业人员住房公积金缴存使用管理办法,http://zfgjj.changchun.gov.cn/xxfb/zcfg/zcwj/202309/t20230905_3224230.html,2023-09-12
长春,吉林省,缴存-缓缴,支持,处于停产/半停产、经批准缓缴养老和失业保险费、或其他缴存确有困难情形的单位，经职代会或工会通过、中心审核、管委会批准后可缓缴。,长春市住房公积金归集管理办法,http://zfgjj.changchun.gov.cn/xxfb/zcfg/zcwj/202503/t20250324_3388611.html,2025-03-24
吉林市,吉林省,贷款,单双职工额度差异,支持,单职工70万元、双职工90万元（2025年10月）；2026年6月起提至80万/100万,https://gjj.jlcity.gov.cn/zcfg/gfxwj/202510/t20251020_1291412.html,政府网站
吉林市,吉林省,贷款,首套二套额度差异,不支持,最高贷款额度不区分首套/二套，仅利率与首付比例有差异,https://gjj.jlcity.gov.cn/zcfg/gfxwj/202510/t20251020_1291412.html,政府网站
吉林市,吉林省,贷款,绿色建筑上浮,支持,购买“好房子”、一星级及以上绿色住宅，最高额度上浮30%（2026年6月起上浮40%）,https://gjj.jlcity.gov.cn/zcfg/gfxwj/202510/t20251020_1291412.html,政府网站
吉林市,吉林省,贷款,二孩家庭上浮,支持,生育抚养二孩及以上多子女家庭，最高额度上浮40%（2025年10月）,https://gjj.jlcity.gov.cn/zcfg/gfxwj/202510/t20251020_1291412.html,政府网站
吉林市,吉林省,贷款,三孩家庭上浮,支持,多子女家庭（含三孩）最高额度上浮40%,https://gjj.jlcity.gov.cn/zcfg/gfxwj/202510/t20251020_1291412.html,政府网站
吉林市,吉林省,贷款,人才青年上浮,支持,来（留）吉创业就业高校毕业生或符合吉林省人才分类定级标准，最高额度上浮30%（不受余额倍数限制）,https://gjj.jlcity.gov.cn/zcfg/gfxwj/202510/t20251020_1291412.html,政府网站
吉林市,吉林省,贷款,家庭共享额度代际互助,支持,购房人子女、夫妻双方父母可代际互助提取公积金支付房款/首付款,https://gjj.jlcity.gov.cn/bszn/tqyw/202606/t20260602_1323856.html,政府网站
吉林市,吉林省,贷款,商转公,支持,已出台商转公贷款管理办法，支持先还后贷、顺位抵押,https://gjj.jlcity.gov.cn/bszn/dkyw/202606/t20260602_1323829.html,政府网站
吉林市,吉林省,贷款,最长贷龄30年,支持,贷款期限最长不超过30年,https://gjj.jlcity.gov.cn/zcfg/gfxwj/202510/t20251020_1291412.html,政府网站
吉林市,吉林省,提取,购房一次性提取,支持,全款购买新建商品房或二手房可一次性提取，取消两年内提取时限；提取额不超增值税发票或契税计税金额，与父母子女共有产权的按产权比例确定。,,
吉林市,吉林省,提取,租房提取限额,支持,租住商品住房的，职工12个月内累计提取不超其实际月缴存额50%的12倍；租住公租房的，每次不超实际月租支出金额的12倍，每12个月提取一次。,,
吉林市,吉林省,提取,多孩租房上浮,支持,多子女家庭（养育两个及以上子女）与青年人、新市民同档，12个月累计提取上限为实际月缴存额的12倍，较普通职工的月缴存额50%的12倍提高一倍。,,
吉林市,吉林省,提取,加装电梯提取,支持,职工家庭或双方父母既有住宅加装电梯，自电梯竣工验收之日起可一次性提取，提取总额不超加装电梯费用中个人实际支出金额，运行维护维修费不含在内。,,
吉林市,吉林省,提取,车位购置提取,有条件支持,2026年6月1日至2027年12月31日，在吉林市行政区域内购买自住住房时配套购买车库（位） 无产权登记车库（位）的夫妻合计不超3万元，有产权登记的不超税收完税证明载明的购置金额；一套住房仅支持一处，有效期至2027年12月31日。,,
吉林市,吉林省,提取,大病救助提取,支持,归入“其他突发事件”，应对突发事件的自负费用支出超出家庭承受能力导致生活严重困难 家庭成员（配偶、双方父母、子女）可自突发事件发生之日起12个月内申请提取，总额不超应对突发事件实际支付金额；2025年细则未单列重大疾病病种。,,
吉林市,吉林省,提取,既提又贷,支持,2024年10月1日之后贷款购买自住住房的，可提取账户余额支付购房首付款并同时申请公积金贷款，提取首付款金额与贷款金额之和不超住房总购房款。,,
吉林市,吉林省,提取,首付直付,不支持,吉林市首付款提取须在购房贷款发放后一次性办理，属先放款后提取的报销式提取，未开通将公积金余额直接划转至开发企业账户的直付首付业务。,,
吉林市,吉林省,提取,代际互助,支持,2026年6月1日起，购房人本人及配偶账户余额不足时，其子女、夫妻双方父母可自愿申请一次性提取；全款的不超总购房款，贷款的不超首付款，至2027年底。,,
吉林市,吉林省,提取,按月冲还商贷,支持,吉林市住房公积金支持签订'个人商业性按揭贷款委托提取协议'，职工签约后中心按月从公积金账户扣划并划转至约定账户用于偿还商贷本息。,,
吉林市,吉林省,提取,物业费提取,支持,依据《关于调整住房公积金使用政策的通知》(吉市公积金管规〔2026〕3号，2026-06-01施行)第9条：本人/配偶在吉林省行政区域内拥有自住住房，每自然年度可就一套住房提取一次补贴物业费，夫妻双方每年合计≤3000元，有效期至2031-05-31。无需物业费发票，携产权证或备案合同即可办理。,,
吉林市,吉林省,提取,住房装修提取,不支持,吉林市现行提取业务仅含建造、翻建、大修自住住房（大修须C/D级危房鉴定），普通装修不在范围。吉市公积金管规〔2026〕3号未列装修；3月优化政策仅扩至维修资金、契税、老旧房自主更新/原拆原建，无普通装修提取。国家条例9-20将装修纳入，本地细则待出。,,
吉林市,吉林省,缴存-灵活就业,支持,,吉林市住房公积金管理委员会—《吉林市灵活就业人员住房公积金缴存使用管理办法》（吉市公积金管规〔2025〕1号）,https://gjj.jlcity.gov.cn/zcfg/gfxwj/202504/t20250401_1259007.html,2025-04-01起施行
吉林市,吉林省,缴存-缓缴,支持,,吉林市人民政府—《吉林市住房公积金归集管理办法》（吉市公积金管规〔2025〕3号）,https://www.jlcity.gov.cn/zw/tzgg/202504/W020250425352759662747.pdf,2025-05-01起施行
通化,吉林省,贷款,单双职工额度差异,支持,无共同申请人50万元、有共同申请人单笔70万元,https://www.jlmhk.com/article/17104.html,其他新闻
通化,吉林省,贷款,首套二套额度差异,不支持,最高贷款额度不区分首套/二套，仅利率与套数认定标准有差异,https://www.jlmhk.com/article/17104.html,其他新闻
通化,吉林省,贷款,绿色建筑上浮,支持,购买“好房子”“绿色建筑”最高额度上浮（单人55万/夫妻80万）,https://www.jlmhk.com/article/17104.html,其他新闻
通化,吉林省,贷款,二孩家庭上浮,支持,多子女家庭（二孩及以上）最高额度上浮20%（单笔84万）,https://www.jlmhk.com/article/17104.html,其他新闻
通化,吉林省,贷款,三孩家庭上浮,支持,多子女家庭（含三孩）最高额度上浮20%,https://www.jlmhk.com/article/17104.html,其他新闻
通化,吉林省,贷款,人才青年上浮,支持,人才（学子归巢/特殊人才/高校毕业生）及新市民、青年人最高额度上浮（青年上浮10%至单笔77万）,https://www.jlmhk.com/article/17104.html,其他新闻
通化,吉林省,贷款,家庭共享额度代际互助,支持,子女、夫妻双方父母可作共同还款人/共同申请人；房屋全部产权人可共同申请,https://www.jlmhk.com/article/17104.html,其他新闻
通化,吉林省,贷款,商转公,支持,本地缴存职工可办理（不含异地缴存职工），支持顺位抵押,https://hrlib.ciic-cloud.cn/news/info?id=01hrdywbtwfggzc8zh0babk56n,其他新闻
通化,吉林省,贷款,最长贷龄30年,支持,贷款最长年限最长30年,https://www.jlrd.gov.cn/jlsjk/202311/P020231102757575894268.pdf,政府网站
通化,吉林省,提取,购房一次性提取,支持,未贷款购买商品房或再交易房的，房屋所有权人及配偶可在取得契税完税凭证起两年内申请一次，提取总额不超房屋总价款，储藏室、地下室、车位费及装修款不计入。,,
通化,吉林省,提取,租房提取限额,支持,本市行政区域内无自有住房且连续足额缴存满3个月的，可按月提取，提取金额为每月1200元；单次提取期限最长不超过12个月，租房期间仅限一套房屋。,,
通化,吉林省,提取,多孩租房上浮,支持,多子女、新市民、青年人职工申请租房提取的，提取金额上限提高至每月1500元，较普通职工每月1200元的标准上浮25%；多子女指家庭有两个及以上子女。,,
通化,吉林省,提取,加装电梯提取,不支持,通化2025年细则第四条列举的9类提取情形不含既有住宅加装电梯，第七条亦无对应办理规范；吉林省住建厅2026年提出支持加装电梯提取，通化尚未落地配套细则。,,
通化,吉林省,提取,车位购置提取,不支持,通化现行提取范围仅9类情形，不含购买车位、车库；细则还明确购房、建修房的提取总额度均不含储藏室、地下室、车位费用，车位支出不能计入提取基数。,,
通化,吉林省,提取,大病救助提取,不支持,通化2025年细则第四条列举的提取情形为购房建修、还贷、租房、离退休、出境定居、死亡、丧失劳动能力、解除劳动关系、账户冻结9类，未纳入重大疾病或突发事件。,,
通化,吉林省,提取,既提又贷,支持,2026年3月23日起，在通化市行政区域内购房并办理贷款（商转公除外）且贷款尚未结清的，房屋所有权人可在贷款发放后一次性提取，同一笔贷款仅可提取一次。,,
通化,吉林省,提取,首付直付,不支持,通化首付款提取明确须在贷款发放后由房屋所有权人一次性申请，属先放款后报销式提取；未见将公积金余额直接划转至开发企业账户的直付首付渠道。,,
通化,吉林省,提取,代际互助,有条件支持,提取环节不支持代际互助；贷款环节缴存人可作为子女、夫妻双方父母公积金贷款的共同还款人 提取仅限房屋所有权人（含配偶）办理，父母子女不能互用购房提取额度；但缴存人经书面同意可增加为子女、双方父母未结清公积金贷款的共同还款人，协助对冲还款。,,
通化,吉林省,提取,按月冲还商贷,不支持,通化市偿还商业性个人住房贷款须正常还款一期后'每年可提取一次'，无按月提取；按月对冲（冲还贷）业务仅适用于本地住房公积金贷款，商贷不支持按月冲还。,,
通化,吉林省,提取,物业费提取,支持,通化市2026提取新政(关于优化调整…通知2026-03-17、关于调整…通知2026-04-29)：缴存人在通化市(含梅河口市)拥有产权登记自住住房，每人每年可就一套提一次，年度定额每套最高2000元；未提足不补提，当年已办的新产权人须次年申请；有未结清公积金贷款暂不能办。材料：身份证、Ⅰ类卡、购房合同或不动产权证。,,
通化,吉林省,提取,住房装修提取,不支持,通化市现行提取范围(通房金管字〔2025〕18号细则)仅含购买、建造、翻建、大修及租房、退休等，不含普通装修；2026新增提取仅为物业费、维修资金、契税，亦无装修。仅建造/翻建/大修(大修须C/D级危房)可提，普通装修不可。国家条例9-20纳入，本地细则待出。,,
通化,吉林省,缴存-灵活就业,支持,,通化市住房公积金管理中心—《通化市灵活就业人员住房公积金管理办法》,https://gjj.tonghua.gov.cn/detail/content?url=detail&id=1b0cf8640946428bbbb73240ad3a2632,2025-03-24（试行）；2026-03-20修订重新发布
通化,吉林省,缴存-缓缴,支持,,通化市人民政府—《通化市住房公积金归集管理实施细则》,http://xxgk.tonghua.gov.cn/zsjg/jdj/xbxxgkml_13734/202507/t20250716_745887.html,2025-07
哈尔滨,黑龙江省,贷款,单双职工额度差异,支持,单缴存职工最高80万元、双缴存职工最高100万元,https://www.hrbgjj.org.cn/tzgg/2304.jhtml,政府网站
哈尔滨,黑龙江省,贷款,首套二套额度差异,支持,二套住房首付比例20%,https://m.heb.bendibao.com/mip/39997.shtm,其他新闻
哈尔滨,黑龙江省,贷款,绿色建筑上浮,有条件支持,仅哈尔滨新区超低能耗建筑可上浮,http://songbei.gov.cn/hebsbq/caxx/202209/c01_799415.shtml,政府网站
哈尔滨,黑龙江省,贷款,二孩家庭上浮,支持,多子女家庭贷款额度上浮30%（单104万/双130万）,https://www.hrbgjj.org.cn/tzgg/2304.jhtml,政府网站
哈尔滨,黑龙江省,贷款,三孩家庭上浮,支持,多子女家庭含三孩统一上浮30%,https://www.hrbgjj.org.cn/tzgg/2304.jhtml,政府网站
哈尔滨,黑龙江省,贷款,人才青年上浮,支持,A/B类高层次人才贷款额度2倍,https://www.hrbgjj.org.cn/tzgg/2304.jhtml,政府网站
哈尔滨,黑龙江省,贷款,家庭共享额度代际互助,支持,允许父母子女代际互助,https://www.hrbgjj.org.cn/zxwj/2333.jhtml,政府网站
哈尔滨,黑龙江省,贷款,商转公,支持,允许商业贷款转公积金贷款,https://www.hrbgjj.org.cn/tzgg/2077.jhtml,政府网站
哈尔滨,黑龙江省,贷款,最长贷龄30年,支持,最长贷款期限可达30年,https://www.hrbgjj.org.cn/tzgg/2304.jhtml,政府网站
哈尔滨,黑龙江省,提取,购房一次性提取,支持,购买、建造、翻建、大修自住住房的，每套住房产权人及其配偶可分别提取一次；购买的不超实际支付购房款，建修的不超实际支出，大修须C级或D级危房鉴定。,,
哈尔滨,黑龙江省,提取,租房提取限额,支持,租住商品住房的，市区（含呼兰、阿城、双城）限额26400元/年，县（市）19200元/年；租住公租房和保障性租赁住房的，提取金额不超实际房租支出。,,
哈尔滨,黑龙江省,提取,多孩租房上浮,支持,2021年10月29日后生育二孩及以上的家庭，租房提取限额上浮50%：市区每户39600元/年、县（市）28800元/年；新市民、青年人可全额提取当年缴存额。,,
哈尔滨,黑龙江省,提取,加装电梯提取,支持,职工家庭参与老旧小区加装电梯项目且实施单位在公积金中心备案登记的，可分次提取，提取金额不超实际出资部分，省办法规定额度不超分摊费用。,,
哈尔滨,黑龙江省,提取,车位购置提取,不支持,哈市明确住房装修以及购买或租赁办公用房、商业用房、车库等非自住住房均不得提取住房公积金；省级办法与2024年细则的提取范围亦未纳入车位。,,
哈尔滨,黑龙江省,提取,大病救助提取,支持,缴存人本人或配偶、父母、子女患重大疾病的，可提取本人及配偶公积金；自支付医疗费之日起一年内申请，上下半年各一次，不超个人负担的医疗费用。,,
哈尔滨,黑龙江省,提取,既提又贷,支持,官方推出“既提又贷”政策，缴存人及配偶在本市以公积金贷款购买新建商品住房，可申请提取公积金支付首付款，实现“提贷同步”，不影响贷款额度核算。,,
哈尔滨,黑龙江省,提取,首付直付,不支持,哈市首付提取在签订公积金贷款合同后至放款前办理，提取资金支付至缴存人本人关联卡，非直接划转至开发企业账户，仍属先垫付后提取的模式。,,
哈尔滨,黑龙江省,提取,代际互助,支持,实行代际互助，缴存人在本市行政区域内购买自住住房，其配偶、父母、子女均可申请提取各自的公积金账户余额，提取总额不得超过实际购房支出。,,
哈尔滨,黑龙江省,提取,按月冲还商贷,支持,哈尔滨住房公积金管理中心开通委托按月提取公积金偿还本市商业银行住房贷款业务。缴存职工签订《委托按月提取公积金协议书》后，中心每月按约定日期和额度自动提取并划转至约定银行卡。适用建行、工行、中行、哈行、农行、交行、兴业、招行、中信、民生、广发、华夏、浦发、邮储等本市商贷。,,
哈尔滨,黑龙江省,提取,物业费提取,未确认,截至2026-08-28，哈尔滨市住房公积金管理中心尚未出台物业费提取本地细则。中心表示正抓紧研究制定装修、物业费提取细则，确保随《住房公积金管理条例》修订决定(2026-09-20施行)按期落地。国家已授权，本地额度频次待定，暂不可按本地政策办理。,,
哈尔滨,黑龙江省,提取,住房装修提取,未确认,截至2026-08-28，哈尔滨公积金中心未出台装修提取本地细则，正抓紧研究制定，确保随国家条例(2026-09-20施行)落地。本地装修提取细则待出，暂不可办理；国家条例已将装修自住住房纳入提取情形。,,
哈尔滨,黑龙江省,缴存-灵活就业,支持,,哈尔滨住房公积金管理中心关于优化个人转移接续和扩大灵活就业人员缴存公积金范围的通知,https://www.hrbgjj.org.cn/zxwj/2041.jhtml,2023-03-12
哈尔滨,黑龙江省,缴存-缓缴,支持,缴存住房公积金确有困难的单位，经职代会或工会讨论通过、中心审核、管委会批准后即可缓缴。,黑龙江省政务服务网——单位缓缴公积金如何办理,https://12345.zwfw.hlj.gov.cn/hljbmfw-wsbsdt/website/pages/communicate/communicateDetail?id=a4a6182e-3b80-4811-8831-03d3df02a1ba&index=414&wd=,2024
大庆,黑龙江省,贷款,单双职工额度差异,支持,贷款额度按账户余额30倍计算，单缴存与双缴存因合计余额不同额度有差异；高层次人才/本科毕业生单方最高70万元,https://www.jiangongdata.com/wenku/6164.html,其他新闻
大庆,黑龙江省,贷款,首套二套额度差异,不支持,首套、二套最低首付比例统一20%，贷款额度计算方式相同,https://www.jiangongdata.com/wenku/6164.html,其他新闻
大庆,黑龙江省,贷款,绿色建筑上浮,未检索到,未检索到公开来源,,空
大庆,黑龙江省,贷款,二孩家庭上浮,支持,多子女家庭贷款额度上浮（大庆市征求意见稿支持提高公积金额度及多子女家庭）,https://www.jiangongdata.com/wenku/6164.html,其他新闻
大庆,黑龙江省,贷款,三孩家庭上浮,支持,二孩及以上家庭（含三孩）贷款额度上浮,https://www.jiangongdata.com/wenku/6164.html,其他新闻
大庆,黑龙江省,贷款,人才青年上浮,支持,高层次人才贷款额度提高至账户余额40倍、最高70万元；毕业5年内本科最高70万元,https://www.jiangongdata.com/wenku/6164.html,其他新闻
大庆,黑龙江省,贷款,家庭共享额度代际互助,支持,父母、子女缴存公积金的可作为共同申请人共同提出贷款申请,https://www.jiangongdata.com/wenku/6164.html,其他新闻
大庆,黑龙江省,贷款,商转公,支持,商转公分先还后贷和带押直转两种方式,https://www.jiangongdata.com/wenku/6164.html,其他新闻
大庆,黑龙江省,贷款,最长贷龄30年,支持,借款申请人贷款期限不得超过30年，且到期日不超法定退休后5年,https://www.jiangongdata.com/wenku/6164.html,其他新闻
大庆,黑龙江省,提取,购房一次性提取,支持,购买自住住房未办公积金贷款的，取得不动产权证书一年内本人及配偶可分次提取，也可一次性提取，累计不超房屋核定总价；已变更产权或重复交易的不能再次提取。,,
大庆,黑龙江省,提取,租房提取限额,支持,2026年上调后，市区每年每户最高2.2万元、县区1.8万元；公租房按当期发票实际租金支付额度提取，新市民租房可按实际支付租金提取，可按月、季、年申请。,,
大庆,黑龙江省,提取,多孩租房上浮,支持,多子女家庭在本市无自有住房且租赁住房的，可按实际房租提取住房公积金，不受年度限额约束；需提供实际房租的增值税发票、身份证明及多子女户口本证明。,,
大庆,黑龙江省,提取,加装电梯提取,支持,提取关系人含本人、配偶、双方父母及子女；自取得建设项目证明材料、分摊费用发票之日起一年内申请，加装电梯提取额度不超分摊费用，每套住房只能提取一次。,,
大庆,黑龙江省,提取,车位购置提取,不支持,大庆提取范围未纳入购买车位、车库，省级办法列举的提取情形中亦无车位，车位支出不能计入购房提取额度；2026年装修、车位等新提取情形在大庆尚未落地。,,
大庆,黑龙江省,提取,大病救助提取,支持,本人及配偶患重大疾病可提取，早期执行9种重病大病范围；2025年公开口径扩至35种病种，本人或配偶、父母、子女患病均可申请，额度不超个人负担的医疗费用。,,
大庆,黑龙江省,提取,既提又贷,支持,实行“提贷同步”“既提又贷”，缴存人在本市购买自住住房可先提取公积金账户余额，不足部分再申请公积金贷款，一次办结；购房提取后无需等资金到账即可申贷。,,
大庆,黑龙江省,提取,首付直付,支持,增加网签合同提取渠道，购房人可按本市网签《商品房买卖合同》约定的付款方式，选择“直付开发商”，将提取的公积金直接拨付房地产开发企业账户。,,
大庆,黑龙江省,提取,代际互助,支持,贷款环节父母、子女可作为共同申请人，不受同户限制；提取环节同一户籍的父母、子女可就共有产权住房提取。2025年已有113户家庭通过代际互助申请贷款。,,
大庆,黑龙江省,提取,按月冲还商贷,支持,大庆市推出住房公积金'无感提取'业务，职工一次签约后，中心按月定时将公积金账户余额无感划转至还款卡用于偿还商贷本息，实现按月冲还。,,
大庆,黑龙江省,提取,物业费提取,未确认,"截至2026-08-28，大庆市住房公积金管理中心未出台物业费提取本地细则。中心经""百湖民声""问政平台答复装修及物业费提取""9月20日执行""，即随《住房公积金管理条例》修订决定(2026-09-20)落地，本地无具体额度频次，待9-20起施行。",,
大庆,黑龙江省,提取,住房装修提取,未确认,"同物业费：大庆公积金中心答复装修及物业费提取""9月20日执行""(随国家条例2026-09-20落地)，本地无单独装修提取细则，暂不可办理；国家条例已将装修自住住房纳入提取情形。",,
大庆,黑龙江省,缴存-灵活就业,有条件支持,需本市户口本（四县及外地提供居住证）；男18-60周岁、女18-50周岁,大庆市人民政府—市长信箱回复“关于个人开户缴存公积金”,https://www.daqing.gov.cn/daqing/c100614/202606/c05_413244.shtml,2026-06
大庆,黑龙江省,缴存-缓缴,支持,,大庆市人民政府—《大庆市应对疫情影响进一步帮助市场主体纾困解难若干政策措施》,https://www.daqing.gov.cn/daqing/xxgkyfzwj/202210/c05_75227.shtml,2022-10
营口,辽宁省,贷款,单双职工额度差异,支持,单方缴存最高50万、双方缴存最高70万,https://zjj.yingkou.gov.cn/005/20260514/4c57d3e2-f306-4a93-b7eb-c9072e387852.html,政府网站
营口,辽宁省,贷款,首套二套额度差异,不支持,首套与二套最高额度相同、仅贷款利率不同,https://zjj.yingkou.gov.cn/005/20260514/4c57d3e2-f306-4a93-b7eb-c9072e387852.html,政府网站
营口,辽宁省,贷款,绿色建筑上浮,未检索到,未检索到公开来源,,
营口,辽宁省,贷款,二孩家庭上浮,支持,已生育二孩且子女未满18周岁购首套住房公积金贷款限额上浮20%,https://www.yingkou.gov.cn/govxxgk/ykszf/2023-05-10/37ed699c-0ce7-4765-8840-ce58b76e2f53.html,政府网站
营口,辽宁省,贷款,三孩家庭上浮,支持,已生育三孩且子女未满18周岁购首套住房公积金贷款限额上浮20%,https://www.yingkou.gov.cn/govxxgk/ykszf/2023-05-10/37ed699c-0ce7-4765-8840-ce58b76e2f53.html,政府网站
营口,辽宁省,贷款,人才青年上浮,支持,高校毕业生贷款额度放宽2至3倍、高层次人才最高可贷至双方限额2倍,https://fw.yingkou.gov.cn/epoint-web-yst/govsite-epointystmhwz/pages/policynew/policy_detail?policyguid=9249CD3F-4E34-46F4-965A-5F9D1E0A128B,政府网站
营口,辽宁省,贷款,家庭共享额度代际互助,支持,加装电梯可提取产权人父母子女公积金、贷款可增设父母子女为共同还款人,http://gjj.yingkou.gov.cn/czyjs/5734.jhtml,政府网站
营口,辽宁省,贷款,商转公,支持,商业贷款转公积金贷款额度不超过原商业贷款本金余额,https://zjj.yingkou.gov.cn/005/20260514/4c57d3e2-f306-4a93-b7eb-c9072e387852.html,政府网站
营口,辽宁省,贷款,最长贷龄30年,支持,商品房公积金贷款期限最长30年,https://zjj.yingkou.gov.cn/005/20260514/4c57d3e2-f306-4a93-b7eb-c9072e387852.html,政府网站
营口,辽宁省,提取,购房一次性提取,支持,全款购买本市新建商品房或二手房可一次或分次提取账户余额，累计不超过购房款总额；阶段性放开频次期间产权人每年可提取1次，商品房网签日期须在2023-05-10至2026-12-31。,,
营口,辽宁省,提取,租房提取限额,支持,租住商品住房的租房提取限额为每月1000元；租住公共租赁住房按实际房租全额提取；夫妻合计提取金额不得超过当年实际发生的租金总额，一年内最多提取12次。,,
营口,辽宁省,提取,多孩租房上浮,支持,多子女家庭租房可按实际房租支出提取住房公积金，不受月1000元限额约束；办理时需提供两个及以上未成年子女的出生医学证明、户口本等能证明多子女家庭的材料。,,
营口,辽宁省,提取,加装电梯提取,支持,2025年11月1日起施行《营口市既有住宅加装或更新改造电梯提取住房公积金实施办法》，本人及配偶、父母、子女可提取，合计不超实际分摊费用，不含专项维修资金及政府补助。,,
营口,辽宁省,提取,车位购置提取,不支持,《营口市住房公积金提取管理办法》列举的提取情形仅含购买、建造、翻建、大修自住住房、偿还贷款本息、租房、大病、加装电梯等，未包含购买车位或车库，暂不支持。,,
营口,辽宁省,提取,大病救助提取,支持,职工家庭成员（本人、配偶及其未成年子女）患重大疾病或遇交通事故等突发事件致无力支付自费医疗费用的可提取；政务服务网设有“重大疾病提取住房公积金”事项，需三甲医院诊断证明。,,
营口,辽宁省,提取,既提又贷,支持,2023年8月21日起公积金贷款或商贷购买新建商品房、2024年9月29日起公积金贷款购买二手房，均可提取账户余额支付首付款并同时办理公积金贷款，提取每人限办一次。,,
营口,辽宁省,提取,首付直付,有条件支持,可提取账户余额支付首付款，但公开文件仅表述为“提取本人账户内的公积金余额支付首付款”，未见资金直接划转至开发企业账户的直付规定。 提取金额不超过首付款金额，每人限办理一次；公积金贷款购买新建商品房自2023年8月21日起、二手房自2024年9月29日起执行，2025年起转为长期性政策。,,
营口,辽宁省,提取,代际互助,支持,直系亲属（父母、子女）可作为共同还款人，使用公积金账户余额按月偿还或一次性清还住房公积金贷款，也可提取账户余额帮助偿还商业住房贷款；加装电梯提取对象含父母、子女。,,
营口,辽宁省,提取,按月冲还商贷,不支持,营口商贷提取为自首次还款之日起按职工意愿申请提取（取消原仅可按年限制，可还满一年前提取），属手动按需提取，并非按月委托自动冲还；按月代扣协议仅适用于公积金贷款。,,
营口,辽宁省,提取,物业费提取,未确认,营口已就“阶段性支持缴存职工提取住房公积金支付物业服务费”公开征求意见。草案：职工夫妻任一方拥有本市自住住房所有权、家庭无未结清本地公积金贷款、当年未办租房提取的，按面积提取，90㎡及以下夫妻合计≤2000元/年、90㎡以上≤3000元/年，每年限一套房一次；要件为身份证、银行卡、结婚证、不动产权证或备案购房合同，拟试行一年。截至查证日仍为草案，暂不可办。,,
营口,辽宁省,提取,住房装修提取,不支持,营口市住房公积金管理中心官网热点答疑明确：“装修不属于《住房公积金管理条例》中规定的使用事项，营口住房公积金中心不能制定条例规定以外的政策。即装修房屋不能提取住房公积金。”现行《营口市住房公积金提取管理办法》（营公积金委发〔2015〕1号）列举的11项提取情形不含装修；大修须经房屋安全鉴定为C级或D级危房方可提取。,,
营口,辽宁省,缴存-灵活就业,支持,,营口市灵活就业人员住房公积金缴存使用管理办法（营公积金委〔2025〕12号）,http://gjj.yingkou.gov.cn/zcfg/5422.jhtml,2025
营口,辽宁省,缴存-缓缴,支持,单位缴存困难，经法定程序可申请办理降低比例或缓缴,营口市住房公积金缴存和提取管理办法,https://www.yingkou.gov.cn/govxxgk/ykszf/2021-12-10/7f824930-a93e-4520-a886-27155278d7b3.html,2021-12
锦州,辽宁省,贷款,单双职工额度差异,支持,单身或单方缴存最高60万、双方缴存最高100万,https://zwfw.jz.gov.cn/f/itemInfo/e2752911-ead5-42b9-a8dc-1c889db2b4af,政府网站
锦州,辽宁省,贷款,首套二套额度差异,不支持,首套与二套最高额度相同、仅最低首付比例均为20%,https://zwfw.jz.gov.cn/f/itemInfo/e2752911-ead5-42b9-a8dc-1c889db2b4af,政府网站
锦州,辽宁省,贷款,绿色建筑上浮,支持,购买星级绿色建筑和超低能耗建筑贷款额度加10万元,https://zwfw.jz.gov.cn/f/itemInfo/e2752911-ead5-42b9-a8dc-1c889db2b4af,政府网站
锦州,辽宁省,贷款,二孩家庭上浮,支持,多子女家庭(养育二个及以上子女)贷款额度加20万元,https://zwfw.jz.gov.cn/f/itemInfo/e2752911-ead5-42b9-a8dc-1c889db2b4af,政府网站
锦州,辽宁省,贷款,三孩家庭上浮,支持,多子女家庭含三孩贷款额度加20万元,https://zwfw.jz.gov.cn/f/itemInfo/e2752911-ead5-42b9-a8dc-1c889db2b4af,政府网站
锦州,辽宁省,贷款,人才青年上浮,支持,青年人、新市民、高校博士人才加20万元；全日制大专及以上毕业5年内可贷至上限,https://zjj.jz.gov.cn/info/1018/11024.htm,政府网站
锦州,辽宁省,贷款,家庭共享额度代际互助,支持,加装电梯住房产权人及配偶的父母、子女可提取公积金,https://zjj.jz.gov.cn/info/1018/11024.htm,政府网站
锦州,辽宁省,贷款,商转公,支持,商业住房贷款转公积金贷款、商贷尚未结清且结清后一个月内申请,https://jzsgjj.cn/newsDetailsnew.jsp?navid=5&newsid=1950,政府网站
锦州,辽宁省,贷款,最长贷龄30年,支持,公积金贷款期限最长不超过30年,https://zjj.jz.gov.cn/info/1018/11024.htm,政府网站
锦州,辽宁省,提取,购房一次性提取,支持,购买自住住房可提取，额度以每年6月30日账面余额为基准额；非贷款购房可提取一次，累计不超过实际支付的购房款；新购房职工每年可提取一次，累计不超购房价款。,,
锦州,辽宁省,提取,租房提取限额,支持,2026年4月1日起各类租房群体每月提取上限统一提高300元，多子女家庭最高每月可提2800元；原标准为租赁商品房1400元/月，两孩2000元/月，三孩及以上2500元/月。,,
锦州,辽宁省,提取,多孩租房上浮,支持,多子女家庭租赁商品房原上限为两孩2000元/月、三孩及以上2500元/月；2026年4月1日起统一每月增加300元，最高可达2800元/月，为锦州租房提取的最高档次。,,
锦州,辽宁省,提取,加装电梯提取,支持,2026年4月1日起优化为代际互助，既有住宅加装电梯住房的产权人及配偶、子女、夫妻双方父母均可提取个人公积金账户余额，用于支付电梯加装按比例分摊的自筹建设费用。,,
锦州,辽宁省,提取,车位购置提取,不支持,锦州现行提取办法列举的提取情形为购买、建造、翻建、大修自住住房、偿还购房贷款本息、离退休、突发事件致困等，未见购买车位或车库提取条款，暂不支持。,,
锦州,辽宁省,提取,大病救助提取,支持,重大疾病提取额度以个人自费部分为基准额度，提取上限原则上不超过个人账户内余额的80%；需提供医院病志、医疗费用收据等材料，也可按突发事件致家庭生活严重困难办理。,,
锦州,辽宁省,提取,既提又贷,支持,锦州七项新政明确购买自住住房申请公积金贷款时可提取账户余额支付首付款，取消有关商品房限制；办法规定贷款结清后提取额与一次性还贷金额及首付之和不超房屋总金额。,,
锦州,辽宁省,提取,首付直付,有条件支持,申请公积金贷款购房时可提取账户余额支付首付款，但公开文件未明确资金直付划转至开发企业或卖方账户的直付模式，未见“直付”“划转”类表述。 锦州明确购买自住住房申请住房公积金贷款时可提取住房公积金账户余额用于支付首付款；提取与贷款金额累计不超过所购住房总价款，具体划付方式需向中心核实。,,
锦州,辽宁省,提取,代际互助,有条件支持,既有住宅加装电梯提取已实现父母子女互助；贷款方面直系亲属可作共同还款人，但购房提取与还贷的代际互助尚无公开文件明确。 加装电梯住房产权人及配偶、子女、双方父母均可提取账户余额支付分摊费用；职工申请公积金贷款时直系亲属可以作为共同还款人，需待新系统升级后执行。,,
锦州,辽宁省,提取,按月冲还商贷,不支持,《锦州市住房公积金提取管理暂行办法》规定，办理本地商业性贷款和异地贷款，还款满一年后每年可提取一次；公积金月缴存额逐月划转偿还贷款本息仅适用于公积金贷款，商贷无按月冲还。,,
锦州,辽宁省,提取,物业费提取,不支持,现行《锦州市住房公积金提取管理暂行办法》（公积金管〔2019〕2号，2019年3月1日起执行）第三条列举的九项提取情形为：购买、建造、翻建、大修自住住房；离休退休；完全丧失劳动能力并与单位终止劳动关系；户口迁出本市或出境定居；偿还购房贷款本息；租房；死亡；公积金贷款提余额做首付；突发事件致困。清单明确不含物业费，截至2026年8月锦州未发布物业费细则。,,
锦州,辽宁省,提取,住房装修提取,不支持,同一办法第三条住房消费类提取仅“购买、建造、翻建、大修自住住房”，不含装修。锦州市政务服务网与市政府门户网站所载“建造、翻建、大修自住住房提取公积金”办事指南明确：大修须提供房屋危险性鉴定为C级或D级的房屋安全鉴定报告（须牵动或拆换住房部分主体构件），翻建须提供旧房翻建许可证明，均不等同于普通装修装饰。截至2026年8月锦州未出台装修提取细则。,,
锦州,辽宁省,缴存-灵活就业,支持,,锦州市灵活就业人员参加住房公积金制度暂行办法（新闻发布）,https://www.jz.gov.cn/info/1059/118011.htm,
锦州,辽宁省,缴存-缓缴,支持,单位缴存困难可申请缓缴,锦州市单位住房公积金缓缴办事指南（政务服务网）,https://zwfw.jz.gov.cn/f/itemInfo/319b93e3-cb31-4239-a6e4-f1ee15d8201d,
盘锦,辽宁省,贷款,单双职工额度差异,支持,单缴存与双缴存职工最高贷款额度不同,https://pjzfgjj.cn/2026_08/14_15/content-572111.html,政府网站
盘锦,辽宁省,贷款,首套二套额度差异,支持,首套与二套执行不同利率及住房套数认定,https://panjin.gov.cn/html/2669/2026-08-14/content-152963.html,政府网站
盘锦,辽宁省,贷款,绿色建筑上浮,有条件支持,仅对纳入住建部门'好房子'项目库的新建商品住房上浮，未明确按绿色建筑星级划分,https://pjzfgjj.cn/2026_08/14_15/content-572111.html,政府网站
盘锦,辽宁省,贷款,二孩家庭上浮,支持,多子女（含二孩）家庭贷款额度上浮,https://pjzfgjj.cn/2024_02/18_15/content-458070.html,政府网站
盘锦,辽宁省,贷款,三孩家庭上浮,支持,多子女（含三孩）家庭贷款额度上浮,https://pjzfgjj.cn/2024_02/18_15/content-458070.html,政府网站
盘锦,辽宁省,贷款,人才青年上浮,支持,人才及青年职工贷款额度上浮,https://pjzfgjj.cn/2024_02/18_15/content-458070.html,政府网站
盘锦,辽宁省,贷款,家庭共享额度代际互助,支持,购房提取代际互助，父母子女可提取公积金支持购房,https://pjzfgjj.cn/2026_08/19_08/content-572522.html,政府网站
盘锦,辽宁省,贷款,商转公,支持,开办商业贷款转公积金贷款业务,https://pjzfgjj.cn/2024_08/19_08/content-483922.html,政府网站
盘锦,辽宁省,贷款,最长贷龄30年,支持,公积金贷款期限最长30年,https://pjzfgjj.cn/2026_03/30_08/content-387487.html,政府网站
盘锦,辽宁省,提取,购房一次性提取,支持,2019年8月1日后全款购买新建或再交易自住住房的，可一次或分次提取账户存储余额，每年可提取一次，夫妻双方累计提取总额不超过实际支付的购房款。,,
盘锦,辽宁省,提取,租房提取限额,支持,无房职工连续足额缴存满3个月，凭无房凭证可自行选择按月、按季或按年一次性提取，一个自然年度内提取上限为12000元，租赁期内可多次申请，以前年度未提取不累计。,,
盘锦,辽宁省,提取,多孩租房上浮,支持,在我市无自有住房且租赁住房的多子女家庭，提供子女出生医学证明、户口本等材料后，一个自然年度内提取上限提高至15000元，可按月、按季或按年一次性提取。,,
盘锦,辽宁省,提取,加装电梯提取,支持,住宅老旧电梯更新和既有住宅加装电梯均可提取，产权人本人及配偶、子女、夫妻双方父母在竣工验收合格12个月内可提取一次，合计不超实际分摊的自筹建设资金。,,
盘锦,辽宁省,提取,车位购置提取,不支持,盘锦现行提取业务指南共列十二类提取情形，涵盖购房、建造翻建大修、租房、还贷、支付首付款、电梯更新加装等，未包含购买车位或车库，暂不支持。,,
盘锦,辽宁省,提取,大病救助提取,未确认,盘锦现行提取指南未将重大疾病单列为提取情形，仅在“完全丧失劳动能力”条款下提及遇到其他突发事件造成家庭严重困难需提供证明材料，重大疾病能否提取未查到明确口径。,,
盘锦,辽宁省,提取,既提又贷,支持,购买保障性住房可提取个人账户公积金支付首付款等购房款，同时申请公积金贷款，提取与贷款金额累计不超住房总价；阶段性政策下提取首付不影响贷款额度计算，执行至2026年底。,,
盘锦,辽宁省,提取,首付直付,有条件支持,公积金贷款购房可在贷款发放前提取首付款，商贷购房须在贷款生效一年内提取；公开文件未明确资金直付划转至开发企业账户。 购买本市国有土地上新建商品住宅，公积金贷款购房的可在贷款发放前提取首付款，账户须保留存贷挂钩额；商贷购房一年内可提取一次，合计不超合同约定的首付款金额。,,
盘锦,辽宁省,提取,代际互助,有条件支持,住宅老旧电梯更新与既有住宅加装电梯提取已将子女、夫妻双方父母纳入提取对象；购房、还贷的代际互助未见公开文件明确。 电梯类提取可由产权人本人及配偶、子女、夫妻双方父母共同申请，需提供户口簿、出生医学证明等家庭成员关系证明，合计不超实际分摊的自筹建设资金。,,
盘锦,辽宁省,提取,按月冲还商贷,支持,盘锦市住房公积金提取办事指南将'偿还购房贷款本息（含商业银行购房贷款）'列为提取情形，并提供'按月还贷'提取方式，商贷可按此方式按月提取偿还；办理需提供借款合同及银行出具的还款凭证，提取额度按已还本息核定。官方未限定具体合作银行，但未明确为系统自动委托逐月扣划，建议以窗口确认为准。,,
盘锦,辽宁省,提取,物业费提取,不支持,《盘锦市住房公积金个人办事指南——提取》（2026年3月30日发布施行）列举的提取情形共8类：购买、建造、翻建、大修自住住房；离休退休；完全丧失劳动能力并与单位终止劳动关系；出境定居；偿还购房贷款本息；租房；死亡；住宅老旧电梯更新和加装电梯。清单明确不含物业费。盘锦2026年8月七项惠民新政聚焦贷款额度、家庭代际互助提取与取消提取时效限制，亦未涉及物业费。,,
盘锦,辽宁省,提取,住房装修提取,不支持,同一指南中住房消费类仅“购买、建造、翻建、大修自住住房”，不含装修。指南明确：大修须提供房屋危险性鉴定为C级或D级的房屋安全鉴定报告及大修费用支付凭证，翻建须提供旧房翻建许可证，建造须提供建设规划许可证，且相关费用证明材料应在近三年内。盘锦2026年8月七项惠民新政（含家庭代际互助提取、账户余额可贷倍数由15倍提至20倍等）未涉及装修提取。,,
盘锦,辽宁省,缴存-灵活就业,支持,,盘锦市住房公积金管理中心（《盘锦市灵活就业人员住房公积金缴存使用管理暂行办法》解读）,https://www.pjzfgjj.cn/2025_01/17_09/content-506415.html,2025-01
盘锦,辽宁省,缴存-缓缴,支持,,盘锦市住房公积金管理中心（缴存单位办事指南——缴存归集）,https://www.pjzfgjj.cn/2026_03/30_10/content-557017.html,2026-03
鞍山,辽宁省,贷款,单双职工额度差异,支持,单缴存与双缴存职工最高贷款额度不同,https://asgjj.anshan.gov.cn:1433/dkyw/1323.jhtml,政府网站
鞍山,辽宁省,贷款,首套二套额度差异,支持,首套与二套执行不同利率及住房套数认定,https://asgjj.anshan.gov.cn:1433/dkyw/1323.jhtml,政府网站
鞍山,辽宁省,贷款,绿色建筑上浮,支持,购买住建部门认定'好房子'新建商品住房贷款额度上浮,http://www.anshan.gov.cn/html/ASSZF/202608/0178632232239786.html,政府网站
鞍山,辽宁省,贷款,二孩家庭上浮,支持,多子女（含二孩）家庭贷款额度上浮,http://www.anshan.gov.cn/html/ASSZF/202608/0178632232239786.html,政府网站
鞍山,辽宁省,贷款,三孩家庭上浮,支持,多子女（含三孩）家庭贷款额度上浮,http://www.anshan.gov.cn/html/ASSZF/202608/0178632232239786.html,政府网站
鞍山,辽宁省,贷款,人才青年上浮,支持,新市民、青年及高层次人才贷款额度上浮,http://www.anshan.gov.cn/html/ASSZF/202608/0178632232239786.html,政府网站
鞍山,辽宁省,贷款,家庭共享额度代际互助,支持,阶段性购房代际互助提取，本人配偶及双方父母可提取,http://www.anshan.gov.cn/html/ASSZF/202606/0178234948265319.html,政府网站
鞍山,辽宁省,贷款,商转公,支持,开办商业贷款转公积金贷款业务,https://asgjj.anshan.gov.cn:1433/dkyw/1323.jhtml,政府网站
鞍山,辽宁省,贷款,最长贷龄30年,支持,公积金贷款期限最长30年,https://asgjj.anshan.gov.cn:1433/dkyw/1322.jhtml,政府网站
鞍山,辽宁省,提取,购房一次性提取,支持,全款购买本市住房持带“不动产单元号”的不动产权证书，每套房产可每年提取一次，两次间隔满12个月，累计不超购房总价；全款购买市外自住住房每套最多提取两次。,,
鞍山,辽宁省,提取,租房提取限额,支持,无自住住房且租住住房的，每人每月可提取一次，限额1200元/月，当月未提取可累计计算、最多连续累计一年；需提供本人及配偶无房证明，租住房屋性质须为住宅。,,
鞍山,辽宁省,提取,多孩租房上浮,支持,多子女家庭（符合国家生育政策、至少有一个未成年子女的二孩以上家庭）提供发票的，本人及配偶合计可按实际月租金为限额提取；无发票的可按每人1200元/月为限额提取。,,
鞍山,辽宁省,提取,加装电梯提取,支持,既有住宅加装电梯、老旧电梯更新可提取申请人、配偶、父母、子女的住房公积金，只可提取一次，额度不超过实际发生的支出，同一个电梯的所有提取人需同时办理。,,
鞍山,辽宁省,提取,车位购置提取,不支持,鞍山现行提取办法住房消费类仅列购买、建造翻建大修、偿还贷款本息、租房、加装更新电梯五种情形，未包含购买车位或车库，暂不支持提取。,,
鞍山,辽宁省,提取,大病救助提取,有条件支持,重大疾病按“遇到突发事件造成家庭生活严重困难”情形办理，需提供有效证明材料并经公积金中心审核后确定提取额度。 职工遇到突发事件造成家庭生活严重困难的，可提取本人一定数额住房公积金，提取额度不超过经有关部门核定的实际支出金额或直接损失金额，属非住房消费类部分提取。,,
鞍山,辽宁省,提取,既提又贷,支持,本市公积金贷款购房自贷款发放后可现金提取一次本人、配偶和共同还款人的住房公积金，额度为贷款发放前一个月的账户余额，提取总额不得超过首付款额度。,,
鞍山,辽宁省,提取,首付直付,不支持,鞍山为贷款发放后办理现金提取，额度为贷款发放前一个月账户余额、总额不超首付款额度，属先垫后提；公开文件未见资金直接划转至开发企业的首付直付机制。,,
鞍山,辽宁省,提取,代际互助,有条件支持,既有住宅加装电梯、老旧电梯更新提取范围含提取申请人的父母、子女；购房、还贷方面仅限本人、配偶及共同还款人。 电梯类提取申请人范围扩大至提取申请人、配偶、父母、子女，需提供关系证明；贷款购房可提取本人、配偶和共同还款人的公积金，未见父母子女互助购房提取条款。,,
鞍山,辽宁省,提取,按月冲还商贷,有条件支持,仅在2026-07-01至2027-06-30阶段性政策期间可按月/按季提取商贷（取消原每年一次限制），须凭材料申请，非系统自动委托扣划。 鞍山常规政策下商贷偿还本息为每年提取一次（逐月划转还贷仅适用于公积金贷款）。2026年6月24日出台的阶段性政策明确：'偿还住房商业贷款提取的，取消公积金提取业务办理时效限制，职工凭有效证明材料可按月、按季进行提取'，有效期2026-07-01至2027-06-30。,,
鞍山,辽宁省,提取,物业费提取,不支持,《鞍山市住房公积金提取管理办法》自2026年1月1日起施行，第五条住房消费提取情形仅四项：购买、建造、翻建、大修自住住房；偿还购房贷款本息；无自住住房且租住住房；既有住宅加装电梯、老旧电梯更新。清单明确不含支付物业费。2026年鞍山公积金调整重点是贷款端（最高贷款额度提至120万元），提取端未新增物业费场景；检索官网政策法规栏亦未见不予办理的专项答复。,,
鞍山,辽宁省,提取,住房装修提取,不支持,现行办法第五条住房消费提取仅“购买、建造、翻建、大修自住住房”及偿还贷款本息、租房、加装更新电梯四类，不含装修。相关额度为建造、翻建累计不超过1500元/平方米，大修累计不超过500元/平方米；按配套实施细则，大修须提供房屋危险性鉴定为C级或D级的房屋安全鉴定报告，属危房修缮，与普通全屋装修性质不同。截至2026年8月鞍山未出台装修提取细则。,,
鞍山,辽宁省,缴存-灵活就业,有条件支持,需以灵活就业人员身份参加社会保险并正常缴费（办理时提供养老保险缴费证明）,鞍山市人民政府（鞍山云：灵活就业人员参缴住房公积金享多项权益）,http://www.anshan.gov.cn/html/ASSZF/202507/0175331602028317.html,2025-07
鞍山,辽宁省,缴存-缓缴,支持,,鞍山市住房公积金管理中心（鞍山市住房公积金归集管理实施细则）,http://asgjj.anshan.gov.cn/jcyw/1318.jhtml,2024
丹东,辽宁省,贷款,单双职工额度差异,支持,单缴存与双缴存职工最高贷款额度不同,https://ddzfgjj.com/tzgg/38121.jhtml,政府网站
丹东,辽宁省,贷款,首套二套额度差异,支持,首套与二套执行不同利率及住房套数认定,https://ddzfgjj.com/tzgg/38121.jhtml,政府网站
丹东,辽宁省,贷款,绿色建筑上浮,支持,购买高品质住宅贷款额度上浮10%,https://ddzfgjj.com/gzdt/38316.jhtml,政府网站
丹东,辽宁省,贷款,二孩家庭上浮,支持,多子女家庭贷款额度上浮（25倍测算）,https://ddzfgjj.com/gzdt/38316.jhtml,政府网站
丹东,辽宁省,贷款,三孩家庭上浮,支持,多子女家庭贷款额度上浮（含三孩）,https://ddzfgjj.com/gzdt/38316.jhtml,政府网站
丹东,辽宁省,贷款,人才青年上浮,支持,人才及青年职工贷款额度上浮,https://ddzfgjj.com/gzdt/38316.jhtml,政府网站
丹东,辽宁省,贷款,家庭共享额度代际互助,支持,购房提取代际互助，父母子女可提取公积金支持购房,https://ddzfgjj.com/gzdt/38316.jhtml,政府网站
丹东,辽宁省,贷款,商转公,支持,开办商业贷款转公积金贷款业务,https://ddzfgjj.com/tzgg/38002.jhtml,政府网站
丹东,辽宁省,贷款,最长贷龄30年,支持,公积金贷款期限最长30年,https://ddzfgjj.com/tzgg/38121.jhtml,政府网站
丹东,辽宁省,提取,购房一次性提取,支持,未申请个人住房公积金贷款的，全款购房可提取一次本人及配偶账户存储余额，额度为税收完税证明开具日期前一日的账户余额，提取总额不得超过房款总额。,,
丹东,辽宁省,提取,租房提取限额,支持,租住商品住房提取限额为每月1000元，可按月、按季或年度提取，每年夫妻双方可提取一次，每次不超12个月租金；租住公共租赁住房和公有住房按当年实际房租全额提取。,,
丹东,辽宁省,提取,多孩租房上浮,支持,租房的多子女家庭，实际支付房租高于现行租房提取限额的，提供子女关系证明材料原件和支付房租有效凭证后，可按实际支付房租全额提取，不受月1000元限额限制。,,
丹东,辽宁省,提取,加装电梯提取,支持,在本市行政区域内出资为拥有所有权的自住住房增设电梯或旧电梯更新改造可提取，提取金额不超过实际支付费用，提取人范围含配偶、子女、夫妻双方父母。,,
丹东,辽宁省,提取,车位购置提取,不支持,丹东提取办法的十二项提取情形中未包含购买车位或车库，且服务指南明确“购买规划设计用途为住宅以外性质房产的”不能提取公积金，车位不在可提取范围。,,
丹东,辽宁省,提取,大病救助提取,支持,丹金委发〔2026〕4号规定本人、配偶及未满18周岁子女患重大疾病致高额自费医疗支出可提取，额度不高于医保报销后个人实际承担的自费费用，凭证出具距申请不超三年。,,
丹东,辽宁省,提取,既提又贷,有条件支持,阶段性政策支持公积金贷款首付提取，提取金额可与账户余额合并计算贷款额度（提贷联动）；但《提取管理办法》规定未申请公积金贷款的才可全款购房提取，二者不可叠加。 2025年阶段性政策下职工购买自住住房并申请公积金贷款的，可提取本人及配偶账户余额支付首付款，账户最低保留10元，提取金额计入贷款额度基数，政策期至2025年12月31日。,,
丹东,辽宁省,提取,首付直付,有条件支持,阶段性政策明确可在贷款申请时委托公积金中心将提取资金转入开发公司账户，属直付划转；该政策执行期为2025年1月1日至12月31日，2026年是否延续未查到公开文件。 购买商品住房、经济适用房及保障性住房的夫妻提取总额不超合同约定的首付款额度，二手住房不超评估价与贷款额差额；二手住房只可选择贷款发放后30日内提取。,,
丹东,辽宁省,提取,代际互助,有条件支持,既有住宅增设电梯、旧电梯更新改造提取范围含子女、夫妻双方父母；异地购房提取认可直系亲属（父母、子女）的户籍或工作地，购房首付提取未见代际互助条款。 电梯类提取可由提取申请人、配偶、子女、夫妻双方父母共同申请并提供结婚证、户口簿、出生医学证明等关系证明；异地购房需直系亲属在购房地户籍或工作满一年。,,
丹东,辽宁省,提取,按月冲还商贷,有条件支持,仅限与公积金中心签约的9家合作银行（农行、建行、中行、交行、邮储、丹东银行、大连银行、盛京银行、招行）办理的商贷，其他银行暂不可办。 丹东市住房公积金服务中心开通'逐月提取公积金冲还商贷'业务：职工在指定9家银行办理的商业性住房贷款，可签约办理逐月提取公积金偿还商贷，采用报账制，次月起系统逐月自动提取至本人银行卡，实现'一次签约、按月到账'。,,
丹东,辽宁省,提取,物业费提取,支持,2027年12月31日前，缴存人本人及配偶可提取公积金支付丹东市行政区域内自住住房自2026年度起的物业服务费，提取总额不超过当年物业费实际支出额，每个家庭每年只允许为一套住宅提取，须提供物业费发票或加盖物业章的收据（注明房屋地址、缴费年度、金额）。要件为身份证、银行卡、结婚证、不动产权证或购房合同加契税完税证明，账户保留余额不少于10元。,,
丹东,辽宁省,提取,住房装修提取,未确认,丹东2026年8月11日《关于优化住房公积金政策支持住房消费的通知》中，新增提取场景仅“支付物业服务费”与“支付住宅专项维修基金”两项，未纳入自住住房装修提取。检索丹东市住房公积金服务中心官网的政策文件、通知公告、工作动态及此前的优化政策征求意见通告，均未见装修提取条款，亦未检索到本地明确答复不予办理的记录。暂按细则未出台处理，链接留空。,,
丹东,辽宁省,缴存-灵活就业,有条件支持,需以灵活就业人员身份参加社会保险并正常缴纳社会保险费,丹东市住房公积金服务中心（灵活就业人员住房公积金缴存使用管理暂行办法）,https://www.ddzfgjj.com/tzgg/37929.jhtml,2024-05
丹东,辽宁省,缴存-缓缴,支持,,丹东市住房公积金管理中心（丹东市住房公积金归集管理办法）,https://www.ddzfgjj.com/tzgg/38213.jhtml,2024
抚顺,辽宁省,贷款,单双职工额度差异,支持,单缴存与双缴存职工最高贷款额度不同,https://fsgjj.org.cn/tzgg/3967.jhtml,政府网站
抚顺,辽宁省,贷款,首套二套额度差异,支持,首套与二套执行不同利率及住房套数认定,https://fsgjj.org.cn/tzgg/3967.jhtml,政府网站
抚顺,辽宁省,贷款,绿色建筑上浮,支持,购买'好房子'贷款额度上浮20%,https://fsgjj.org.cn/tzgg/4468.jhtml,政府网站
抚顺,辽宁省,贷款,二孩家庭上浮,支持,多子女家庭贷款额度上浮（1.5倍）,https://fsgjj.org.cn/tzgg/3967.jhtml,政府网站
抚顺,辽宁省,贷款,三孩家庭上浮,支持,多子女家庭贷款额度上浮（含三孩）,https://fsgjj.org.cn/tzgg/3967.jhtml,政府网站
抚顺,辽宁省,贷款,人才青年上浮,支持,青年及人才首次贷款额度上浮,https://fushun.gov.cn/006/006014/20240802/95cf34fe-870d-49c7-972c-539a69f4411f.html,政府网站
抚顺,辽宁省,贷款,家庭共享额度代际互助,支持,购房提取代际互助，父母子女可提取公积金支持购房,https://fsgjj.org.cn/tzgg/4468.jhtml,政府网站
抚顺,辽宁省,贷款,商转公,支持,开办商业贷款转公积金贷款业务,https://fsgjj.org.cn/zdxxgk/2470.jhtml,政府网站
抚顺,辽宁省,贷款,最长贷龄30年,支持,公积金贷款期限最长30年,https://fsgjj.org.cn/zdxxgk/4424.jhtml,政府网站
抚顺,辽宁省,提取,购房一次性提取,支持,非贷款购买住房可提取一次，购房一年内申请的提取额不超提取申请日账户余额且不超房款总额，购房一年后申请的不超购房满一年期时账户余额；多人累计不超房款总额。,,
抚顺,辽宁省,提取,租房提取限额,支持,2025年4月7日起租住商品住房年最高提取额度由12000元提高至14400元；租住公共租赁住房和公有住房按当年实际房租支出全额提取，可自主选择按月、按季或按年提取。,,
抚顺,辽宁省,提取,多孩租房上浮,支持,在我市无自有住房且租赁住房的多子女家庭，可按实际房租支出提取住房公积金，不受商品住房年最高14400元的额度限制；办理时需提供多子女家庭证明材料。,,
抚顺,辽宁省,提取,加装电梯提取,支持,2025年4月7日起支持老旧电梯更新互助提取，符合抚顺市住宅老旧电梯更新范围、实际支付费用且无未偿清公积金贷款的，本人及配偶、子女、夫妻双方父母均可提取分摊费用。,,
抚顺,辽宁省,提取,车位购置提取,不支持,抚顺公积金2026年公开答疑明确：商铺和车位因不属于自有产权住宅，不在公积金提取和贷款范畴内；所购房屋须为自住住宅，车库、门市等非住宅不支持提取。,,
抚顺,辽宁省,提取,大病救助提取,支持,缴存人家庭成员（本人、配偶、未成年子女或其双方父母）患重大疾病的，提取额度仅限于个人承担的医疗费用，且不超过行为发生日的账户存储余额，应在出院一年内办理。,,
抚顺,辽宁省,提取,既提又贷,有条件支持,必须先办理贷款后办理提取；先办理提取的，不予办理公积金贷款；先提取再办理商业银行贷款的，不得用住房公积金还贷。 贷款购房可提取首付款，本市公积金放款后提取首付，商贷或异地公积金贷款除提取一次首付款外每年还可提取一次上一年度偿还的贷款本息额，顺序不可颠倒。,,
抚顺,辽宁省,提取,首付直付,有条件支持,支持提取公积金支付购房首付款，含本人购房、子女或父母购房、子女配偶购房三类情形；但为贷款出款日后提取，属先垫后提，未见直付划转机制。 贷款提取首付款的额度不得超过贷款出款日的公积金存储余额及首付款金额；2025年报告明确支持缴存人本人、其子女或父母、子女配偶三类首付提取情形。,,
抚顺,辽宁省,提取,代际互助,支持,缴存人的子女或父母购买具有所有权自住住房需支付房款或首付款的，缴存人可提取；子女配偶购房且子女为产权共有人的亦可，但父母子女之间的房产交易不适用。,,
抚顺,辽宁省,提取,按月冲还商贷,不支持,抚顺市住房公积金提取管理办法规定，使用住房公积金偿还商业银行住房贷款本息的，'以公历年度为一个还款期，从下一个年度起开始，每年允许提取一次'，仅公积金贷款可按月由系统直接扣还。2026年8月24日优化政策仅扩大商贷提取人员范围，还款提取核算规则不变，故商贷不支持按月委托冲还。,,
抚顺,辽宁省,提取,物业费提取,支持,在抚顺市行政区域内拥有自住住房且房屋已实际交付、正常缴纳物业费，本人及配偶无未结清公积金贷款或公积金贴息贷款、账户正常的，可每年提取一次支付一套自住住房物业费，按实际缴费金额支取、年度上限6000元；有两套及以上住房的当年仅可就一套申请一次。要件为身份证、备案购房合同或不动产权证、本人一类银行卡、物业费发票或加盖物业章的收据。自2026年8月24日起施行。,,
抚顺,辽宁省,提取,住房装修提取,支持,在抚顺市行政区域内新购自住住房（含新建商品房、二手房），家庭无未结清公积金贷款或公积金贴息贷款，自购房合同备案或取得不动产权证书之日起五年内可申请一次装修提取，按1200元/㎡核算、单套最高10万元，且不超过账户余额；办结后十年内不得再次申请。商业用房、商住两用房不纳入。要件为身份证、备案购房合同或不动产权证、购房发票或契税完税证、本人一类银行卡。,,
抚顺,辽宁省,缴存-灵活就业,支持,,抚顺市住房公积金管理中心（抚顺市灵活就业人员缴存使用住房公积金管理办法）,https://fsgjj.org.cn/gjjjc/3830.jhtml,2024-08
抚顺,辽宁省,缴存-缓缴,支持,,抚顺市住房公积金管理中心（抚顺市住房公积金归集管理办法）,https://fsgjj.org.cn/gjjjc/3964.jhtml,2025-04
济南,山东省,贷款,单双职工额度差异,支持,单缴存90万，双缴存130万（2026年4月20日起）,https://gjj.jinan.gov.cn/col/col111465/art/2026/art_a79e6cfffd4144a8b0539a0481465e65.html,政府网站
济南,山东省,贷款,首套二套额度差异,不支持,首套二套最高贷款额度统一，差异在利率与首付,https://gjj.jinan.gov.cn/col/col111465/art/2026/art_a79e6cfffd4144a8b0539a0481465e65.html,政府网站
济南,山东省,贷款,绿色建筑上浮,支持,高品质住宅及绿色建筑贷款额度上浮（如+30%）,https://gjj.jinan.gov.cn/col/col24486/art/2026/art_79a918d34c0b466986367b09ba0442e1.html,政府网站
济南,山东省,贷款,二孩家庭上浮,支持,二孩及以上家庭贷款额度上浮（如+30%）,https://gjj.jinan.gov.cn/col65559/art/2024/art_65559_4753899.html,政府网站
济南,山东省,贷款,三孩家庭上浮,支持,多子女家庭（含三孩）贷款额度上浮,https://gjj.jinan.gov.cn/col65559/art/2024/art_65559_4753899.html,政府网站
济南,山东省,贷款,人才青年上浮,支持,高层次人才及青年人才贷款额度上浮（如+30%）,https://gjj.jinan.gov.cn/col65559/art/2024/art_65559_4753899.html,政府网站
济南,山东省,贷款,家庭共享额度代际互助,支持,实施代际互助（父母子女共同申请）,https://gjj.jinan.gov.cn/col/col24486/art/2026/art_79a918d34c0b466986367b09ba0442e1.html,政府网站
济南,山东省,贷款,商转公,支持,,https://www.jinan.gov.cn/col/col118356/art/2026/art_e60d1d29614f420fa2fe051eb8aa1b2b.html,政府网站
济南,山东省,贷款,最长贷龄30年,支持,,https://dzrb.dzng.com/general/0/NEWS2673626SDUCPEZSAVKXE,其他新闻
济南,山东省,提取,购房一次性提取,支持,购买自住住房可一次性提取职工夫妻双方及父母、子女的公积金，提取总额不超过实际购房支出；每人每套住房限提取一次，须在取得不动产权证或全款购房发票之日起三年内办理。,,
济南,山东省,提取,租房提取限额,支持,定额提取1500元/月、18000元/年（租赁未备案）；限额提取据实、夫妻合计不超42000元/年（已备案）；公租房按实际房租；新市民、青年人可按月缴存额提取。,,
济南,山东省,提取,多孩租房上浮,支持,多子女家庭取消租房提取额度上限，可按实际房租支出提取；与定额18000元/年、限额42000元/年、新市民青年人按月缴存额提取等政策并行执行。,,
济南,山东省,提取,加装电梯提取,支持,既有住宅增设电梯，房屋产权人及配偶、同一户口共同居住的父母子女可一次性提取，提取金额合计不超过个人实际出资费用（扣除政府奖补资金、不含电梯运维费）。,,
济南,山东省,提取,车位购置提取,有条件支持,自2026年4月1日起阶段性实施，执行期限暂定一年；须为本市自住住房配套车位（库）、储藏室，每套住房限配一个，且本市个贷率达90%时暂缓受理。 购买本市自住住房配套车位（库）、储藏室的，可一次性提取缴存人夫妻双方、父母、子女的住房公积金，每套住房限配一个，提取额度合计不超过实际支付金额。,,
济南,山东省,提取,大病救助提取,未确认,《济南市住房公积金提取管理办法》列明的九类提取情形中未包含重大疾病提取，2026年4月扩大提取范围的通知亦未纳入；是否能通过管委会确定的其他情形办理未能从官方渠道确认。,,
济南,山东省,提取,既提又贷,支持,已办理公积金支付首付款业务的职工，符合贷款条件的仍可申请公积金贷款，且支付首付款金额可与个人账户余额合并计算贷款额度，实现资金叠加、额度不减。,,
济南,山东省,提取,首付直付,支持,每套住房可提取一次公积金账户余额直付购房首付款，资金直接划转至预售资金监管或存量房资金监管账户，非先垫后提；合计不超过网签合同约定的首付款金额，个贷率达90%时暂缓。,,
济南,山东省,提取,代际互助,支持,购买自住住房、偿还住房贷款本息的父母子女亲情提取，自2026年4月20日起不再设置同户籍限制，凭相关职能部门出具的有效亲属关系证明即可办理；首付款与还贷均可互助。,,
济南,山东省,提取,按月冲还商贷,支持,《济南市住房公积金提取管理实施细则》设“商贷按月委托提取业务”，办理商贷的职工可委托公积金中心逐月将公积金转入本人结算账户；须在济南市行政区域内与公积金中心签约的合作银行（已扩至18家）办理商贷且本地缴存。,,
济南,山东省,提取,物业费提取,支持,缴存人及配偶每个自然年度可各提取一次用于支付住房物业费，夫妻合计不超过2500元，每人每年限一次，当年未提取或未足额提取的剩余额度不结转次年。全年可办，线上经“爱山东”APP济南公积金专区、官网网上大厅7×24小时提交，刷脸授权、联网核验婚姻信息，未通过的持结婚证等到柜面办理，收款须本人一类银行卡。本市个贷率达90%时暂缓受理，低于90%恢复。,,
济南,山东省,提取,住房装修提取,不支持,济南市政府网上问政平台2026年3月30日答复明确“装修不能提取公积金”，依据为《济南市住房公积金提取操作规范》。现行提取情形仅含购买、建造、翻建、大修自住住房，不含装修。大修须提供有资质机构出具的房屋危险性鉴定为C级或D级的房屋安全鉴定报告及费用发票，普通全屋装修不属此范畴。老旧住房自主更新原拆原建可按大修通道提取，但不等同于普通装修提取。,,
济南,山东省,缴存-灵活就业,支持,,济南住房公积金中心 主要负责人解读《关于印发济南市灵活就业人员参加住房公积金制度试点实施方案的通知》,https://gjj.jinan.gov.cn/col121815/art/2023/art_121815_4750777.html,2023（试点）；2026年政策继续执行
济南,山东省,缴存-缓缴,支持,适用于缴存住房公积金确有困难的单位,济南市人民政府 政民互动《问：确有困难的单位申请缓缴的条件、材料、流程？》,https://www.jinan.gov.cn/col/col118356/art/2026/art_0ad45244d6b5411f9a92ad1da74e051e.html,2026
青岛,山东省,贷款,单双职工额度差异,支持,,https://www.qingdao.gov.cn/ywdt/zwzl/zxwdpt_00/zxwdpt_39/202604/t20260420_10568275.shtml,政府网站
青岛,山东省,贷款,首套二套额度差异,不支持,,https://www.qdgjj.com/gzdt/202506/t20250626_9742154.shtml,政府网站
青岛,山东省,贷款,绿色建筑上浮,支持,,https://www.qdgjj.com/gzdt/202506/t20250626_9742154.shtml,政府网站
青岛,山东省,贷款,二孩家庭上浮,支持,,https://qdgjj.com/zcfg_108/dk_108/202505/t20250507_9438786.shtml,政府网站
青岛,山东省,贷款,三孩家庭上浮,支持,,https://qdgjj.com/zcfg_108/dk_108/202505/t20250507_9438786.shtml,政府网站
青岛,山东省,贷款,人才青年上浮,支持,,https://www.qingdao.gov.cn/ywdt/zwzl/zxwdpt_00/zxwdpt_39/202604/t20260420_10568275.shtml,政府网站
青岛,山东省,贷款,家庭共享额度代际互助,支持,,https://www.qingdao.gov.cn/ywdt/zwzl/zxwdpt_00/zxwdpt_39/202604/t20260420_10568271.shtml,政府网站
青岛,山东省,贷款,商转公,支持,,https://qdgjj.com/zcfg_108/dk_108/202212/t20221202_6536172.shtml,政府网站
青岛,山东省,贷款,最长贷龄30年,支持,,https://qdgjj.com/zcfg_108/dk_108/202505/t20250507_9438786.shtml,政府网站
青岛,山东省,提取,购房一次性提取,支持,购买具有产权的自住住房，可提取最后一次付款发票或契税完税凭证载明日期当月的账户存储余额，本人及配偶合计提取金额不得超过实际发生的住房支出。,,
青岛,山东省,提取,租房提取限额,支持,2026年4月20日起提升额度：单身缴存人每年最高可提取24000元，夫妻双方合计每年最高48000元；此前为单身18000元、夫妻合计36000元，据实提取限额为36000元/年。,,
青岛,山东省,提取,多孩租房上浮,支持,多子女家庭提供租赁备案凭证及发票的，可按实际房租支出提取且不设提取限额；2026年4月20日起多子女家庭认定放宽为有两个及以上子女即可享受按实际房租提取。,,
青岛,山东省,提取,加装电梯提取,支持,实施既有住宅加装电梯项目的，职工及直系亲属可就电梯建设费用在个人实际出资额内提取一次（扣除政府奖补资金、不含运行维护费）；2025年6月新增电梯更新提取情形。,,
青岛,山东省,提取,车位购置提取,不支持,青岛现行提取范围未纳入车位（库）、储藏室购置；2026年8月市政协协商中，公积金中心答复已将购买车位及储藏室纳入政策储备，尚需有序拓宽，目前不能办理。,,
青岛,山东省,提取,大病救助提取,有条件支持,2023年起取消单列的大病提取情形，改按“职工遇到突发事件造成家庭生活严重困难”提取，需提供有效证明材料并经市住房公积金管理中心审核。 原办法可按9种重病大病（恶性肿瘤、尿毒症、器官移植等）提取，额度不超过医疗费用结算单列明的自负部分；2023年规范后并入突发事件致家庭生活严重困难提取情形。,,
青岛,山东省,提取,既提又贷,支持,青岛2022年即出台“既提又贷”：既支持购房者提取本人及直系亲属公积金作购房首付款，又可同步办理公积金贷款，提取行为不影响贷款额度；2025年6月扩展至二手房。,,
青岛,山东省,提取,首付直付,支持,在青岛购买新建商品房并签订网签购房合同、尚未足额交付首付款的，每套住房可提取一次公积金直付首付，合计不超过网签合同约定的首付款金额；保障性住房直系亲属亦可提取。,,
青岛,山东省,提取,代际互助,支持,2026年4月20日起代际互助范围进一步扩大，缴存人本人及配偶、双方父母、子女均可提取公积金，用于支付首付款、偿还贷款本息及支持城镇老旧小区改造。,,
青岛,山东省,提取,按月冲还商贷,有条件支持,仅限与中心建立商贷自助提取合作关系的银行（本市28家、异地23家，含“无感签约”10家）。 青岛提供“商贷自助提取签约”业务，签约成功后职工可通过网上营业厅按月自助提取（一天一次），中心次月起定期根据金融机构提供的还款信息更新可提取额度；须贷款银行为合作金融机构且能获取还款数据。,,
青岛,山东省,提取,物业费提取,支持,缴存人或配偶在本市拥有自有产权自住住房的，本人及配偶可提取住房公积金支付物业费，采用定额方式计算，家庭每年最高提取6000元（单身缴存人每人每年最多6000元，已婚缴存人夫妻双方合计每年最多6000元）。产权人提取需提供身份证、房屋产权证；产权人配偶提取的还应提供婚姻关系凭证，可通过共享数据获取的无需提供。,,
青岛,山东省,提取,住房装修提取,未确认,青岛2026年4月新政未将装修纳入提取范围。市住房公积金管理中心2026年8月10日通报，针对将装修纳入提取范围的协商建议，已充分调研我市装修市场及各地做法，“将结合我市实际尽快发布装修提取政策”，购买车位及储藏室、缴纳取暖费另纳入政策储备。截至查证日细则尚未出台，暂不能办理装修提取。,,
青岛,山东省,缴存-灵活就业,支持,,青岛市住房公积金管理中心关于印发《青岛市灵活就业人员参加住房公积金制度试点实施细则》的通知（青住金发〔2023〕4号）,https://www.qdgjj.com/tzgg/202310/t20231012_7507636.shtml,2023-10-11
青岛,山东省,缴存-缓缴,支持,,青岛市住房公积金管理中心单位降低住房公积金缴存比例或缓缴住房公积金审核管理规定（青住金字〔2022〕77号）,https://www.qdgjj.com/zcfg/zxwj/jc/202211/t20221124_6513181.shtml,2022-11-22
烟台,山东省,贷款,单双职工额度差异,不支持,基础贷款额度个人100万元、不区分单双缴存职工,https://www.yantai.gov.cn/art/2024/10/25/art_50726_3225532.html,政府网站
烟台,山东省,贷款,首套二套额度差异,支持,按区认定住房套数、二套首付比例20%,https://www.yantai.gov.cn/art/2024/10/25/art_50726_3225532.html,政府网站
烟台,山东省,贷款,绿色建筑上浮,支持,二星级及以上绿色建筑等高品质住宅贷款额度上浮30%,https://www.yantai.gov.cn/art/2024/10/25/art_50726_3225532.html,政府网站
烟台,山东省,贷款,二孩家庭上浮,支持,二孩家庭贷款额度上浮30%,https://www.yantai.gov.cn/art/2024/10/25/art_50726_3225532.html,政府网站
烟台,山东省,贷款,三孩家庭上浮,支持,三孩家庭贷款额度上浮30%,https://www.yantai.gov.cn/art/2024/10/25/art_50726_3225532.html,政府网站
烟台,山东省,贷款,人才青年上浮,支持,高层次人才购买首套住房贷款额度上浮30%,https://www.yantai.gov.cn/art/2024/10/25/art_50726_3225532.html,政府网站
烟台,山东省,贷款,家庭共享额度代际互助,支持,允许父母子女代际互助提取,https://gjj.yantai.gov.cn/col/col4103/art/2026/art_7e199eecbdbe44a4967cb8a6b04e1ac6.html,政府网站
烟台,山东省,贷款,商转公,支持,允许商业贷款转公积金贷款,https://gjj.yantai.gov.cn/art/2025/6/24/art_4134_2486106.html,政府网站
烟台,山东省,贷款,最长贷龄30年,支持,最长贷款期限可达30年,https://m.yt.bendibao.com/live/68654.shtm,其他新闻
烟台,山东省,提取,购房一次性提取,支持,购买、建造、翻建、大修自住住房的，职工及配偶可一次性提取住房公积金账户内的存储余额，职工及配偶合计提取金额不得超过实际发生的住房支出。,,
烟台,山东省,提取,租房提取限额,支持,已婚缴存人夫妻双方每年最高30000元，单身每人每年最高15000元；提供租赁备案证明及完税发票的按实际房租提取，已婚最高36000元、单身最高18000元。,,
烟台,山东省,提取,多孩租房上浮,支持,符合条件的多孩家庭租房提取年度最高额度由28000元提高至36000元（夫妻双方合计），高于一般已婚家庭30000元的定额上限，为烟台2025年11月新政内容。,,
烟台,山东省,提取,加装电梯提取,支持,城镇老旧小区居民本人及配偶、双方父母自住住房加装电梯的可提取公积金；所有提取人合计提取金额不得超过加装电梯家庭实际支付的电梯建设费用（扣除政府奖补资金）。,,
烟台,山东省,提取,车位购置提取,未确认,《烟台市住房公积金提取管理办法》列明的九类提取情形未包含购买车位（库），也未检索到烟台官方关于车位提取的支持性或禁止性规定，故不作判定。,,
烟台,山东省,提取,大病救助提取,支持,本人、配偶或子女患重大疾病造成家庭生活特别困难的，可提取患者本人、配偶及父母的公积金，提取额不超过个人负担部分的医疗费用，治疗期间可每年提取一次。,,
烟台,山东省,提取,既提又贷,支持,拟申请住房公积金贷款的职工，须将贷款资格初审与首付款提取申请一次联办，可将申贷时点首付款提取金额与住房公积金账户余额合并计算贷款额度。,,
烟台,山东省,提取,首付直付,支持,在烟台市行政区域内购买新建商品房的购房人及其配偶可申请提取住房公积金用于支付首付款，须一次性共同提交申请，合计提取金额不得超过网签合同约定的首付款金额。,,
烟台,山东省,提取,代际互助,支持,2025年11月起出台代际互助政策：贷款购房首付款、全款购买新建自住住房、偿还购房贷款本息三类提取范围，均由购房人及配偶扩大至父母、子女，需提供关系证明。,,
烟台,山东省,提取,按月冲还商贷,支持,烟台市住房公积金管理中心开通商贷购房按月委托提取业务：已办理商贷购房的职工本人柜台或线上授权后，中心按银行推送的上月还款金额提取公积金拨付至约定个人账户。已开通交通银行、中国银行、农业银行、建设银行、工商银行等合作银行线上线下业务，借款人和配偶（含组合贷）均可办理。,,
烟台,山东省,提取,物业费提取,支持,缴存人或配偶拥有本市产权住房的，每个自然年度可提取一次用于支付住房物业费，家庭合计不超过3000元，每人每年限一次，当年未提取的次年不累计。现房可线上办（爱山东、烟台公积金服务号、个人网厅），期房可线下大厅办理。材料：不动产权证或备案购房合同、物业费缴费票据、本人银行卡、身份证，配偶提取需结婚证。办公商业用房、车库车位、宅基地自建房、小产权房不适用。,,
烟台,山东省,提取,住房装修提取,不支持,烟台市住房公积金管理中心现行提取情形清单（2026年版共15项）仅含购买、建造、翻建、大修自住住房、既有住宅加装电梯等，不含装修。莱阳市政务服务平台答复明确“房屋装修不能提取住房公积金；翻建和大修住房可以提取公积金”。翻建须提供建设工程规划许可证，大修须提供鉴定等级为C级或D级的房屋安全鉴定报告，普通装修不属此范畴。,,
烟台,山东省,缴存-灵活就业,支持,,烟台市住房公积金管理中心《烟台市灵活就业人员参加住房公积金制度试点管理办法》（烟住〔2025〕12号，2025-03-28）及2024年试点实施方案,https://www.yantai.gov.cn/art/2025/4/3/art_99956_73984.html,2025-03
烟台,山东省,缴存-缓缴,支持,,烟台市住房公积金管理中心《降低住房公积金缴存比例或者缓缴住房公积金管理规定》（烟住〔2024〕2号，2024-03-11）,https://www.yantai.gov.cn/cms_files/complat3/49/attach/202512/8c20aee88c384c3daf80711ec317dca2.pdf,2024-03
潍坊,山东省,贷款,单双职工额度差异,不支持,取消单双职工差异、首套二套统一,http://gjj.weifang.gov.cn/55379/1306282518.html,政府网站
潍坊,山东省,贷款,首套二套额度差异,不支持,首套与二套最高贷款额度统一、不区分,http://gjj.weifang.gov.cn/55379/1306282518.html,政府网站
潍坊,山东省,贷款,绿色建筑上浮,支持,高品质装配式建筑贷款额度上浮10万元,https://www.toutiao.com/article/7639696167827243556/,其他新闻
潍坊,山东省,贷款,二孩家庭上浮,支持,多子女家庭贷款额度上浮10万元、最高可贷140万元,https://www.toutiao.com/article/7639696167827243556/,其他新闻
潍坊,山东省,贷款,三孩家庭上浮,支持,潍坊以“多子女家庭”（二孩及以上，含三孩）享受最高贷款额度上浮，现行基础上再提高10万元，叠加高品质/现房后最高可贷180万元,http://gjj.weifang.gov.cn/55379/1306571969.html,政府网站
潍坊,山东省,贷款,人才青年上浮,支持,人才家庭最高贷款额度210万元,https://www.toutiao.com/article/7639696167827243556/,其他新闻
潍坊,山东省,贷款,家庭共享额度代际互助,支持,允许父母子女代际互助,http://gjj.weifang.gov.cn:18888/guestbook/81001.jspx,政府网站
潍坊,山东省,贷款,商转公,支持,允许商业贷款转公积金贷款,https://www.weifang.gov.cn/162/55379/1870053838698975232.html,政府网站
潍坊,山东省,贷款,最长贷龄30年,支持,最长贷款期限30年,http://gjj.weifang.gov.cn/55379/1306282518.html,政府网站
潍坊,山东省,提取,购房一次性提取,支持,取得有效购房凭证1年内的可一次性提取截至提取当日的账户可用余额，超过1年的提取至材料载明登记日余额；本人、配偶、子女及双方父母合计提取总额与公积金贷款之和不超总房款。,,
潍坊,山东省,提取,租房提取限额,支持,连续缴存满3个月、本地无自有住房的，按实际房租支出提取最高24000元/年；无证明材料的按固定额度提取最高15600元/年（2025年由14400元提高）；新市民青年人可按月提取上月月缴存额。,,
潍坊,山东省,提取,多孩租房上浮,未确认,潍坊2025年年度报告与2026年7月缴存使用政策手册均只载明多子女家庭公积金贷款额度上浮（最高可达180万元），未检索到多子女家庭租房提取额度上浮的官方规定。,,
潍坊,山东省,提取,加装电梯提取,支持,既有多层住宅增设（更新）电梯可申请提取公积金，提取范围包括缴存人本人及其配偶、双方父母，合计金额不超过个人实际出资额；2025年年报列为持续实施的惠民政策。,,
潍坊,山东省,提取,车位购置提取,不支持,潍坊明确“购买或租赁办公用房、商业用房等非自住住房，单独购买车库、车位，以及别墅等非普通住房的，不能提取”，与住房装修并列为不予提取情形。,,
潍坊,山东省,提取,大病救助提取,支持,职工及其配偶和子女、双方父母患重大疾病住院治疗、个人负担医疗费在3万元以上的，可提取职工本人及家庭成员的住房公积金，提取后账户余额最低不得低于一元。,,
潍坊,山东省,提取,既提又贷,有条件支持,本人及配偶购房提取可与公积金贷款并存，但合计提取总额与公积金贷款金额之和不得超过总房款；父母、子女等家庭成员以该套房名义购房提取后，该套住房不能再申请公积金贷款。 购房提取标准明确：本人、配偶、子女及双方父母合计提取总额与公积金贷款之和不得超过总房款，即允许既提又贷；但家庭成员以该房名义提取后，此套住房不能申请公积金贷款。,,
潍坊,山东省,提取,首付直付,支持,潍坊持续实施提取住房公积金支付购房首付款“直付”模式；2025年全市办理提取公积金支付购房首付款56笔、金额670.05万元，为市级年报披露的常态化惠民措施。,,
潍坊,山东省,提取,代际互助,支持,潍坊实施“代际互助”提取：缴存人可提取本人公积金，用于本人及配偶、子女、双方父母购买自住住房及偿还购房贷款本息，公积金贷款和商业贷款均适用。,,
潍坊,山东省,提取,按月冲还商贷,有条件支持,仅限建行、工行、农行、中行、交行、邮储、招商、中信、浦发等指定商贷银行的贷款，且借款人本人须先通过“全国住房公积金公共服务”小程序完成签约（借款人未缴存公积金暂不支持）。 潍坊2026年6月23日发布通告开通“偿还商业住房贷款按月提取业务”：缴存职工签约后可按月提取公积金偿还本人、配偶、子女及双方父母在偿商贷本息，合计每月提取额不超过该笔贷款上月实际偿还本息；每月20日起至月末统一拨付；签约生效后不得再办理原“偿还商业住房贷款提取”（按年）。此前商贷还贷提取为每年一次。,,
潍坊,山东省,提取,物业费提取,支持,《关于优化住房公积金使用政策的通知》新增物业费提取：缴存人及配偶合计每年按物业费提取总额不超过固定额度3000元。申请人为缴存人本人及配偶，材料为身份证、银行账户信息，配偶提取的额外提供结婚证（共享数据可获取的无需提供）。该通知自2026年5月12日印发之日起实施，有效期至2027年3月。同批还新增“代际互助”提取与老旧住房更新改造提取。,,
潍坊,山东省,提取,住房装修提取,不支持,潍坊市政府门户网站提示：建造、翻建须经规划、国土等部门批准，大修须经房屋安全鉴定机构鉴定为C、D级危房，“家庭普通装修不属以上规定范畴，不能申请提取公积金”。《潍坊市住房公积金提取业务指南》将“住房装修不能作为提取住房公积金的条件”列入不得提取情形。潍坊公积金综合服务平台2026年8月留言答复重申“装修是无法申请提取公积金的”。,,
潍坊,山东省,缴存-灵活就业,支持,,山东政务服务网（潍坊站）灵活就业人员住房公积金个人账户设立,http://wfzwfw.sd.gov.cn/wf/icity/proinfo/index4gg?code=d2a8c125-107b-490c-a0ff-ae7fb7cc4acf,
潍坊,山东省,缴存-缓缴,支持,,潍坊市人民政府门户网站 潍坊市住房公积金归集管理办法,https://www.weifang.gov.cn/162/55379/1742797010572021760.html,
日照,山东省,贷款,单双职工额度差异,支持,单缴存家庭最高90万元、双缴存家庭最高120万元,https://www.rizhaozfgjj.cn/art/2026/6/18/art_355214_10283507.html,政府网站
日照,山东省,贷款,首套二套额度差异,不支持,首套、二套最高贷款额度相同（单缴存90万、双缴存120万），仅首付比例与套数认定/利率不同,http://www.rizhao.gov.cn/art/2026/3/26/art_207562_10548862.html,政府网站
日照,山东省,贷款,绿色建筑上浮,支持,购买高品质住宅好房子或装配式住宅最高贷款额度上浮30%,https://www.rizhaozfgjj.cn/art/2026/6/18/art_355214_10283507.html,政府网站
日照,山东省,贷款,二孩家庭上浮,支持,二孩及以上家庭最高贷款额度上浮30%,https://www.rizhaozfgjj.cn/art/2026/6/18/art_355214_10283507.html,政府网站
日照,山东省,贷款,三孩家庭上浮,支持,二孩及以上家庭（含三孩）最高贷款额度上浮30%,https://www.rizhaozfgjj.cn/art/2026/6/18/art_355214_10283507.html,政府网站
日照,山东省,贷款,人才青年上浮,支持,博士/硕士/本科/大中专毕业生梯度上浮，单缴存100-150万、双缴存130-180万,https://www.rizhaozfgjj.cn/art/2026/6/18/art_355214_10283507.html,政府网站
日照,山东省,贷款,家庭共享额度代际互助,支持,购房、还贷、老旧小区改造等场景本人及配偶、双方父母、子女可共同提取公积金,http://www.rizhao.gov.cn/art/2026/8/27/art_213089_10555426.html,政府网站
日照,山东省,贷款,商转公,支持,优化商转公政策，新增商转组业务，扩至市外缴存职工,http://www.rizhao.gov.cn/art/2026/3/26/art_207562_10548862.html,政府网站
日照,山东省,贷款,最长贷龄30年,支持,贷款到期日不超法定退休后5年，最长期限不超过30年,http://www.rizhao.gov.cn/art/2026/3/26/art_207562_10548862.html,政府网站
日照,山东省,提取,购房一次性提取,支持,2026年新政支持购买自住住房家庭提取，购房人本人及配偶、双方父母、子女可各提取一次，累计不超实际购房款扣除公积金贷款的差额；时限由1年延至3年。,,
日照,山东省,提取,租房提取限额,支持,分5种情形：无租赁合同税票每年夫妻合计≤18000元；有合同税票≤30000元；多子女家庭≤36000元；新市民青年人按月提取上月缴存额；公租房按票据额。,,
日照,山东省,提取,多孩租房上浮,支持,多子女家庭租房可按实际房租支出提取，夫妻每年合计不超36000元，高于无票18000元、有票30000元，需提供备案证明、完税发票及多子女材料。,,
日照,山东省,提取,加装电梯提取,支持,2026年“九拓九增”新政构建“购租建改修养”全周期体系，将老旧小区改造、加装电梯纳入提取范围，并可动用本人、配偶、双方父母、子女的家庭互助额度。,,
日照,山东省,提取,车位购置提取,不支持,省级口径：职工购买商铺、写字楼、车库、地下室不能提取住房公积金，只有购置自住住宅性质房屋才能提取；日照新增提取场景为物业费、契税、维修资金、旧房装修，不含车位。,,
日照,山东省,提取,大病救助提取,支持,2026年新政将35种重大疾病纳入提取范围，为因病致困家庭提供资金支持；报道披露已为16名职工办理重大疾病提取76万元，案例含肝移植术后负担费用。,,
日照,山东省,提取,既提又贷,支持,家庭购房提取累计额不超实际购房款扣除公积金贷款的差额部分，即提取与贷款可并用；2024年9月起还可将申贷时近一年内的租房提取金额与账户余额合并计算可贷额度。,,
日照,山东省,提取,首付直付,支持,可申请使用公积金账户余额直接支付购房首付款，对象为购房人及其配偶、父母、子女，须已网签且未足额交付首付款、楼盘已备案，合计不超网签合同总价款扣除公积金贷款部分。,,
日照,山东省,提取,代际互助,支持,新政明确职工购房、偿还房贷、老旧小区改造、加装电梯时，本人、配偶、双方父母、子女可共同提取；截至2026年5月已有163户办理、累计3068万元。,,
日照,山东省,提取,按月冲还商贷,支持,日照市住房公积金管理中心2026年政策放宽，缴存职工偿还商业性个人住房贷款本息，可按月或间隔几个月提取，不再受每年仅一次限制。可通过线上渠道签约委托提取。,,
日照,山东省,提取,物业费提取,支持,在本市缴存的职工均可提取；缴存人每自然年度可提取一次，提取额度不超过1500元，当年未提取或未足额提取的次年不累加（不结转）。材料：本人身份证件、本人名下的一类银行卡；可通过“手机公积金”APP零材料线上申请，也可携证件到就近公积金窗口办理。物业费提取不影响办理其他提取业务。政策有效期至2027年3月31日。,,
日照,山东省,提取,住房装修提取,支持,设“旧房装修提取”：限日照市本市自住住房且不动产权证书登记日期满10年（含），产权人本人及配偶可申请提取一次。提取额按房屋建筑面积×600元/㎡计算，同时不超过装修费用发票金额的2倍，且夫妻双方合计不超过15万元；须提供不低于提取额50%的装修费用发票，自发票开具之日起1年内申请。一个家庭仅支持选择一套自住住房提取，提取后其他住房不再享受；仅本市住宅适用，外市住宅不可。材料：身份证件、婚姻关系证明、本人一类银行卡、不动产权证书、装修费用发票。有未结清住房公积金贷款的不能按此条件提取。,,
日照,山东省,缴存-灵活就业,支持,,日照市住房公积金管理中心《日照市灵活就业人员参加住房公积金制度试点实施办法》（日住金〔2024〕25号）,http://www.rizhao.gov.cn/art/2024/12/26/art_363799_78975.html,2024-12
日照,山东省,缴存-缓缴,支持,,日照市人民政府《日照市住房公积金管理办法》,http://www.rizhao.gov.cn/art/2025/3/29/art_360430_1145.html,2025-03
威海,山东省,贷款,单双职工额度差异,支持,单方缴存最高40-80万元、夫妻双方缴存最高50-120万元（按贷款类型及政策调整）,http://whzfgjj.cn/whweb/dkyw/1949.jhtml,政府网站
威海,山东省,贷款,首套二套额度差异,支持,购买首套房最高可贷房价70%、二套房最高可贷房价60%，二套可贷比例低于首套,https://www.weihai.gov.cn/flash/0/dbd5203551f045f6ba81543a4bfb3305.pdf,政府网站
威海,山东省,贷款,绿色建筑上浮,支持,加大对好房子、现房等贷款支持力度（购买高品质住宅、现房贷款额度上浮）,https://www.weihai.gov.cn/art/2026/5/15/art_59362_6360825.html,政府网站
威海,山东省,贷款,二孩家庭上浮,支持,多子女家庭（二孩及以上）贷款额度上浮,https://www.weihai.gov.cn/art/2026/5/15/art_59362_6360825.html,政府网站
威海,山东省,贷款,三孩家庭上浮,支持,多子女家庭（含三孩及以上）贷款额度上浮,https://www.weihai.gov.cn/art/2026/5/15/art_59362_6360825.html,政府网站
威海,山东省,贷款,人才青年上浮,支持,高层次人才贷款额度上浮,https://www.weihai.gov.cn/art/2026/5/15/art_59362_6360825.html,政府网站
威海,山东省,贷款,家庭共享额度代际互助,支持,放宽购房提取范围至房屋所有权人及配偶、双方父母、子女,https://zfgjj.weihai.cn/art/2025/10/20/art_46129_5873105.html,政府网站
威海,山东省,贷款,商转公,支持,支持商业贷款转公积金贷款,https://www.weihai.gov.cn/art/2026/5/15/art_59362_6360825.html,政府网站
威海,山东省,贷款,最长贷龄30年,支持,贷款期限最长不超过30年，可延长至法定退休后5年,https://www.weihai.gov.cn/flash/0/dbd5203551f045f6ba81543a4bfb3305.pdf,政府网站
威海,山东省,提取,购房一次性提取,支持,2026年8月11日起购建房可在取得有效证明材料之日起3年内多次提取，累计提取额不超过实际支付的购房款；此前每套住房仅能提取一次。,,
威海,山东省,提取,租房提取限额,支持,2026年8月11日起无房职工租房提取额度由每人每年14400元提至18000元（1200元/月提至1500元/月），已婚夫妻合计最高36000元，可按月提取。,,
威海,山东省,提取,多孩租房上浮,有条件支持,多子女家庭须租住已备案商品房，在租房合同有效期内提取频次不限。 多子女家庭租住备案商品房的，夫妻提取额不超租房合同备案金额（据实提取、频次不限），而非普通情形每人每年18000元的定额。,,
威海,山东省,提取,加装电梯提取,支持,既有住宅增设或更新电梯可提取；2025年10月20日起提取对象由产权人及配偶、双方父母扩至子女，合计不超个人实际出资额，同一事项仅可提取一次。,,
威海,山东省,提取,车位购置提取,不支持,威住〔2021〕13号第十条明确购买办公用房、商业用房、商务公寓、车库车位以及装修住房等均不得提取住房公积金，属市级规范性文件的明文禁止情形。,,
威海,山东省,提取,大病救助提取,不支持,2021年12月10日起施行的新版细则取消重大疾病提取（省住建厅整改要求2018年6月即已取消），连同城镇低保、调离本市、农民工支付房租一并取消。,,
威海,山东省,提取,既提又贷,有条件支持,支持首付款提取并同时申请公积金贷款，但贷款与首付款提取须同时申请、一次联办；以购建房方式提取后，该套房屋不能再申请公积金贷款。 首付款提取不限套数，每套限提一次，夫妻合计不超首付款金额且已付首付款不低于总价20%；以购建房方式提取后该套房屋不能再申请公积金贷款。,,
威海,山东省,提取,首付直付,不支持,威海现行首付款提取为报账式：支付首付款后凭网签备案预售合同与首付款票据申请提取，未查到公积金直划开发企业账户的直付规定。,,
威海,山东省,提取,代际互助,支持,2025年10月20日起购房提取、首付款提取对象由产权人及配偶放宽至双方父母、子女；提取人账户须无未结清贷款，累计不超实际支付的购房款或首付款。,,
威海,山东省,提取,按月冲还商贷,支持,自2026年8月11日起，威海市住房公积金支持偿还商业性个人住房贷款按月提取，职工可签约委托按月从公积金账户提取划转还商贷。,,
威海,山东省,提取,物业费提取,支持,缴存人及配偶在威海市拥有自有产权自住住房的，每个自然年度可提取一次用于支付物业费，不补提。采用定额提取：缴存人单身的每年最多提3000元，已婚的夫妻双方合计每年最多提3000元，且不看房屋套数（多套住房也只取3000元）。材料：不动产权证或网签备案的预售合同、缴存人及配偶身份证件、婚姻关系证明、提取人国有银行Ⅰ类账户，均需提供原件。有未结清公积金贷款的仍可提取。2026年8月12日起执行，目前只能到威海任意公积金服务大厅线下办理，线上渠道预计2026年10月8日开通。,,
威海,山东省,提取,住房装修提取,不支持,《威海市住房公积金提取管理实施细则》列明11种可提取情形（购买、建造、翻建、大修自住住房，偿还购房贷款本息，无房职工租房自住，具有产权的既有住宅增设电梯，离退休，完全丧失劳动能力，出境定居，与本市单位终止劳动关系未再就业两年以上，非本市户籍职工离职封存满半年，职工死亡，法律法规或管理中心确定的其他情形），不含装修；并明确规定购买无合法产权的住房，购买办公用房、商业用房、商务公寓、车库车位以及装修住房等，均不得提取住房公积金。市中心在线留言2026年7月18日、8月19日连续答复“装修房屋不能提取公积金”“装修不能提取公积金”。仅可建造、翻建、大修，大修须危房鉴定。,,
威海,山东省,缴存-灵活就业,支持,,威海市住房公积金管理中心—《威海市灵活就业人员住房公积金缴存使用管理办法》（威住〔2026〕5号）,https://www.weihai.gov.cn/art/2026/2/25/art_103264_33906.html,2026-02-25（有效期至2029-02-24）
威海,山东省,缴存-缓缴,支持,,威海市住房公积金管理中心—《住房公积金归集管理实施细则》,https://zfgjj.weihai.cn/art/2021/8/26/art_46128_1382058.html,2021-08
东营,山东省,贷款,单双职工额度差异,支持,单职工最高60万元，双职工最高100万元,http://www.dongying.gov.cn/art/2026/4/30/art_160734_10468255.html,政府网站
东营,山东省,贷款,首套二套额度差异,不支持,普通家庭最高额度100万元不区分首套二套（仅首付比例不同）,http://www.dongying.gov.cn/art/2026/4/30/art_160734_10468255.html,政府网站
东营,山东省,贷款,绿色建筑上浮,未检索到,未检索到公开来源（仅见高品质住宅、现房销售项目上浮10万元）,,
东营,山东省,贷款,二孩家庭上浮,支持,多子女家庭（含二孩）单方缴存最高80万元、双方缴存最高130万元,http://www.dongying.gov.cn/art/2026/4/30/art_160734_10468255.html,政府网站
东营,山东省,贷款,三孩家庭上浮,支持,三孩属多子女家庭，单方缴存最高80万元、双方缴存最高130万元,http://www.dongying.gov.cn/art/2026/4/30/art_160734_10468255.html,政府网站
东营,山东省,贷款,人才青年上浮,支持,高层次青年人才购买首套自住住房最高贷款额度上浮10万元,http://www.dongying.gov.cn/art/2026/4/30/art_160734_10468255.html,政府网站
东营,山东省,贷款,家庭共享额度代际互助,支持,购房人、配偶及直系亲属（父母、子女）可提取住房公积金用于支付购房首付款,http://dygjj.dongying.gov.cn/art/2025/6/30/art_39492_10303025.html,政府网站
东营,山东省,贷款,商转公,支持,放宽商转公申请条件，支持异地缴存职工办理商转公，并开展商转组业务,http://dygjj.dongying.gov.cn/art/2025/6/30/art_39492_10303025.html,政府网站
东营,山东省,贷款,最长贷龄30年,支持,贷款年限最长不超过30年，且不超过法定退休时间后5年,http://www.dongying.gov.cn/art/2026/4/30/art_160734_10468255.html,政府网站
东营,山东省,提取,购房一次性提取,支持,购买自住住房未申请公积金贷款的，取得有效购房凭证3年内可一次性提取本人及配偶、父母、子女公积金，不超过应缴购房款总额；2025年起购房提取频次由“三年内一次”放宽为“一次或多次”。,,
东营,山东省,提取,租房提取限额,支持,自2025年3月1日起，租住商品房定额提取职工和配偶合计由18000元/年上调为20000元/年，一年内可多次提取；限额提取额度仍为3万元/年；保障性租赁住房及城镇住房收入困难家庭按实际房租提取。,,
东营,山东省,提取,多孩租房上浮,支持,对符合租房提取条件的多子女家庭，可按照实际房租支出提取住房公积金，不受定额提取20000元/年上限约束；东营2025年3月起执行的倾斜政策之一。,,
东营,山东省,提取,加装电梯提取,支持,东营支持自住住房加装和更新电梯提取公积金；2025年新增老旧电梯更新改造可提取住房公积金政策，提取金额不超过个人实际出资部分。,,
东营,山东省,提取,车位购置提取,未确认,未检索到东营市关于购买车位（库）、储藏室能否提取住房公积金的官方规定；东营2025年扩大提取范围主要涉及首付款直付、租房额度上调和老旧电梯更新改造三项。,,
东营,山东省,提取,大病救助提取,支持,职工本人或直系亲属患重大疾病住院手术治疗，或家庭遇重大突发事件造成生活困难的，可提取本人及直系亲属公积金，额度不超过统筹支付或保险赔付后个人负担的部分。,,
东营,山东省,提取,既提又贷,有条件支持,购买住房申请公积金贷款的，须在取得有效购房凭证1年内、贷款办理之前一次性提取本人及配偶、父母、子女公积金，提取额与贷款额合计不得超过购房款总额。 购买住房申请公积金贷款的，在取得有效购房凭证1年内、贷款办理之前可一次性提取本人及配偶、父母、子女的住房公积金，提取和贷款金额合计不得超过购房款总额，每套住房限一次。,,
东营,山东省,提取,首付直付,支持,2025年起东营市缴存人、配偶及直系亲属购买新建预售商品住房可提取公积金支付首付款，购房提取由“先付后取”报销模式转变为“先取后付”直付模式，也可自主选择先付后取。,,
东营,山东省,提取,代际互助,支持,本市购房提取可提取职工本人及配偶、父母、子女的住房公积金，直系亲属提取须提交户口簿或单位出具的直系亲属关系证明；首付款直付同样覆盖缴存人、配偶及直系亲属。,,
东营,山东省,提取,按月冲还商贷,支持,东营市开通偿还商贷网上自助提取（商贷自主提取），职工临柜签约后可通过手机公积金APP每月提取一次（每月最多一次，频次自主），实现商贷按月提取；非系统自动划转，需每月手动操作。,,
东营,山东省,提取,物业费提取,支持,缴存人及配偶在本市有自住住房并缴纳物业费的，夫妻双方每个自然年度各可提取一次，每位职工年度限额2000元（夫妻合计最高4000元），用于支付东营市行政区域内自住住房物业费。属2026年4月22日新政新增的行政区域内住房“其他住房消费支出”提取业务，须无未结清公积金贷款、无其他限制提取情形。2026年6月1日起开通线上办理，可通过“手机公积金”App零材料申请，也可窗口办理。材料：身份证、本人一类银行卡、房屋产权证明，配偶提取另需婚姻关系证明。政策有效期至2028年4月21日。,,
东营,山东省,提取,住房装修提取,不支持,未单设“装修提取”情形，官方仍明确住房装修不能提取。但2026年4月22日起新增“旧房自主更新提取”：限东营市行政区域内、不动产权证书登记满10年（含）、拥有全部产权的自住住房；按房屋建筑面积×800元/㎡测算额度，夫妻双方限选取同一套住房分别申请提取一次，合计不超过15万元；还须近12个月内无公积金提取记录、无未结清公积金贷款。属“其他住房消费支出”通道，非面向全部房屋的普通装修提取，新房、证未满10年房屋均不适用。同项下另有住宅专项维修资金提取。 未单设“装修提取”情形，官方仍明确住房装修不能提取。但2026年4月22日起新增“旧房自主更新提取”：限东营市行政区域内、不动产权证书登记满10年（含）、拥有全部产权的自住住房；按房屋建筑面积×800元/㎡测算额度，夫妻双方限选取同一套住房分别申请提取一次，合计不超过15万元；还须近12个月内无公积金提取记录、无未结清公积金贷款。属“其他住房消费支出”通道，非面向全部房屋的普通装修提取，新房、证未满10年房屋均不适用。同项下另有住宅专项维修资金提取。,,
东营,山东省,缴存-灵活就业,支持,,东营市住房公积金管理中心-东营市灵活就业人员住房公积金缴存及使用管理办法,http://dygjj.dongying.gov.cn/art/2022/12/9/art_39481_10290877.html,2022-12-08
东营,山东省,缴存-缓缴,支持,,山东政务服务网（东营）-确有困难的单位住房公积金申请缓缴,http://dyzwfw.sd.gov.cn/dy/icity/proinfo/index4gg?code=3f309893-3920-4a4c-8b79-b556e17732d0,
济宁,山东省,贷款,单双职工额度差异,支持,单缴存人家庭最高100万元，双缴存人家庭最高120万元,https://www.jining.gov.cn/api-gateway/jpaas-jpolicy-web-server/front/info/explain?iid=Je8rPZ79LLyiwSlpdeaxl,政府网站
济宁,山东省,贷款,首套二套额度差异,不支持,首套二套贷款最高额度上限一致（单100万/双120万），仅套数认定与利率不同,https://www.jining.gov.cn/api-gateway/jpaas-jpolicy-web-server/front/info/explain?iid=Je8rPZ79LLyiwSlpdeaxl,政府网站
济宁,山东省,贷款,绿色建筑上浮,未检索到,未检索到公开来源（仅见高品质住宅上浮20万元）,,
济宁,山东省,贷款,二孩家庭上浮,支持,多子女家庭（含二孩，2个及以上子女）最高贷款额度上浮35万元,https://www.jining.gov.cn/api-gateway/jpaas-jpolicy-web-server/front/info/explain?iid=Je8rPZ79LLyiwSlpdeaxl,政府网站
济宁,山东省,贷款,三孩家庭上浮,支持,三孩属多子女家庭（2个及以上子女），最高贷款额度上浮35万元,https://www.jining.gov.cn/api-gateway/jpaas-jpolicy-web-server/front/info/explain?iid=Je8rPZ79LLyiwSlpdeaxl,政府网站
济宁,山东省,贷款,人才青年上浮,支持,高层次人才家庭最高贷款额度提高至200万元,https://www.jining.gov.cn/api-gateway/jpaas-jpolicy-web-server/front/info/explain?iid=Je8rPZ79LLyiwSlpdeaxl,政府网站
济宁,山东省,贷款,家庭共享额度代际互助,支持,购买、建造、翻建、大修自住住房等，可提取本人、配偶、双方父母、子女住房公积金,https://www.jining.gov.cn/art/2026/5/29/art_62904_2936277.html,政府网站
济宁,山东省,贷款,商转公,支持,已出台商业性住房贷款转个人住房公积金贷款管理办法，开通结清后贷、带押转贷、带押转组合模式,https://www.jining.gov.cn/api-gateway/jpaas-jpolicy-web-server/front/info/pdfFileDownload?filePath=jpolicy_file/filedata/2024/12/31/2048ea494a40413db95f49b7edfd9a64.pdf,政府网站
济宁,山东省,贷款,最长贷龄30年,支持,住房公积金贷款最长期限不得超过30年,https://www.jining.gov.cn/api-gateway/jpaas-jpolicy-web-server/front/info/explain?iid=Je8rPZ79LLyiwSlpdeaxl,政府网站
济宁,山东省,提取,购房一次性提取,支持,购买自住住房可一次性提取本人及配偶、父母、子女账户余额，提取额不超过实际支付购房款（不含贷款部分），每名职工每套住房仅限提取一次。,,
济宁,山东省,提取,租房提取限额,支持,租住商品住房单缴存家庭每年≤18000元、双缴存≤21600元；多子女家庭及新市民青年人按实际房租支出，每年≤26400元；公租房按实际房租据实提取。,,
济宁,山东省,提取,多孩租房上浮,支持,多子女家庭租住商品住房可按实际房租支出提取，每年最高26400元，高于单缴存家庭18000元、双缴存21600元的定额，系由原24000元上调。,,
济宁,山东省,提取,加装电梯提取,支持,老旧小区改造加装或更新电梯，可提取职工本人及配偶、子女余额，每部电梯每人限提一次，额度不超过个人实际出资扣除政府奖补资金后的费用。,,
济宁,山东省,提取,车位购置提取,不支持,省级口径：职工购买商铺、写字楼、车库、地下室不能提取住房公积金，仅购置自住住宅性质房屋可提取；济宁2025年亦答复省内暂无车位管理费提取业务。,,
济宁,山东省,提取,大病救助提取,有条件支持,须为“遇到突发事件造成家庭生活严重困难”，提供乡镇街道审批的临时救助证明或刚性支出困难家庭（大病患者）认定材料。 非单列大病情形，归入突发事件致困提取：每个自然年度一次，本人及配偶一次性共同申请，额度不超过突发事件中最近12个月产生的个人承担费用。,,
济宁,山东省,提取,既提又贷,支持,已取消“已申请公积金贷款提取后账户余额不得低于计算可贷额度须留存金额”的限制，贷款放款后购房提取可提全部余额；办理首付提取后仍可就该套住房申请公积金贷款。,,
济宁,山东省,提取,首付直付,支持,购买新建商品住房可办预提取：网签前申请并打印《住房公积金预提取凭证》，网签后资金直接划转至开发企业预售资金监管账户或备案收款账户，合计不超合同约定的首付款金额。,,
济宁,山东省,提取,代际互助,支持,购房合同载明产权人仅职工一人的，可提取本人及配偶、父母、子女余额；产权人两人以上的仅限产权人本人。首付提取、加装电梯提取同样可提取父母、子女账户余额。,,
济宁,山东省,提取,按月冲还商贷,不支持,济宁市《委托按月冲还贷协议书》仅适用于本市住房公积金贷款，商贷无自动按月委托划转；商贷为手动提取，2025年11月起频次放宽为不限次数（金额不超近12个月还款额），但非委托自动冲还。,,
济宁,山东省,提取,物业费提取,支持,在济宁市行政区域内拥有自住住房的，产权人和其配偶可提取住房公积金支付物业费，同一套住房每个自然年度提取总额不超过3000元，当年未提取的次年不累计。适用于本市行政区域内自住住房，提取人为产权人及其配偶。同批政策还新增契税与住宅专项维修资金提取、跨区域通勤租房提取，并将购房、还贷、突发事件困难、老旧住房自主更新原拆原建等情形放宽为家庭代际互助提取。,,
济宁,山东省,提取,住房装修提取,不支持,《济宁市住房公积金提取业务实施细则》(济住发〔2025〕43号，2025年12月1日起施行)第六条列举12类提取情形，仅含购买、建造、翻建、大修自住住房等，不含装修；2026年7月10日新政(济住发〔2026〕22号)优化的7类提取情形亦不含装修。济宁市政务问政平台答复明确“装修不在公积金提取业务范围内”。大修须提供C级或D级房屋安全鉴定报告及费用发票。,,
济宁,山东省,缴存-灵活就业,支持,,济宁市人民政府-《济宁市灵活就业人员参加住房公积金制度管理办法》政策解读,https://www.jining.gov.cn/art/2026/1/4/art_109078_2920095.html,2026-01-04
济宁,山东省,缴存-缓缴,支持,,济宁市住房公积金管理中心-确有困难的单位住房公积金申请缓缴服务指南,https://www.gjj.cn/website/regulation-detail.html?seqno=1504&itemId=0401,
淄博,山东省,贷款,单双职工额度差异,支持,单方缴存最高70万元，双方缴存（含合力贷款）最高100万元,https://zfgjj.zibo.gov.cn/art/2025/6/18/art_448_2925001.html,政府网站
淄博,山东省,贷款,首套二套额度差异,不支持,首套、二套申请公积金贷款最高额度一致（单70万/双100万），自2024年3月起不区分,https://zfgjj.zibo.gov.cn/art/2025/6/18/art_448_2925001.html,政府网站
淄博,山东省,贷款,绿色建筑上浮,未检索到,未检索到公开来源（仅见高品质住宅、装配式住宅上浮20%）,,
淄博,山东省,贷款,二孩家庭上浮,支持,多子女家庭最高贷款额度上浮比例由20%提高至30%,https://zfgjj.zibo.gov.cn/art/2025/6/18/art_448_2925001.html,政府网站
淄博,山东省,贷款,三孩家庭上浮,支持,三孩属多子女家庭，最高贷款额度上浮30%,https://zfgjj.zibo.gov.cn/art/2025/6/18/art_448_2925001.html,政府网站
淄博,山东省,贷款,人才青年上浮,支持,高层次人才首次购房享最高贷款额度2倍，实际最高可贷200万元,https://zfgjj.zibo.gov.cn/art/2025/6/18/art_448_2925001.html,政府网站
淄博,山东省,贷款,家庭共享额度代际互助,支持,合力贷款：父母、子女可作为共同借款人共同申请公积金贷款,https://zfgjj.zibo.gov.cn/art/2025/6/18/art_448_2925001.html,政府网站
淄博,山东省,贷款,商转公,支持,制定商转公暂行办法，商转公贷款自2024年11月1日起受理,https://js.zibo.gov.cn/gongkai/channel_c_5f9fa491ab327f36e4c1305d_n_1607419529.822/doc_6710b4985fd8f7e3b87165dd.html,政府网站
淄博,山东省,贷款,最长贷龄30年,支持,公积金贷款期限最长不得超过30年,https://zfgjj.zibo.gov.cn/art/2025/6/18/art_448_2925001.html,政府网站
淄博,山东省,提取,购房一次性提取,支持,购买自住住房可一次性提取，累计提取总额不超过实际购房支出；购买第三套及以上住房不予提取；新建自住住房提取有效期为合同签订或不动产权证登记之日起3年内。,,
淄博,山东省,提取,租房提取限额,支持,2025年3月1日起定额提取1500元/月；高层次人才与灵活就业人员3000元/月；提供登记备案租赁合同的每年上限36000元；新市民青年人可按上月缴存额提取。,,
淄博,山东省,提取,多孩租房上浮,支持,有两个及以上子女的多子女家庭，与正常缴存的灵活就业人员一样，可按实际房租支出提取公积金，突破1500元/月、18000元/年的定额限制。,,
淄博,山东省,提取,加装电梯提取,支持,2026年新政将情形由“加装电梯”扩至“加装、更新电梯”，产权人及配偶、双方父母、子女均可提取，合计不超实际出资金额，有效期为实际出资凭证开具之日起3年内。,,
淄博,山东省,提取,车位购置提取,不支持,省级口径：职工购买商铺、写字楼、车库、地下室不能提取住房公积金，只有购置自住住宅性质房屋才能提取；淄博提取办法未将车位列为提取情形。,,
淄博,山东省,提取,大病救助提取,有条件支持,须为家庭成员因重大疾病、重大交通事故、医疗事故、工伤事故等突发事件造成家庭生活严重困难，重大疾病范围以本市医保部门规定的职工医保门诊慢性病病种确定。 提取额不超过医疗费个人负担部分，须提交事故认定材料、县级以上医院住院病例和医保结算单，提取有效期为医疗保险结算单开具之日起2年内。,,
淄博,山东省,提取,既提又贷,支持,2026年新政明确同一套住房合计提取金额不超过房屋总价，且提取金额与公积金贷款金额合计不超过房屋总价；若提取人参与申请公积金贷款，应在贷款放款前办理购房提取。,,
淄博,山东省,提取,首付直付,支持,首付款提取由首套房扩至首套、二套，提取人由购房人及配偶扩至双方父母、子女，每人提取一次，合计不超网签合同房屋总价30%，资金划转至相应资金监管账户。,,
淄博,山东省,提取,代际互助,支持,购买首套或二套自住住房及首付款提取，人员范围扩至购房人及配偶、双方父母、子女；提取父母或子女公积金购房的，买受人须正常缴存且未办公积金贷款。,,
淄博,山东省,提取,按月冲还商贷,不支持,淄博市商贷偿还为分期（按年）提取，一次最多提取一年应还款额；'对冲式'按月冲还贷仅适用于公积金贷款，商贷不支持按月冲还。,,
淄博,山东省,提取,物业费提取,不支持,淄博自2020年3月27日起停止受理物业费提取。按国家审计署审计整改要求、经市住房公积金管委会同意，《关于进一步完善我市住房公积金政策的公告》明确“停止提取住房公积金用于支付物业费政策”、“我市不再受理支付物业费和住宅专项维修资金提取住房公积金业务”。2026年6月3日新政（淄住发〔2026〕19号）的9项优化亦未恢复该项。,,
淄博,山东省,提取,住房装修提取,不支持,《淄博市住房公积金管理办法》（市政府令第98号）第五十一条界定：大修指经鉴定为严重损坏房、危房、需牵动或拆换部分主体构件且一次费用达同类结构新建造价25%以上，“一般的家庭装修、装饰、中修、小修等行为不属于大修”。淄博日报刊发的公积金政策百问百答明确“装修不属于住房公积金的提取范围”。2026年6月新政亦未纳入装修。,,
淄博,山东省,缴存-灵活就业,支持,,淄博市住房公积金管理中心-淄博市灵活就业人员参加住房公积金制度试点管理办法,https://zfgjj.zibo.gov.cn/gongkai/channel_63d6094b3b55cb492261879f/doc_6773ac629aaab7eb974b4862.html,2024-12-31
淄博,山东省,缴存-缓缴,支持,,淄博市住房公积金管理中心-淄博市住房公积金缴存管理办法,https://zfgjj.zibo.gov.cn/gongkai/channel_c_5f9fa491ab327f36e4c13083_n_1605682377.9357/doc_670f0bf20c81719cbf716655.html,
聊城,山东省,贷款,单双职工额度差异,支持,单方缴存家庭最高60万元，双方缴存家庭最高80万元,http://gjj.liaocheng.gov.cn/resources/public/20250709/686dd1644e0007f02b69791e.pdf,政府网站
聊城,山东省,贷款,首套二套额度差异,不支持,首套二套贷款最高额度上限一致（单60万/双80万），未区分首套二套额度,http://gjj.liaocheng.gov.cn/resources/public/20250709/686dd1644e0007f02b69791e.pdf,政府网站
聊城,山东省,贷款,绿色建筑上浮,未检索到,未检索到公开来源（仅见新建装配式、高品质住宅上浮20万元）,,
聊城,山东省,贷款,二孩家庭上浮,支持,多子女家庭在原有最高额度基础上提高30万元（原为20万元）,http://gjj.liaocheng.gov.cn/resources/public/20250709/686dd1644e0007f02b69791e.pdf,政府网站
聊城,山东省,贷款,三孩家庭上浮,支持,三孩属多子女家庭（两孩及以上），提高30万元,http://gjj.liaocheng.gov.cn/resources/public/20250709/686dd1644e0007f02b69791e.pdf,政府网站
聊城,山东省,贷款,人才青年上浮,支持,新引进人才家庭购房贷款额度提高20万元,http://gjj.liaocheng.gov.cn/resources/public/20250709/686dd1644e0007f02b69791e.pdf,政府网站
聊城,山东省,贷款,家庭共享额度代际互助,支持,购房、购房首付款、大修自住住房提取对象扩大至购房人本人、配偶及父母、子女,http://gjj.liaocheng.gov.cn/resources/public/20250709/686dd1644e0007f02b69791e.pdf,政府网站
聊城,山东省,贷款,商转公,支持,2024年8月印发个人住房商业贷款转个人住房公积金贷款管理办法（试行），开通商转公,http://gjj.liaocheng.gov.cn/channel_lc_szfgjjglzxchannel201911221748451985046612/doc_67e9e521f27dc752877e088c.html,政府网站
聊城,山东省,贷款,最长贷龄30年,支持,住房公积金贷款最长期限30年,http://gjj.liaocheng.gov.cn/channel_lc_szfgjjglzxchannel201911221748451985046612/doc_67e9e521f27dc752877e088c.html,政府网站
聊城,山东省,提取,购房一次性提取,支持,购买自住住房可一次性提取本人及配偶、父母、子女余额，提取金额不超过购房款总额；2026年5月20日起代际互助范围再扩至购房人配偶的父母。,,
聊城,山东省,提取,租房提取限额,支持,2025年3月3日起租住商品住房定额由每户每月1500元提至1800元即每年21600元；经房管部门备案有租房发票的按实际房租全额提取；公租房按实际支出全额。,,
聊城,山东省,提取,多孩租房上浮,支持,聊城市提取管理办法第二十二条明确多子女家庭租赁住房的，提取金额按实际房租支出全额提取，突破每户每年21600元的定额上限；新市民青年人可按月提取上月缴存额。,,
聊城,山东省,提取,加装电梯提取,支持,既有住宅加装电梯提取额不超个人实际出资扣除政府奖补资金；2026年5月20日起新增老旧小区电梯更新改造提取，提取人扩至子女及配偶的父母，总额不超实际出资。,,
聊城,山东省,提取,车位购置提取,不支持,省级口径：购买商铺、写字楼、车库、地下室不能提取住房公积金，仅自住住宅性质房屋可提取；聊城提取办法第九条亦规定购买车库及偿还该项目贷款本息不得提取。,,
聊城,山东省,提取,大病救助提取,不支持,现行办法第五条列11类提取情形，不含重大疾病或突发事件致困；2026年5月新增物业费、取暖费、契税、维修资金、电梯更新五类，亦无大病情形。,,
聊城,山东省,提取,既提又贷,支持,聊城公积金创新推出直付购房首付款并同步享受“既提又贷”双重支持，缴存职工账户余额即时抵扣首付款，所支付的首付款金额全额纳入公积金贷款额度计算。,,
聊城,山东省,提取,首付直付,支持,购买新建商品房可申请将本人及配偶公积金余额直接划转至开发商资金监管账户支付首付款，实现“即提即付”；2025年上半年全市直付首付款提取991笔、1.15亿元。,,
聊城,山东省,提取,代际互助,支持,2026年5月20日起购买、大修、首付提取申请人扩至本人、配偶、子女、父母及配偶的父母；建造翻建、还贷、加装电梯同样适用，提取人须无未结清公积金贷款。,,
聊城,山东省,提取,按月冲还商贷,不支持,聊城市公积金贷款已开通逐月对冲还贷；商业贷款偿还官方口径（2025年1月新闻发布会）仅为按年提取，逐月提取商贷曾于2019年表示'准备近期开通'但未见公开落地确认，故判定商贷暂不支持按月冲还。,,
聊城,山东省,提取,物业费提取,支持,缴存人在聊城市拥有自有产权自住住房的，本人及配偶每年（按到账日的次日满一年计算）可各提取一次，用于支付住房物业费；采用定额提取，夫妻双方提取总额每年不超过2500元，当年未提取的次年不累计。材料：提取人身份证、Ⅰ类银行卡、房屋产权证明，配偶提取另需婚姻关系证明。所有提取人均须无未结清住房公积金贷款且无其他限制提取情形。特别提示：当本市住房公积金个贷率高于85%（含）时，物业费提取等业务暂缓受理，个贷率降至85%以下后恢复。,,
聊城,山东省,提取,住房装修提取,不支持,市中心公开答复明确：不能提取公积金用于新房装修。《住房公积金管理条例》规定公积金应当用于购买、建造、翻建、大修自住住房，房屋装修不属于该范畴；装修不等同于大修，大修须由房屋鉴定部门出具C级或D级危房鉴定证明方可申请，并另需房屋所有权证、大修合同或协议、工程预（决）算报告及大修费用凭证。2026年5月20日新政新增的五类提取为物业费、取暖费、契税、住宅专项维修资金、老旧电梯更新改造，均不含装修。,,
聊城,山东省,缴存-灵活就业,支持,,聊城市住房公积金管理中心-聊城市灵活就业人员住房公积金缴存使用办法(2026年修订版),http://gjj.liaocheng.gov.cn/channel_lc_szfgjjglzxchannel201911221748268986016319/doc_69d4a3bb3fab81733fb2db17.html,2026-03-31
聊城,山东省,缴存-缓缴,支持,,山东省人民政府（聊城）-确有困难的单位住房公积金申请缓缴,http://www.shandong.gov.cn/api-gateway/jpaas-jiq-web-sdywtb/front/transition/ywTransToDetail?innerCode=41305517-d499-4795-a581-5d632de79426,
滨州,山东省,贷款,单双职工额度差异,支持,单方正常缴存最高70万元，夫妻双方正常缴存最高100万元,http://www.binzhou.gov.cn/zwgk/news/html/1939640525588054018,政府网站
滨州,山东省,贷款,首套二套额度差异,不支持,首套、二套住房公积金贷款额度上限保持一致,http://www.binzhou.gov.cn/zwgk/news/html/1939640525588054018,政府网站
滨州,山东省,贷款,绿色建筑上浮,未检索到,未检索到公开来源（仅见“好房子”高品质住宅上浮20万元）,,
滨州,山东省,贷款,二孩家庭上浮,支持,多子女家庭最高贷款额度上浮比例由20%调整为30%,http://www.binzhou.gov.cn/zwgk/news/html/1939640525588054018,政府网站
滨州,山东省,贷款,三孩家庭上浮,支持,三孩属多子女家庭，最高贷款额度上浮30%,http://www.binzhou.gov.cn/zwgk/news/html/1939640525588054018,政府网站
滨州,山东省,贷款,人才青年上浮,有条件支持,仅适用于高端人才（按《滨州市高端人才住房公积金个人贷款实施细则》）；单方缴存上限50万元、双方缴存上限100万元、余额按50倍计算,http://www.binzhou.gov.cn/jact/front/mailpubdetail.do?sysid=1206&transactId=641072,政府网站
滨州,山东省,贷款,家庭共享额度代际互助,支持,开通购房亲情提取业务，职工夫妻双方、父母、子女可一次性提取住房公积金,http://www.binzhou.gov.cn/zwgk/news/html/1939640525588054018,政府网站
滨州,山东省,贷款,商转公,支持,开展商业性住房贷款转组合贷款（商转组）直转模式，并全面支持商转公,http://www.binzhou.gov.cn/zwgk/news/html/1939640525588054018,政府网站
滨州,山东省,贷款,最长贷龄30年,支持,借款申请人所申请的贷款期限不得超过30年,http://www.binzhou.gov.cn/zwgk/news/html/1939640525588054018,政府网站
滨州,山东省,提取,购房一次性提取,支持,购买具有产权的自住住房可提取公积金；滨住金发〔2025〕9号开通购房亲情提取，取得有效购房凭证三年内职工夫妻双方、父母、子女可一次性提取。,,
滨州,山东省,提取,租房提取限额,支持,2025年3月1日起租住滨城区等5区县商品住房的夫妻每年最高18000元，其他县区16000元，均按家庭计；保障性住房凭备案证明与完税发票据实提取。,,
滨州,山东省,提取,多孩租房上浮,未确认,未见滨州对多子女家庭租房提取额度上浮的规定；省级政务服务指南中多子女材料仅关联贷款额度上浮30%，租房仍按区域定额18000/16000元执行。,,
滨州,山东省,提取,加装电梯提取,支持,支持提取公积金用于既有多层住宅增设电梯，2025年年度报告披露截至2025年12月底已为96户家庭办理该项提取业务、金额合计554.6万元。,,
滨州,山东省,提取,车位购置提取,不支持,省级口径：职工购买商铺、写字楼、车库、地下室不能提取住房公积金，只有购置自住住宅性质房屋才能提取；滨州历年新增提取项目亦未涉及车位。,,
滨州,山东省,提取,大病救助提取,支持,2026年5月9日起开展家庭生活困难提取住房公积金业务，职工本人、配偶因患重病造成家庭生活困难的可提取，一年可提取一次；发布会披露已为23户家庭办理纾困。,,
滨州,山东省,提取,既提又贷,未确认,滨州已开通购房首付款直付式提取与亲情购房提取，但未检索到“提取后仍可申请公积金贷款”或两者金额合并计算的明文表述，需向中心核实。,,
滨州,山东省,提取,首付直付,支持,2024年10月29日起开展直付式首付提取，网签后购房人及配偶合计提取额不超合同约定的首付款金额，资金划转至开发企业已备案的资金监管账户。,,
滨州,山东省,提取,代际互助,支持,2025年7月起开通购房亲情提取，取得有效购房凭证三年内职工夫妻双方、父母、子女可一次性提取；2026年5月9日新增亲情还贷提取。,,
滨州,山东省,提取,按月冲还商贷,有条件支持,须为合作银行（中行、农行、工行、建行、交行、东营银行、齐鲁银行、招商银行、邮储银行、滨州农商行、潍坊银行等）且本人无未结清的住房公积金贷款；'双房贷-双重还'情形须先办理公积金贷款按月冲还 滨州2026年5月推出'双房贷-双重还'业务，在已按月冲还公积金贷款前提下可办理纯商贷部分按月委托提取；纯商贷（无未结清公积金贷款）在与中心联网的合作银行也可办理偿还商贷按月委托提取。,,
滨州,山东省,提取,物业费提取,支持,缴存人及配偶每个自然年度可提取一次住房公积金用于支付住房物业费，夫妻提取额度合计不超过3000元，当年未提取的次年不累计。材料：产权人提供身份证、房屋产权证，配偶提取另需婚姻关系凭证（共享数据可获取的免提供）；租房职工提取另需提供租赁合同，但同一房屋的租房职工与产权人不可同时申请。自2026年5月9日起执行。另自2026年8月11日起放宽：存有未结清公积金贷款且还款状态正常的缴存人及配偶，也可申请物业费提取。,,
滨州,山东省,提取,住房装修提取,不支持,《滨州市住房公积金提取管理暂行办法》第八条明确列举：购买、租赁办公用房、商业用房、商务公寓、车库、地下室、装修住房等，均不得提取住房公积金。现行可提取的住房消费类情形为购买、建造、翻建、大修具有产权的自住住房、偿还住房贷款、租赁住房；其中大修须提供被确认为严重损坏房或房屋安全鉴定报告、房屋所有权证、大修合同、工程预（决）算报告及费用凭证。2026年5月9日、8月11日两次新政均未涉及装修。,,
滨州,山东省,缴存-灵活就业,支持,,滨州市人民政府-滨州市灵活就业人员自主缴存使用住房公积金管理办法,http://www.binzhou.gov.cn/zfxxgk/news/html?1470218594054934530.html,
滨州,山东省,缴存-缓缴,支持,,滨州市政务服务网-确有困难的单位住房公积金申请缓缴,https://bzzwfw.sd.gov.cn/bz/icity/proinfo/index4gg?id=b6c8c680-9d67-4e26-a55a-ee66c4c952d8,
临沂,山东省,贷款,单双职工额度差异,支持,单缴存职工家庭最高100万元，双缴存职工家庭最高130万元,https://www.linyi.gov.cn/info/2003/459689.htm,政府网站
临沂,山东省,贷款,首套二套额度差异,不支持,首套二套贷款最高额度上限一致（单100万/双130万），不区分首套二套，首付统一15%,https://www.linyi.gov.cn/info/3442/410988.htm,政府网站
临沂,山东省,贷款,绿色建筑上浮,未检索到,未检索到公开来源（仅见高品质住宅上浮30万元）,,
临沂,山东省,贷款,二孩家庭上浮,支持,多子女家庭（二孩及以上）贷款限额最高上浮40万元,https://12345.linyi.gov.cn/gov/app/share/YS00MDktMTAwMTY2NDMy.html,政府网站
临沂,山东省,贷款,三孩家庭上浮,支持,三孩属多子女家庭（二孩及以上），贷款限额最高上浮40万元,https://12345.linyi.gov.cn/gov/app/share/YS00MDktMTAwMTY2NDMy.html,政府网站
临沂,山东省,贷款,人才青年上浮,支持,高层次人才贷款额度上限调整为220万元,https://www.linyi.gov.cn/info/2003/459689.htm,政府网站
临沂,山东省,贷款,家庭共享额度代际互助,支持,购房提取、还贷提取支持家庭代际互助，夫妻双方父母、子女可同时申请提取住房公积金,https://gjj.linyi.gov.cn/info/1141/7476.htm,政府网站
临沂,山东省,贷款,商转公,支持,商转公贷款额度上限由70万元提高至100万元,https://12345.linyi.gov.cn/gov/app/share/YS00MDktMTAwMTY2NDMy.html,政府网站
临沂,山东省,贷款,最长贷龄30年,支持,住房公积金贷款期限最长30年,https://www.linyi.gov.cn/info/3442/410988.htm,政府网站
临沂,山东省,提取,购房一次性提取,支持,购买自住住房不申请公积金贷款的提取总额不超购房款总额，申请公积金贷款的提取金额不超首付款金额；购买、建造、翻建、大修自住住房同一套住房每人仅可提取一次。,,
临沂,山东省,提取,租房提取限额,支持,2024年7月30日起租住本市商品住房每户每年房租提取限额由10368元提至21600元，面积以144㎡为限；租住公租房按实际房租全额提取，可直付至非税专户。,,
临沂,山东省,提取,多孩租房上浮,支持,临住字〔2023〕23号明确在临沂无自有住房且租房的多子女家庭连续足额缴存满3个月的，可按实际房租支出提取，突破每户每年21600元的定额上限。,,
临沂,山东省,提取,加装电梯提取,支持,临住字〔2023〕23号明确临沂市区老旧小区居民可提取公积金用于本人及配偶、双方父母自住住房加装电梯改造，各县区参照执行；2025年中心继续支持该项提取。,,
临沂,山东省,提取,车位购置提取,不支持,省级口径：职工购买商铺、写字楼、车库、地下室不能提取住房公积金，只有购置自住住宅性质房屋才能提取；临沂提取办法的提取情形亦未包含车位。,,
临沂,山东省,提取,大病救助提取,未确认,现行提取办法第四条的7类情形不含重大疾病，仅河东区的老办法解读提及“部分或全部丧失劳动能力造成家庭生活严重困难”可提取，未见临沂大病医疗提取的现行明文规定。,,
临沂,山东省,提取,既提又贷,支持,申请公积金贷款的购房提取金额不超过首付款金额，即贷款与购房提取可并行；2025年新政明确使用房票购房的房票视同首付款，可申请提取与贷款，合计金额不超过房屋总价。,,
临沂,山东省,提取,首付直付,未确认,2025年年度报告称继续支持提取公积金用于支付购买自住住房首付款，并支持公租房提取直付房租，但未检索到首付款直付式划转至开发企业监管账户的明文规定。,,
临沂,山东省,提取,代际互助,支持,临住字〔2025〕39号自2026年1月1日起施行：购买普通自住商品住宅时夫妻双方父母、子女可同时申请提取；还贷提取同样放开，可用于偿还房贷。,,
临沂,山东省,提取,按月冲还商贷,有条件支持,目前支持工商银行、建设银行、农业银行、中国银行、交通银行、邮储银行六家商业银行的商贷 临沂市已上线'按月偿还商贷'业务（2025年4月），支持工行、建行、农行、中行、交行、邮储银行六家商业银行，线上（无感签约）线下均可办理，签约后按月提取商贷本息。,,
临沂,山东省,提取,物业费提取,支持,缴存职工家庭支付住宅商品房物业费的，职工本人及配偶按自然年度同时申请、每个自然年度可提取一次；采用定额提取方式，每个家庭每年定额3000元（夫妻双方合计不得超过3000元），当年未提取的过时不予补提。材料：夫妻双方身份证、本人名下有效Ⅰ类借记卡、婚姻关系证明；可通过“爱山东”APP/小程序“临沂市住房公积金大厅”线上办理，也可到窗口办理。有未结清住房公积金贷款（含组合贷款中公积金贷款部分）的，提取应当优先冲抵公积金贷款。,,
临沂,山东省,提取,住房装修提取,不支持,《临沂市住房公积金提取管理办法》政策解读列明可提取情形共7类（购买/建造/翻建/大修自住住房、偿还公积金或商业房贷本息、无房租房、离退休、完全丧失劳动能力并终止劳动关系、出境定居、死亡或被宣告死亡），不含装修。大修须提供政府批准建造翻建文件或房屋安全鉴定机构出具的危房鉴定证明（C级或D级）、施工合同及费用发票，自出具之日起1年内办理，不等于普通装修。2026年6月2日阶段性新政仅新增物业费、契税、住宅专项维修资金三项提取。,,
临沂,山东省,缴存-灵活就业,支持,,临沂市住房公积金管理委员会关于灵活就业人员参加住房公积金制度的通知（临住管字〔2025〕9号）,https://www.linyi.gov.cn/info/3442/411281.htm,2025
临沂,山东省,缴存-缓缴,支持,单位确有困难，需经职工代表大会或工会讨论通过，并经住房公积金管理中心审核批准,临沂市困难单位住房公积金缓缴办理指南,https://gjj.linyi.gov.cn/info/1032/6528.htm,
厦门,福建省,贷款,单双职工额度差异,支持,,https://cloud.xm.gov.cn/165/service/2677232.xhtml,政府网站
厦门,福建省,贷款,首套二套额度差异,支持,,https://cloud.xm.gov.cn/165/service/2677232.xhtml,政府网站
厦门,福建省,贷款,绿色建筑上浮,支持,,https://www.fj.gov.cn/zwgk/flfg/dfxfg/202108/t20210811_5667248.htm,政府网站
厦门,福建省,贷款,二孩家庭上浮,支持,,https://cloud.xm.gov.cn/165/service/2976143.xhtml,政府网站
厦门,福建省,贷款,三孩家庭上浮,支持,,https://cloud.xm.gov.cn/165/service/2976143.xhtml,政府网站
厦门,福建省,贷款,人才青年上浮,支持,,https://gjj.xm.gov.cn/bszn/gryw/dk/202608/t20260820_3013646.htm,政府网站
厦门,福建省,贷款,家庭共享额度代际互助,支持,,https://gjj.xm.gov.cn/zwgk/zwdt/202605/t20260519_2996728.htm,政府网站
厦门,福建省,贷款,商转公,支持,,https://www.xm.gov.cn/jdhy/rdhy/202406/t20240612_2852173.htm,政府网站
厦门,福建省,贷款,最长贷龄30年,支持,,https://gjj.xm.gov.cn/zcfg/zfgjjgwhwj/2013n/201703/t20170316_2226324.htm,政府网站
厦门,福建省,提取,购房一次性提取,支持,厦公积金管〔2026〕1号：购、建、翻建、大修自住住房应一年内申请，提取金额为申请时账户余额，总额不超实际支付总价款，有住房贷款的不超首付款；取消频次限制。,,
厦门,福建省,提取,租房提取限额,支持,本市无房租住商品住房提取额由每月1200元提高至1800元（2024年7月1日起）；新市民、青年人可按实际租金提取且不超公积金月缴存额；公租房按实际房租支出。,,
厦门,福建省,提取,多孩租房上浮,有条件支持,多子女家庭须在本市无自有住房、租住商品住房且已在厦门市住房租赁交易服务系统备案 符合条件的多子女家庭可按实际租金提取住房公积金，月提取总额不超过当月实际房租支出，即不受1800元上限约束；逐月冲房租业务多子女家庭仅支持柜台办理。,,
厦门,福建省,提取,加装电梯提取,支持,符合本市老旧住宅加装电梯政策规定的，房屋所有权人及其配偶、子女可申请提取，提取总额不超过预（决）算中个人出资部分的金额；老旧电梯更新改造亦可提取。,,
厦门,福建省,提取,车位购置提取,支持,本市购买与所购房产同一小区的新建商品房项目一手车位（库）3年内、取得购置证明满6个月，可一次性提取，不超实际支付购置款且不超各自账户余额的50%。,,
厦门,福建省,提取,大病救助提取,支持,厦公积金管〔2026〕1号新增：缴存人或其配偶、子女、双方父母发生重大疾病的，缴存人及其配偶可提取，总额不超近三年实际发生医疗费用扣除医保支付部分后的余额。,,
厦门,福建省,提取,既提又贷,支持,购、建、翻建、大修自住住房申请住房贷款的，提取总额不超过首付款，即首付部分可提取、余款可申请公积金贷款，二者可并行，不构成互斥。,,
厦门,福建省,提取,首付直付,支持,自2026年2月1日起，缴存人及配偶可申请以直付方式提取公积金支付本市现售商品住房和再交易住房首付款；中心冻结待付资金，备案或取证后转入约定卖方收款账户。,,
厦门,福建省,提取,代际互助,支持,2026年5月25日起，省内购房提取本人及配偶余额不足的，可提取双方父母、子女（不含子女配偶）余额；3年内一次性申请。贷款使用率≥90%时自次月起暂停。,,
厦门,福建省,提取,按月冲还商贷,支持,厦门支持逐月委托还贷（月冲），职工办理后公积金中心每月20日前将账户余额转入还贷账户用于偿还商贷本息；商业性住房贷款（含组合贷）可按此方式办理。另'省内跨中心冲还贷'亦可按月冲还异地/本地商贷。,,
厦门,福建省,提取,物业费提取,不支持,厦门自2021年5月17日《关于规范调整我市住房公积金部分提取贷款政策的通知》起，已将提取范围严格规范到《住房公积金管理条例》规定范围内，明确取消“城市低收入家庭职工支付物业服务费”提取，该情形列入不可提取的8种情形之一。2026年2月5日施行的提取政策优化调整通知及2026年5月25日六条公积金措施均未新增物业费提取。现行10类可提取情形为购房/建造/翻建/大修、离退休、丧失劳动能力、出境定居、偿还房贷、无房租房、死亡、非本市户籍离职离厦、城镇低保、老旧住宅加装及更新电梯，不含物业费。国家新条例9月20日施行后本地细则待出台。,,
厦门,福建省,提取,住房装修提取,支持,缴存人在厦门市购买自住住房5年内、取得有效购房证明材料满6个月后，缴存人及其配偶可一次性申请提取住房公积金用于所购住房装修。提取额度按房屋建筑面积×装修单价标准计算，装修单价标准为每平方米1800元，每套住房提取总额不超过25万元。该政策自2026年5月25日起施行；当住房公积金贷款使用率高于90%（含）时，自公布次月起暂停办理装修提取业务。属福建省内较早落地的装修提取细则。,,
厦门,福建省,缴存-灵活就业,支持,,厦门市住房公积金管理委员会关于优化调整住房公积金缴存政策的通知（厦公积金管〔2026〕5号，福建日报转发）,https://www.fjdaily.com/app/content/2026-07/02/content_4221670.html,2026-07-01
厦门,福建省,缴存-缓缴,支持,,厦门市人民政府关于印发厦门市住房公积金管理规定的通知（第十二条）,https://www.xm.gov.cn/zwgk/flfg/sfwj/200811/t20081119_288817.htm,2008-11-19
福州,福建省,贷款,单双职工额度差异,支持,,https://www.fuzhou.gov.cn/zwgk/gzdt/rcyw/202608/t20260827_5364074.htm,政府网站
福州,福建省,贷款,首套二套额度差异,不支持,,https://www.fuzhou.gov.cn/zwgk/gzdt/rcyw/202608/t20260827_5364074.htm,政府网站
福州,福建省,贷款,绿色建筑上浮,支持,,https://zfgjj.fuzhou.gov.cn/zfxxgkzl/gkml/gzdt_32746/202511/t20251118_5233081.htm,政府网站
福州,福建省,贷款,二孩家庭上浮,支持,,https://zfgjj.fuzhou.gov.cn/wsbs/xzzx_49891/202208/t20220805_4412021.htm,政府网站
福州,福建省,贷款,三孩家庭上浮,支持,,https://zfgjj.fuzhou.gov.cn/wsbs/xzzx_49891/202208/t20220805_4412021.htm,政府网站
福州,福建省,贷款,人才青年上浮,支持,,https://zfgjj.fuzhou.gov.cn/zwgk/gzdt/zyxw/202601/t20260129_5278871.htm,政府网站
福州,福建省,贷款,家庭共享额度代际互助,支持,,https://zx.fuzhou.gov.cn/zz/csfz/fzdt/202512/t20251230_5264334.htm,政府网站
福州,福建省,贷款,商转公,支持,,https://zfgjj.fuzhou.gov.cn/wsbs/xzzx_49891/202208/t20220805_4412021.htm,政府网站
福州,福建省,贷款,最长贷龄30年,支持,,https://www.fuzhou.gov.cn/zwgk/tzgg/202511/t20251117_5232263.htm,政府网站
福州,福建省,提取,购房一次性提取,支持,购买新建商品房或再交易住房，产权人及配偶自最迟取得购房有效证明材料之日起3年内一次性申请，提取总额不超过实际支付的购房款（不含住房贷款部分）。,,
福州,福建省,提取,租房提取限额,支持,缴存地无房租住商品房或保障性租赁住房的，每人每月最高1500元；租住公租房按实际房租支出全额提取。首次提取不超6个月租金，之后按月可按实际间隔计算。,,
福州,福建省,提取,多孩租房上浮,支持,多子女家庭（生育、抚养两个及以上未成年子女）租住商品房的，每人每月最高租房提取额度由1500元提高至1800元，需提交居民户口簿、出生医学证明。,,
福州,福建省,提取,加装电梯提取,支持,本人、配偶及双方父母在本市既有住宅增设或更新电梯，自缴款之日起一年内一次性申请，提取总额不超过实际出资金额；需提供不动产权证、分摊费用明细等。,,
福州,福建省,提取,车位购置提取,支持,本市购置与所购住房同一小区、独立产权车库（位）3年内，且取得购置证明满6个月，可一次性提取，总额不超实际支付购置款（不含贷款部分）；已取消网签时间限制。,,
福州,福建省,提取,大病救助提取,支持,本人或配偶、子女、双方父母患省级医保部门规定特殊病症致家庭严重困难，本人及配偶可提取，总额不超近三年实际发生医疗费用扣除医保支付部分后的余额。,,
福州,福建省,提取,既提又贷,支持,购房提取仅限不含贷款部分的已付房款，可同时申请公积金贷款支付余款；且购买本套房已提取金额、首次贷款前累计租房提取金额可计入账户余额参与贷款额度测算。,,
福州,福建省,提取,首付直付,支持,购买新建商品房可授权中心将提取金额直接转入开发企业预售资金监管账户；购买再交易住房可直转售房人账户或银行监管账户，无需先垫后提。,,
福州,福建省,提取,代际互助,支持,2026年3月9日起范围扩至省内购房，购房人及配偶的双方父母、子女（含配偶父母）可提取；优先提购房人及配偶余额，3年内一次性申请，合计不超首付款或合同总价。,,
福州,福建省,提取,按月冲还商贷,支持,福州已实现9家承办银行个人住房商业贷款委托还贷业务全覆盖，签约后'一次签约、自动报账、实时到账'，次月起每月自动提取公积金偿还商贷（'一月三冲'）。须还贷满1个月且与上次提取间隔满1个月。,,
福州,福建省,提取,物业费提取,支持,缴存人及配偶持有福州市行政区域内自住住房不动产权证的，每年可以名下任意一套自住住房申请提取一次住房公积金支付该住房年度物业费，每人每次提取限额3000元（夫妻合计6000元）。提取周期按自然年计算，当年未提取或未足额提取的额度不累计结转至下一年度。异地住房暂不纳入物业费提取范围；名下有多套符合条件的，仅可选定其中一套办理。政策自2026年8月28日起施行，有效期5年。,,
福州,福建省,提取,住房装修提取,支持,缴存人及配偶在福建省内购买自住住房5年内、取得有效购房证明材料满6个月后，可一次性申请提取住房公积金用于所购住房装修。提取标准1500元/㎡，按实际建筑面积计算，建筑面积超过144㎡的按144㎡计算（即单套家庭合计上限21.6万元）。每个家庭仅可就名下一套自住住房申请提取。2026年8月28日起，自住住房认定范围由福州市行政区域扩大至福建省全省，即在省内其他地市购房装修同样适用。,,
福州,福建省,缴存-灵活就业,支持,,福州住房公积金管理委员会《关于修订〈福州市灵活就业人员缴存使用住房公积金管理办法〉部分条款的通知》（榕公积金管委规〔2025〕2号，2025-04-09）；2026-06仍有效,https://zx.fuzhou.gov.cn/zz/csfz/fzdt/202504/t20250411_5003250.htm,2025-04
福州,福建省,缴存-缓缴,支持,,福州住房公积金中心“公积金缴存_缓缴”办事指南（设定依据《住房公积金管理条例》第二十条）,https://zfgjj.fuzhou.gov.cn/wsbs/xzzx_49891/202104/t20210412_4073959.htm,2021-04
泉州,福建省,贷款,单双职工额度差异,支持,单缴存职工最高80万元、双缴存职工最高120万元,https://m.qz.bendibao.com/live/2569.shtm,其他新闻
泉州,福建省,贷款,首套二套额度差异,支持,初育多子女家庭二套住房按首套认定,https://www.quanzhou.gov.cn/zfb/jdhy/hygq/202605/t20260529_3295820.htm,政府网站
泉州,福建省,贷款,绿色建筑上浮,支持,二星级及以上绿色建筑贷款额度上浮20%,https://m.qz.bendibao.com/live/34574.shtm,其他新闻
泉州,福建省,贷款,二孩家庭上浮,支持,多子女家庭贷款额度另加20万元,https://www.quanzhou.gov.cn/zfb/jdhy/hygq/202605/t20260529_3295820.htm,政府网站
泉州,福建省,贷款,三孩家庭上浮,支持,三孩家庭贷款额度另加40万元,https://m.qz.bendibao.com/live/34574.shtm,其他新闻
泉州,福建省,贷款,人才青年上浮,支持,支持外国人才缴存并享同等公积金贷款权利（政策单列人才安居维度，未对人才/青年/新市民设专项额度上浮）,https://www.163.com/dy/article/KU4E9OLK054572GV.html,其他新闻
泉州,福建省,贷款,家庭共享额度代际互助,支持,省内购房可提取父母子女公积金代际互助,https://www.quanzhou.gov.cn/zfb/jdhy/hygq/202605/t20260529_3295820.htm,政府网站
泉州,福建省,贷款,商转公,支持,允许商业贷款转公积金贷款,https://qzgjj.quanzhou.gov.cn/hdjl/zxft/wqhg/index_15539.htm?id=2612,政府网站
泉州,福建省,贷款,最长贷龄30年,支持,最长贷款期限可达30年,https://m.qz.bendibao.com/live/2569.shtm,其他新闻
泉州,福建省,提取,购房一次性提取,支持,购买、建造、翻建、大修自住住房可在最迟取得有效证明材料之日起3年内一次性申请；全款购买再交易住房须取证满6个月（已办按揭贷款的除外）。,,
泉州,福建省,提取,租房提取限额,支持,2026年5月29日起，缴存地无房且租住商品住房的，每人每月租房提取额度由1000元提高至1500元；提取频次不设限，按距上次提取间隔月数计算。,,
泉州,福建省,提取,多孩租房上浮,支持,2026年5月29日起，生育、抚养两个及以上子女的职工家庭，缴存地无房租住商品住房的，每人每月租房提取额度提高至1700元（原1200元）。,,
泉州,福建省,提取,加装电梯提取,支持,2014年起支持既有住宅增设电梯提取；2025年8月22日扩至住宅老旧电梯更新改造，纳入超长期特别国债支持的项目验收合格取证一年内，业主及配偶、子女、父母可提取一次。,,
泉州,福建省,提取,车位购置提取,支持,本市购买与所购房产同一小区、有独立产权的车位（库）3年内、取得证明满6个月，可提取一次，每套住房限1个，不超实际支付购置款且最高20万元。,,
泉州,福建省,提取,大病救助提取,支持,2010年起开办大病提取；2026年5月29日起提取时限由2年延长至3年，本人或配偶、子女、双方父母患特殊病症致家庭严重困难，总额不超近3年自付医疗费用余额。,,
泉州,福建省,提取,既提又贷,支持,2024年8月起购买新建商品住房、保障性住房、二手房的职工（含共有产权人）、配偶及直系血亲可提取支付首付款，同时可另行申请住房公积金贷款。,,
泉州,福建省,提取,首付直付,支持,2022年5月起新建商品住房、2024年8月扩至保障性住房及二手房，购房职工、配偶及直系血亲可直接提取公积金支付首付款，无需先垫资后报销。,,
泉州,福建省,提取,代际互助,支持,自2026年1月1日起延续，省内购买自住住房的，提取购房人及配偶余额后不足部分可提取双方父母、子女余额；2026年起进一步拓宽至购房人配偶的父母。,,
泉州,福建省,提取,按月冲还商贷,有条件支持,目前仅支持省内建设银行、兴业银行的纯商业性住房按揭贷款（除厦门外）办理商贷逐月还贷；须还款满2个月、账户留足2个月（含）以上缴存额，且须本人办理、主借款人授权 泉州市住房公积金管理中心自2024年7月30日起开通商贷逐月还贷（公积金冲还贷），支持省内建行、兴业银行纯商贷（除厦门外）签约委托按月提取；组合贷中的商贷部分此前已支持。办理须商贷还款满2个月且无逾期，账户留存2个月以上缴存额，主借款人须授权中心查询商贷信息，本人签约不可代办。,,
泉州,福建省,提取,物业费提取,支持,缴存人本人及配偶须无未结清公积金贷款，且在泉州市拥有自住住房的，本人及配偶每年可各选择家庭名下1套自住住房，按实际支付的物业管理费申请提取一次住房公积金，每套住房每年提取金额不超过5000元。需提供物业公司开具的正式物业费发票（开票日期距申请1年内，收据、缴费通知无效，不含公共能耗费、电梯运行费、垃圾清理费、车位管理费），首次提取还需提供购房备案合同附查房证明或不动产权证书、身份证、婚姻状况证明、一类银行卡。泉州为福建全省率先将物业费纳入提取范围的城市。,,
泉州,福建省,提取,住房装修提取,支持,缴存人本人及配偶无未结清公积金贷款的，在泉州市购买自住住房5年内、自购房合同备案之日或取得不动产权证（以发证日为准）满6个月，可申请提取一次住房公积金用于所购住房装修。提取额度按购房备案合同或不动产权证书载明的建筑面积×1500元/㎡计算，同一套住房夫妻双方合计提取总额不超过20万元。同一套住房12个月内交易两次（含）以上的只能申请一次，后续产权人须与上次提取间隔满12个月。个贷使用率连续3个月超90%时暂停办理。,,
泉州,福建省,缴存-灵活就业,有条件支持,须在我市以灵活就业人员身份正常缴纳城镇职工基本养老保险费满1个月（含）以上，且年满18周岁未达法定退休年龄（男<60/女<55）。,泉州市住房公积金管理委员会《泉州市灵活就业人员缴存使用住房公积金管理办法》（2024-06-11出台，2024-07-02发文）,https://qzgjj.quanzhou.gov.cn/zwgk/zfxxgk/fdzdgknr/zcfggfxwj/202407/t20240702_3056080.htm,2024-07
泉州,福建省,缴存-缓缴,支持,,泉州市住房公积金管理委员会《关于进一步优化住房公积金缴存使用政策的通知》（2025-08-22）,https://qzgjj.quanzhou.gov.cn/zwgk/zfxxgk/fdzdgknr/zcfggfxwj/202510/t20251011_3217138.htm,2025-08
漳州,福建省,贷款,单双职工额度差异,支持,单缴存职工最高40万、双缴存职工最高80万,http://gjj.zhangzhou.gov.cn/cms/html/zzszfgjjglzx/2024-09-19/924618617.html,政府网站
漳州,福建省,贷款,首套二套额度差异,不支持,首套与二套最高额度相同、仅利率与最低首付比例不同,http://gjj.zhangzhou.gov.cn/cms/html/zzszfgjjglzx/2025-12-01/1718239532.html,政府网站
漳州,福建省,贷款,绿色建筑上浮,支持,购买二星级以上绿色建筑住房贷款额度上浮20%,http://jsj.zhangzhou.gov.cn/cms/html/zzszfhcxjsj/2024-09-18/1383934023.html,政府网站
漳州,福建省,贷款,二孩家庭上浮,支持,生育二孩职工家庭购建自住住房最高可贷额度另加20万元,http://gjj.zhangzhou.gov.cn/cms/html/zzszfgjjglzx/2025-12-01/1718239532.html,政府网站
漳州,福建省,贷款,三孩家庭上浮,支持,生育三孩职工家庭购建自住住房最高可贷额度另加20万元,http://gjj.zhangzhou.gov.cn/cms/html/zzszfgjjglzx/2025-12-01/1718239532.html,政府网站
漳州,福建省,贷款,人才青年上浮,支持,灵活就业人员可申请住房公积金贴息贷款(覆盖青年、新市民等),https://m.zhangzhou.bendibao.com/news/17987.shtm,其他新闻
漳州,福建省,贷款,家庭共享额度代际互助,支持,福建省内购房购房人父母、子女可申请提取公积金支持购房,https://www.zhangzhou.gov.cn/cms/html/dr/2026-03-30/1034755653.html,政府网站
漳州,福建省,贷款,商转公,支持,商贷已还款满1年且取得不动产权证可转公积金贷款,https://www.zhangzhou.gov.cn/cms/html/zzszfgjjglzx/2026-04-03/569405132.html,政府网站
漳州,福建省,贷款,最长贷龄30年,支持,贷款期限最长不超过30年,http://gjj.zhangzhou.gov.cn/cms/html/zzszfgjjglzx/2025-12-01/1718239532.html,政府网站
漳州,福建省,提取,购房一次性提取,支持,购买、建造、翻建、大修自住住房申请提取可在最迟取得有效证明材料之日起3年内一次性申请；购买二手房且未办贷款的须持有不动产权证满6个月。,,
漳州,福建省,提取,租房提取限额,支持,租住商品房按每人每月600元、一年提取一次；青年人（40周岁及以下）及新市民按每人每月700元；租住公租房按实际房租支出全额提取。2026年新政另已提高额度。,,
漳州,福建省,提取,多孩租房上浮,支持,按国家生育政策生育二孩或三孩的职工家庭，按缴存职工每人每月800元标准支取（养子女、继子女不纳入），高于普通职工600元标准；需提供户籍或出生医学证明。,,
漳州,福建省,提取,加装电梯提取,支持,仅限本市范围内本人、配偶及双方父母既有住宅增设电梯，缴款之日起一年内申请，可提取本人及配偶公积金，提取总额不超过实际出资金额；需提供备案表、分摊明细等。,,
漳州,福建省,提取,车位购置提取,支持,省内购买与所购房产同一小区、独立产权车位（库）3年内且取得证明满6个月，可一次性提取；每套住房限配不超过2个，不超实际支付购置总价款且最高25万元。,,
漳州,福建省,提取,大病救助提取,支持,归入家庭生活困难类提取，职工本人或配偶、子女、双方父母发生省级劳动保障部门规定的特殊病症造成家庭严重困难的可申请；具体额度以中心办事指南为准。,,
漳州,福建省,提取,既提又贷,支持,需先办理购房提取再办理公积金贷款（带押过户再交易组合贷除外）；新建商品住房可选支付首付方式，二手房合计提取不超房价60%，余款可申请贷款。,,
漳州,福建省,提取,首付直付,支持,购买新建商品住房可选“支付首付”方式，各申领人提取金额不超购房合同约定首付金额，资金转入开发企业监管账户；另设“购房首付款约定提取”线上事项。,,
漳州,福建省,提取,代际互助,支持,2026年1月1日起延续，省内购买自住住房且符合购房提取条件的，提取本人及配偶余额后仍不足的，可提取双方父母、子女余额；优化后夫妻双方的父母均可参与。,,
漳州,福建省,提取,按月冲还商贷,有条件支持,仅支持福建省内（除厦门外）七家银行（工、农、中、建、兴业、中信、农信）的纯商业性住房按揭贷款；须贷款已还款满2个月且无逾期、账户正常缴存；报销模式（当月办理、次月生效）。 2025年起漳州开展商业性个人住房贷款报账式冲还贷（逐月冲还）业务，系统在每月5、15、25日按上月已还款金额从公积金账户划转至还款银行卡；此前商贷仅能按年提取。,,
漳州,福建省,提取,物业费提取,有条件支持,仅面向符合漳州市低收入家庭标准的缴存职工，不属于面向普通缴存人的普惠性物业费提取。每年可支取一次（需间隔满12个月），用于支付其承租的保障性住房或名下一套住宅的物业服务费。需提供市、县民政部门出具的低收入家庭认定证明、保障性住房租赁证明（租赁保障性住房）或不动产权证/房屋所有权证加物业服务费支付凭证、身份证、一类银行卡、婚姻状况证明。依据为转发闽建金管函〔2014〕14号的市管理中心通知，未见新的普惠性物业费细则。 仅面向符合漳州市低收入家庭标准的缴存职工，不属于面向普通缴存人的普惠性物业费提取。每年可支取一次（需间隔满12个月），用于支付其承租的保障性住房或名下一套住宅的物业服务费。需提供市、县民政部门出具的低收入家庭认定证明、保障性住房租赁证明（租赁保障性住房）或不动产权证/房屋所有权证加物业服务费支付凭证、身份证、一类银行卡、婚姻状况证明。依据为转发闽建金管函〔2014〕14号的市管理中心通知，未见新的普惠性物业费细则。,,
漳州,福建省,提取,住房装修提取,支持,在本市购买自住住房5年内、并取得有效购房证明材料满6个月，缴存人本人及配偶可申请提取一次住房公积金用于所购住房装修。提取额度按所购住房建筑面积×1400元/㎡计算，最高不超过20万元。需提供身份证、本人一类银行卡、婚姻状况证明、不动产权证书（新建商品住房可提供购房备案合同，拆迁安置房提供拆迁补偿协议，拍卖房提供拍卖成交确认书）。当住房公积金资金使用率连续3个月超过95%时暂停办理；同一套住房3年内交易两次（含）以上的只能提取一次，后续提取需间隔满3年。,,
漳州,福建省,缴存-灵活就业,支持,,漳州市灵活就业人员参加住房公积金制度试点实施细则,http://gjj.zhangzhou.gov.cn/cms/html/zzszfgjjglzx/2025-06-03/745325861.html,2025-06
漳州,福建省,缴存-缓缴,支持,单位缴存情况变更（含申请缓缴）按规定办理,漳州市住房公积金缴存和变更业务说明,http://gjj.zhangzhou.gov.cn/cms/html/zzszfgjjglzx/2025-12-15/624014013.html,2025-12
莆田,福建省,贷款,单双职工额度差异,支持,单缴存与双缴存职工最高贷款额度不同,https://www.xianyou.gov.cn/xxgk/ztzl/taya/zxta/202608/t20260814_2229820.htm,政府网站
莆田,福建省,贷款,首套二套额度差异,支持,首套与二套执行不同利率及住房套数认定,https://www.putian.gov.cn/gzcy/zxft/ftzb/202510/t20251030_2029110.htm,政府网站
莆田,福建省,贷款,绿色建筑上浮,未检索到,未检索到公开来源,,空
莆田,福建省,贷款,二孩家庭上浮,支持,多子女（含二孩）家庭贷款额度上浮,https://www.xianyou.gov.cn/xxgk/ztzl/taya/zxta/202608/t20260814_2229820.htm,政府网站
莆田,福建省,贷款,三孩家庭上浮,支持,多子女（含三孩）家庭贷款额度上浮,https://www.xianyou.gov.cn/xxgk/ztzl/taya/zxta/202608/t20260814_2229820.htm,政府网站
莆田,福建省,贷款,人才青年上浮,支持,高层次人才贷款额度上浮（最高4倍）,https://zjj.putian.gov.cn/xxgk/jsjgw/202604/t20260428_2214105.htm,政府网站
莆田,福建省,贷款,家庭共享额度代际互助,支持,购房提取代际互助，父母子女可提取公积金支持购房,https://www.xianyou.gov.cn/xxgk/ztzl/taya/zxta/202608/t20260814_2229820.htm,政府网站
莆田,福建省,贷款,商转公,支持,开办商业贷款转公积金贷款业务,https://zjj.putian.gov.cn/xxgk/gzdt/202407/t20240709_1930980.htm,政府网站
莆田,福建省,贷款,最长贷龄30年,支持,公积金贷款期限最长30年,https://www.putian.gov.cn/gzcy/zxft/ftzb/202510/t20251030_2029110.htm,政府网站
莆田,福建省,提取,购房一次性提取,支持,购买、建造、翻建、大修自住住房可在最迟取得有效证明材料之日起3年内一次性申请；购买再交易住房须取得不动产权证书满6个月（已办住房贷款的除外）。,,
莆田,福建省,提取,租房提取限额,支持,本人及配偶本市辖区内无房租赁自住住房的，首次可提12个月额度，按每人每月700元；每人每年提取额度不超过7200元；租住公租房按实际房租支出提取。,,
莆田,福建省,提取,多孩租房上浮,支持,生育、抚养两个及以上子女的职工家庭，在本市无房租赁自住住房的，租房提取额度提高至每人每月1000元；逐月冲房租暂按700元，需提1000元须到柜台办理。,,
莆田,福建省,提取,加装电梯提取,支持,城镇老旧小区加装、改造电梯等自住住房改造可提取公积金，支持范围已扩大到职工本人及配偶的双方父母；提取金额不超过实际分摊（出资）金额。,,
莆田,福建省,提取,车位购置提取,支持,省内购买与所购住房同一小区、有独立产权的车位（库），不动产权证满6个月至3年内，本人及配偶可一次性提取，不超实际支付购置款且最高不超过10万元。,,
莆田,福建省,提取,大病救助提取,支持,职工本人或配偶、子女、双方父母发生省级劳动保障部门规定的特殊病症造成家庭生活严重困难的，可申请提取公积金，需提供诊断证明及医疗费用票据。,,
莆田,福建省,提取,既提又贷,支持,再交易住房预提取付首付的，提取总额不超合同约定的首付款，且提取总额与住房贷款金额合计不超过房屋总价，即允许提取首付与申请贷款并行。,,
莆田,福建省,提取,首付直付,支持,已出台新建商品住房提取支付首付款、再交易住房预提公积金支付首付款两项实施细则，全面推行提取公积金“直付”购房首付款，减轻自筹资金压力。,,
莆田,福建省,提取,代际互助,支持,莆房金委〔2026〕1号：自2025年1月1日起，省内购买自住住房的，购房人及配偶的父母、子女可提取支持购房，提取总额与本次住房贷款之和不超该套住房总价款。,,
莆田,福建省,提取,按月冲还商贷,有条件支持,仅限省内（除厦门）建行、工行、农行、中行、交行、兴业、中信7家银行办理的纯商贷，且须正常还满1个月、贷款不含车位（车库）等非住房用途、借款人授权查询。 莆田市住房公积金管理中心自2025年4月16日起开通'纯商业银行住房贷款逐月冲还贷'业务，实行报账制，每月按上月实际归还的贷款本息划转至约定银行卡（划款后账户余额不低于百元）；2026年4月起优化为'一月二冲'（每月15日、25日两次划款）。,,
莆田,福建省,提取,物业费提取,不支持,莆田自2021年8月16日起，依据莆房金委〔2021〕6号明确取消“提取住房公积金用于低收入家庭标准的缴存职工支付名下一套住宅物业服务费用”事项，物业费不再属提取范围。此前的低收入家庭物业费提取（2015年4月3日起执行）同步废止。2026年6月出台的莆房金委〔2026〕5号新政，提取端仅新增装修、购买车位（库）两项，未恢复或新增物业费提取。现行可提取情形不含物业费，国家新条例9月20日施行后是否出台配套细则待观察。,,
莆田,福建省,提取,住房装修提取,支持,职工在本市辖区内购买自住住房，自取得不动产权证书之日起满6个月且在5年之内，职工本人及配偶可一次性提取住房公积金用于装修。提取额度依据房屋建筑面积×装修单价1600元/㎡核算，同一套房装修提取总额最高不超过20万元。当个贷使用率（含公转商贴息）连续3个月超过95%时暂停办理。同一套住房发生产权交易变更的，后续产权人申请须与该住房上次装修提取日期间隔满12个月；建造、翻建住房以及与非直系亲属共同购买的住房不能办理装修提取。,,
莆田,福建省,缴存-灵活就业,有条件支持,需在自愿缴存当月之前于莆田市正常连续缴纳城镇职工基本养老保险费满12个月,莆田市人民政府（在线访谈：灵活就业人员缴存业务）,https://www.putian.gov.cn/gzcy/zxft/ftzb/202308/t20230821_1846142.htm,2023-08
莆田,福建省,缴存-缓缴,支持,,莆田市人民政府（应对疫情帮助市场主体纾困解难措施）,https://www.putian.gov.cn/zwgk/zcwjk/zcwd/202212/t20221202_1784941.htm,2022-12
宁德,福建省,贷款,单双职工额度差异,支持,单缴存与双缴存职工最高贷款额度不同,https://www.ningde.gov.cn/nrrh/zfgjjglzx/202510/t20251013_2351460.htm,政府网站
宁德,福建省,贷款,首套二套额度差异,支持,首套与二套执行不同利率及住房套数认定,https://www.ningde.gov.cn/nrrh/zfgjjglzx/202510/t20251013_2351460.htm,政府网站
宁德,福建省,贷款,绿色建筑上浮,未检索到,未检索到公开来源,,空
宁德,福建省,贷款,二孩家庭上浮,支持,多子女（含二孩三孩）家庭贷款额度上浮20万元,https://gjj.ningde.gov.cn/jdhy/hygq_1/202502/t20250227_2019309.htm,政府网站
宁德,福建省,贷款,三孩家庭上浮,支持,多子女（含二孩三孩）家庭贷款额度上浮20万元,https://gjj.ningde.gov.cn/jdhy/hygq_1/202502/t20250227_2019309.htm,政府网站
宁德,福建省,贷款,人才青年上浮,支持,三都澳英才卡等人才贷款额度上浮,https://gjj.ningde.gov.cn/jdhy/hygq_1/202502/t20250227_2019309.htm,政府网站
宁德,福建省,贷款,家庭共享额度代际互助,支持,购房提取代际互助，父母子女可提取公积金支持购房,https://gjj.ningde.gov.cn/jdhy/hygq_1/202502/t20250227_2019309.htm,政府网站
宁德,福建省,贷款,商转公,支持,开办商业贷款转公积金贷款业务（含异地）,https://gjj.ningde.gov.cn/jdhy/hygq_1/202502/t20250227_2019309.htm,政府网站
宁德,福建省,贷款,最长贷龄30年,支持,公积金贷款期限最长30年,https://gjj.ningde.gov.cn/gzcy/zxft/wqft/201808/t20180831_463336.htm,政府网站
宁德,福建省,提取,购房一次性提取,支持,购买、建造、翻建、大修自住住房之日起3年内可申请提取一次，提取额不超过实际支付金额；购买再交易住房须取得不动产权证满6个月（已办住房贷款的除外）。,,
宁德,福建省,提取,租房提取限额,支持,缴存地无房且租赁自住住房的，租住商品住房每人每月最高可提取1000元，每年可申请一次；租住公租房按实际租金全额提取；需连续足额缴存满3个月。,,
宁德,福建省,提取,多孩租房上浮,支持,多子女家庭每位缴存职工每月租房提取上限由1000元提高至1200元；符合政策生育二孩、三孩的家庭同样适用每人每月1200元上限（市政府生育支持文件明确）。,,
宁德,福建省,提取,加装电梯提取,支持,本人、配偶及双方父母自住住房加装电梯等改造的可提取；双方父母老旧住宅加装电梯，缴存人及其配偶亦可提取，累计金额不超过加装电梯个人出资额。,,
宁德,福建省,提取,车位购置提取,支持,省内购买与自住住房同一小区、有独立产权车库（位）的，取得备案合同或不动产权证之日起6个月后、3年内可提取一次，每套住房限1个，最高20万元。,,
宁德,福建省,提取,大病救助提取,支持,本人或配偶、子女、双方父母患特殊病症，或近一年住院治疗自付费用达5万元（含）以上的可提取，额度为近三年实际自付部分；恶性肿瘤等重症可预提本人账户余额70%。,,
宁德,福建省,提取,既提又贷,支持,实行首付预付制提取，一手房、二手房均可直接提取公积金支付首付并同时申请公积金贷款；因购买本套住房已提取的金额可计入余额参与贷款额度测算。,,
宁德,福建省,提取,首付直付,支持,一手房、二手房均推行首付“预付制”：公积金中心审核后将资金转入银行托管账户，过户完成后自动划转卖方账户，无需职工先垫付；限8家受托银行。,,
宁德,福建省,提取,代际互助,支持,2026年1月1日起，省内购买、建造、翻建、大修自住住房的，父母、子女可共同申请提取；取消“优先提取购房人及配偶余额”限制，购房与还贷提取均可办理。,,
宁德,福建省,提取,按月冲还商贷,有条件支持,仅限省内（除厦门）合作银行（现扩至8家，含建行、工行、农行、中行、兴业、中信、农商行等）办理的纯商贷，须账户状态正常、在宁德无未结清公积金贷款、已还首期且无逾期、借款人授权查询。 宁德市住房公积金管理中心自2024年5月20日在建行试点'纯商贷逐月冲还贷'，后扩容至7—8家银行。业务自审批通过次月起生效，每月20日按上月实际归还的贷款本息划转至还贷银行卡（划款后账户余额不低于一个月缴存额）。,,
宁德,福建省,提取,物业费提取,不支持,宁德自2021年9月1日起，依据宁房金管〔2021〕9号明确“物业费不再纳入提取范围，取消‘城市低收入家庭提取住房公积金支付物业服务费’业务”，原宁房金管〔2014〕10号中该提取事项已废止。2022年6月市管理中心废止部分规范性文件的说明再次确认此项已取消。2026年2月14日《关于优化住房公积金部分使用政策的通知》提取端仅新增装修、购买车库（位）两项，未恢复物业费提取。现行提取情形不含物业费。,,
宁德,福建省,提取,住房装修提取,支持,职工本人及配偶购买宁德市行政区域内自住住房的，自购房备案合同载明的房屋交付日期或取得不动产权证书之日起满6个月、5年内可申请提取一次住房公积金用于所购住房装修。提取额度按不动产权证载明的建筑面积×1500元/㎡计算，单套住房最高可提取20万元。需提供购房备案合同（附查房证明）或不动产权证书、身份证、婚姻状况证明、银行卡。同一套住房12个月内只能申请装修提取一次，后续产权人须与上次提取间隔满12个月；资金使用率连续3个月超90%时暂停办理。,,
宁德,福建省,缴存-灵活就业,支持,,宁德市住房公积金管理委员会（宁德市灵活就业人员缴存使用住房公积金管理办法）,https://gjj.ningde.gov.cn/zfxxgk/zc/qtzdgkwj/202509/t20250930_2306945.htm,2025-09
宁德,福建省,缴存-缓缴,支持,,宁德市住房公积金管理委员会（宁德市住房公积金缴存管理办法）,https://gjj.ningde.gov.cn/zfgjjwyh/202404/t20240408_1927777.htm,2024-04
三明,福建省,贷款,单双职工额度差异,支持,单缴存与双缴存职工最高贷款额度不同,https://www.sm.gov.cn/zw/ztzl/smszfgjjzt/zcfg_21865/dfxzcfg/202505/t20250530_2127916.htm,政府网站
三明,福建省,贷款,首套二套额度差异,支持,首套与二套执行不同利率及住房套数认定,https://www.sm.gov.cn/zw/ztzl/smszfgjjzt/zcfg_21865/dfxzcfg/202505/t20250530_2127916.htm,政府网站
三明,福建省,贷款,绿色建筑上浮,支持,购买新建二星级以上绿色建筑住房贷款额度上浮20%,https://www.sm.gov.cn/zw/ztzl/smszfgjjzt/zcfg_21865/dfxzcfg/202505/t20250530_2127916.htm,政府网站
三明,福建省,贷款,二孩家庭上浮,支持,多子女（含二孩）家庭贷款额度上浮,https://www.sm.gov.cn/zw/ztzl/smszfgjjzt/zcfg_21865/dfxzcfg/202505/t20250530_2127916.htm,政府网站
三明,福建省,贷款,三孩家庭上浮,支持,多子女（含三孩）家庭贷款额度上浮,https://www.sm.gov.cn/zw/ztzl/smszfgjjzt/zcfg_21865/dfxzcfg/202505/t20250530_2127916.htm,政府网站
三明,福建省,贷款,人才青年上浮,支持,高层次人才及实用型人才首次贷款额度上浮,https://www.sm.gov.cn/zw/ztzl/smszfgjjzt/zcfg_21865/dfxzcfg/202505/t20250530_2127916.htm,政府网站
三明,福建省,贷款,家庭共享额度代际互助,支持,购房提取代际互助，父母子女可提取公积金支持购房,https://www.sm.gov.cn/zw/ztzl/smszfgjjzt/tzgg_21864/202501/t20250124_2097725.htm,政府网站
三明,福建省,贷款,商转公,支持,开办商业贷款转公积金贷款业务,https://www.sm.gov.cn/zw/ztzl/smszfgjjzt/tzgg_21864/202403/t20240329_2013777.htm,政府网站
三明,福建省,贷款,最长贷龄30年,支持,公积金贷款期限最长30年,https://www.sm.gov.cn/zw/ztzl/smszfgjjzt/zcfg_21865/dfxzcfg/202505/t20250530_2127916.htm,政府网站
三明,福建省,提取,购房一次性提取,支持,购买、建造、翻建、大修自住住房可在最迟取得有效证明材料之日起3年内一次性申请；提取总额不超过实际支付的总价款或当期实际费用支出。,,
三明,福建省,提取,租房提取限额,支持,2026年5月13日起，无房租住商品房的普通家庭提取标准由每位缴存人每月600元提高至1000元；每位职工一个年度合计不超过月标准×12，公租房按实际房租全额。,,
三明,福建省,提取,多孩租房上浮,支持,2026年5月13日起，生育两个及以上子女家庭提取标准由每位缴存人每月800元提高至1200元，高于普通家庭1000元标准；需连续足额缴存满3个月且在缴存地无房。,,
三明,福建省,提取,加装电梯提取,支持,本人、配偶、双方父母、子女既有住宅加装电梯，取得增设电梯工程备案表一年内或竣工验收后6个月内可提取，合计不超实际分摊金额；2026年扩至更换电梯。,,
三明,福建省,提取,车位购置提取,支持,本市购买与自有房产同一小区、有独立产权的新建（一手）车位（库）3年内、取得不动产权证满6个月，本人及配偶可提取一次，合计额度不超过实际支付购置款。,,
三明,福建省,提取,大病救助提取,支持,本人或配偶、子女、双方父母发生省级劳动保障部门规定特殊病症的，本人及其配偶可每年提取一次，总额不超过近一年实际发生医疗费用扣除医保支付部分后的余额。,,
三明,福建省,提取,既提又贷,支持,购房提取可直付首付款转售房方（预售）资金监管账户，同时可申请公积金贷款；与配偶外他人共同购买的按产权比例，合计不超实际支付总价款或首付款。,,
三明,福建省,提取,首付直付,支持,直付首付款提取的资金转入售房方（预售）资金监管账户；已用自有资金足额支付首付或全款的，可按报账形式将提取资金转入个人一类储蓄账户。,,
三明,福建省,提取,代际互助,支持,2026年1月1日起延续，省内购买自住住房且符合购房提取条件的，提取购房人及配偶余额后不足部分可提取双方父母、子女余额；以合同备案或取证时间认定购房时间。,,
三明,福建省,提取,按月冲还商贷,有条件支持,仅限省内（除厦门）工行、农行、中行、建行、兴业、农商、中信等（2026年办事指南显示扩至10家）银行办理的纯商贷，须本人无未结清公积金贷款、商贷还满1个月、授权查询、且贷款不含车位（车库）等非住房用途。 三明市自2024年7月1日起开办'商贷逐月冲还贷'业务，实行报账制，分别于每月5日、15日、25日报账，提取金额为上月实际归还的贷款本息（提取后账户余额至少保留1元）。2025年4月公告将覆盖范围拓展至7家银行。,,
三明,福建省,提取,物业费提取,不支持,三明已取消物业费类提取：2021年8月30日明住房〔2021〕3号取消“享受城镇最低生活保障职工提取住房公积金支付物业专项维修资金、物业管理费”事项，理由是超出《住房公积金管理条例》提取范围且属极低频业务（实施以来仅发生1笔）。现行《三明市住房公积金提取管理规定》（明住房规〔2025〕1号，2025年6月1日施行）第六条列举的提取情形及第十二条家庭生活困难情形中，均无物业费或物业服务费一项。2026年2月11日明住房〔2026〕1号新政仅新增装修、车位（库）、城市更新提取，未含物业费。,,
三明,福建省,提取,住房装修提取,支持,缴存人在三明市购买自住住房5年内、取得不动产权证满6个月后，本人及配偶可申请提取一次住房公积金用于所购住房装修。提取额度按房屋建筑面积×装修单价1500元/㎡计算，合计最高提取限额为20万元。该政策属落实闽建房〔2026〕1号文件的配套措施，自2026年2月11日通知印发之日起施行，具体业务办事指南由三明市住房公积金管理中心制定。同批政策还包括支持购买新建一手车位（库）提取、城市更新提取（既有住宅换电梯、老旧危旧房屋改造个人出资部分）。,,
三明,福建省,缴存-灵活就业,支持,,三明市人民政府（三明市住房公积金缴存管理规定）,https://www.sm.gov.cn/zw/ztzl/smszfgjjzt/zcfg_21865/dfxzcfg/202505/t20250530_2127916.htm,2025-05
三明,福建省,缴存-缓缴,支持,,三明市人民政府（三明市住房公积金缴存管理规定）,https://www.sm.gov.cn/zw/ztzl/smszfgjjzt/zcfg_21865/dfxzcfg/202505/t20250530_2127916.htm,2025-05
龙岩,福建省,贷款,单双职工额度差异,支持,单缴存与双缴存职工最高贷款额度不同,https://xxgk.longyan.gov.cn/zfhcxjsj/zc/xzgfxwj/202411/t20241113_2174148.htm,政府网站
龙岩,福建省,贷款,首套二套额度差异,支持,首套与二套执行不同利率及住房套数认定,https://xxgk.longyan.gov.cn/zfhcxjsj/zc/xzgfxwj/202411/t20241113_2174148.htm,政府网站
龙岩,福建省,贷款,绿色建筑上浮,支持,购买二星级以上绿色建筑及装配式建筑贷款额度上浮5万元,https://xxgk.longyan.gov.cn/zfhcxjsj/zc/xzgfxwj/202411/t20241113_2174148.htm,政府网站
龙岩,福建省,贷款,二孩家庭上浮,支持,二孩家庭购买首套住房贷款额度上浮15万元,https://xxgk.longyan.gov.cn/zfhcxjsj/zc/xzgfxwj/202411/t20241113_2174148.htm,政府网站
龙岩,福建省,贷款,三孩家庭上浮,支持,三孩家庭购买首套住房贷款额度上浮25万元,https://xxgk.longyan.gov.cn/zfhcxjsj/zc/xzgfxwj/202411/t20241113_2174148.htm,政府网站
龙岩,福建省,贷款,人才青年上浮,未检索到,未检索到公开来源,,空
龙岩,福建省,贷款,家庭共享额度代际互助,支持,购房提取代际互助，父母子女可提取公积金支持购房,https://www.longyan.gov.cn/zt/rdzt/zfgjjzx/gjjzcfg/202602/P020260228614658108365.pdf,政府网站
龙岩,福建省,贷款,商转公,支持,开办商业贷款转公积金贷款业务,https://www.longyan.cn/jeecms/html/rdzytw/20230420/84209.html,政府网站
龙岩,福建省,贷款,最长贷龄30年,支持,公积金贷款期限最长30年,https://www.longyan.gov.cn/zt/rdzt/zfgjjzx/gjjzcfg/202204/t20220418_1889743.htm,政府网站
龙岩,福建省,提取,购房一次性提取,支持,购买、建造、翻建、大修自住住房之日起3年内可申请提取一次，提取额不超过实际支付金额；购买再交易住房应取得不动产权证满6个月后申请（已办贷款的除外）。,,
龙岩,福建省,提取,租房提取限额,支持,2026年6月15日起，无房缴存人租房提取额度普通家庭由每位缴存人每月800元提高至1000元；此前2025年10月已由700元提至800元。,,
龙岩,福建省,提取,多孩租房上浮,支持,二孩及以上多子女家庭维持每位缴存人每月1200元提取限额不变（2025年10月由二孩800元、三孩1000元统一提至1200元），高于普通家庭1000元。,,
龙岩,福建省,提取,加装电梯提取,支持,本人、配偶、双方父母、子女在本市既有住宅更换电梯可申请提取，合计不超实际分摊金额；2025年办理既有住宅增设电梯提取32笔、142.53万元。,,
龙岩,福建省,提取,车位购置提取,支持,省内购买与自住住房同一小区、有独立产权的车位（库）3年内、取得有效购置证明满6个月，可提取一次；每套住房限提1个，总额不超实际购置款，最高10万元。,,
龙岩,福建省,提取,大病救助提取,支持,本人或配偶、子女、双方父母发生省级规定的甲类特殊病症造成家庭严重困难的，可提取，金额不超过实际发生医疗费用扣除医保支付部分后的余额；需无未结清公积金贷款。,,
龙岩,福建省,提取,既提又贷,支持,2022年起购买新建商品住房职工（含共有产权人）及配偶可提取公积金支付首付款，并可就剩余房款申请住房公积金贷款，二者并行不冲突。,,
龙岩,福建省,提取,首付直付,支持,允许购买新建商品住房职工（含共有产权人）及配偶提取公积金账户余额用于支付首付款；2025年支付商品房首付款1.29亿元、二手房首付款0.38亿元。,,
龙岩,福建省,提取,代际互助,支持,延续省内购房提取代际互助：购房时间需为2025年1月1日后，提取购房人及配偶余额后不足部分可提取双方父母、子女账户余额；个贷率连续3月超95%时暂停装修、车位提取。,,
龙岩,福建省,提取,按月冲还商贷,有条件支持,仅限省内（除厦门）建行、工行、农行、中行、兴业、中信、农商行7家银行办理的纯商贷，须在本市无未结清住房公积金（组合）贷款、商贷还满2个月且无逾期、授权查询。 龙岩市住房公积金管理中心自2025年3月27日开通'委托逐月提取还商贷'业务（建行试点），2025年5月扩容至7家银行。实行报账制，每月20日按上月实际归还的贷款本息划转至还贷银行卡（账户至少保留10元），当月申请次月生效。,,
龙岩,福建省,提取,物业费提取,不支持,龙岩自2021年5月1日起执行的政策调整明确“支付物业费不能再提取公积金，不得将物业费纳入提取范围，取消‘低收入家庭物业费提取公积金’业务”。此前符合龙岩低收入家庭标准的缴存职工可每年提取一次支付其承租的保障性住房或名下一套住宅的物业服务费，该渠道已关闭。2026年2月25日龙房公委〔2026〕1号优化部分使用政策，提取端仅新增装修、购买车位（库），未恢复或新增物业费提取。现行提取情形不含物业费。,,
龙岩,福建省,提取,住房装修提取,支持,缴存人在龙岩市购买自住住房5年内、取得有效购房证明材料满6个月后，本人及配偶可申请提取一次住房公积金用于所购住房装修。提取额度按房屋建筑面积×装修单价1600元/㎡核定，同一套房提取总额最高不超过20万元。同一套住房后续产权持有人申请装修提取时，应与该住房上次装修提取日期间隔满12个月。本市公积金个贷使用率连续3个月超95%时，暂停办理装修、车位（库）提取业务。政策自2026年2月25日发布之日起执行。,,
龙岩,福建省,缴存-灵活就业,支持,,龙岩市人民政府（龙岩市灵活就业人员缴存使用住房公积金实施细则）,https://www.longyan.gov.cn/zt/rdzt/zfgjjzx/gjjzcfg/202510/t20251009_2249474.htm,2025-10
龙岩,福建省,缴存-缓缴,支持,,龙岩市住房公积金管理中心（积极应对疫情影响帮助企业纾困解难通知）,https://www.longyan.gov.cn/zt/rdzt/zfgjjzx/gjjzcfg/202206/P020220621563732157645.pdf,2022-06
乌鲁木齐,新疆维吾尔自治区,贷款,单双职工额度差异,不支持,最高贷款额度120万元、不区分单双缴存职工,https://www.wlmq.gov.cn/wlmqs/c123412/202601/55cf495941ea468ba6c8a5e82c5a3d9b.shtml,政府网站
乌鲁木齐,新疆维吾尔自治区,贷款,首套二套额度差异,支持,县域首套房执行差异化政策,https://www.wlmq.gov.cn/wlmqs/c123412/202601/55cf495941ea468ba6c8a5e82c5a3d9b.shtml,政府网站
乌鲁木齐,新疆维吾尔自治区,贷款,绿色建筑上浮,支持,二星级及以上绿色建筑贷款额度上浮30%,https://www.wlmq.gov.cn/wlmqs/c123412/202601/55cf495941ea468ba6c8a5e82c5a3d9b.shtml,政府网站
乌鲁木齐,新疆维吾尔自治区,贷款,二孩家庭上浮,支持,多子女家庭贷款额度上浮30%,https://www.wlmq.gov.cn/wlmqs/c123412/202601/55cf495941ea468ba6c8a5e82c5a3d9b.shtml,政府网站
乌鲁木齐,新疆维吾尔自治区,贷款,三孩家庭上浮,支持,多子女家庭含三孩统一上浮30%,https://www.wlmq.gov.cn/wlmqs/c123412/202601/55cf495941ea468ba6c8a5e82c5a3d9b.shtml,政府网站
乌鲁木齐,新疆维吾尔自治区,贷款,人才青年上浮,支持,人才群体享贷款额度上浮,https://xjgjj.xjjs.gov.cn/info/1218/24867.htm,政府网站
乌鲁木齐,新疆维吾尔自治区,贷款,家庭共享额度代际互助,支持,允许父母子女互提互还,https://xj.people.com.cn/n2/2026/0115/c186332-41473159.html,官媒
乌鲁木齐,新疆维吾尔自治区,贷款,商转公,支持,允许商业贷款转公积金贷款,https://xjgjj.xjjs.gov.cn/info/1179/22826.htm,政府网站
乌鲁木齐,新疆维吾尔自治区,贷款,最长贷龄30年,支持,最长贷款期限可达30年,https://xjgjj.xjjs.gov.cn/info/1222/6561.htm,政府网站
乌鲁木齐,新疆维吾尔自治区,提取,购房一次性提取,支持,本人及配偶购房可一次或分次提取账户余额，累计不超所购房屋产权份额价款；新房自网签备案2年内、再交易房自取得不动产权证2年内办理。,,
乌鲁木齐,新疆维吾尔自治区,提取,租房提取限额,支持,2026年1月4日起，普通缴存职工租房提取上限2500元/月；多子女家庭按租赁备案合同实际房租提取、每月不超5000元；此前为2000元和3000元/月。,,
乌鲁木齐,新疆维吾尔自治区,提取,多孩租房上浮,支持,多子女家庭租房提取按实际房租据实提取、每月不超5000元，为普通职工2500元/月限额的2倍；调整前为3000元/月（普通2000元/月）。,,
乌鲁木齐,新疆维吾尔自治区,提取,加装电梯提取,支持,既有多层住宅加装电梯竣工验收后2年内可提取1次，本人及配偶合计不超个人实际出资额；2026年1月起老旧小区水电气暖更新、老旧电梯更新改造也可提取。,,
乌鲁木齐,新疆维吾尔自治区,提取,车位购置提取,支持,2026年7月23日起，购买本市新建商品房配套车库（位）并签购置合同，自商品房买卖合同签订之日起2年内可提取一次，单人最高10万元，直划开发商对公账户。,,
乌鲁木齐,新疆维吾尔自治区,提取,大病救助提取,支持,家庭成员患重大疾病可提取支付医疗费，病种参照中国职工保险互助会35种重大疾病目录；额度不超结算凭证中个人支付金额，须在结算后6个月内申请。,,
乌鲁木齐,新疆维吾尔自治区,提取,既提又贷,有条件支持,须保留所申请贷款金额÷存贷倍数（普通家庭首套17倍、二套15倍，多子女家庭20倍）的账户余额 购房提取后仍可申请公积金贷款，但账户须保留贷款额÷存贷倍数对应余额；不贷款者提取后至少留1000元。最高贷款120万元，可贷额度为余额40倍。,,
乌鲁木齐,新疆维吾尔自治区,提取,首付直付,支持,购买新建商品房可提取本人及配偶余额支付首付款，提取额不超合同约定的首付款金额；资金由中心直接划入开发企业预售资金监管账户，无需先垫后提。,,
乌鲁木齐,新疆维吾尔自治区,提取,代际互助,支持,购买疆内新建商品房、再交易住房可按产权比例全额提取配偶、父母、子女公积金付房款；偿还疆内公积金贷款及按月对冲也可全额签约提取父母、子女公积金。,,
乌鲁木齐,新疆维吾尔自治区,提取,按月冲还商贷,有条件支持,目前仅支持疆内建设银行商业住房贷款办理此项按月提取业务，其他商业银行另行通知 乌鲁木齐住房公积金管理中心自2024年11月22日起开通缴存职工按月提取住房公积金偿还商业住房贷款业务（按月对冲还贷），签订协议后次月起执行，按月从公积金账户划转冲还商贷月还款额。目前仅疆内建设银行住房贷款可办，其余银行另行通知；须账户正常缴存、各自留存3个月缴存额。,,
乌鲁木齐,新疆维吾尔自治区,提取,物业费提取,支持,限乌鲁木齐市区域内自住住房。缴存职工每自然年度可提取1次；家庭拥有2套及以上自住住房的，职工及配偶可各自提取1次，同一套住房一个年度内只支持1次。额度=房屋建筑面积×物业服务收费标准(0.5~2.2元/㎡)×12个月，以物业缴费凭证按实际支付金额提取，每套每年最高3000元。须房屋所有权人或配偶为本中心缴存职工、无未结清公积金贷款或贴息贷款、未签约按月提取协议。线上线下均可办。,,
乌鲁木齐,新疆维吾尔自治区,提取,住房装修提取,不支持,现行可提取用途为购房、偿还住房贷款本息、支付购房契税、租房、老旧小区改造、物业费、新建商品房配套车位、住宅专项维修资金，装修与取暖费未纳入。中心归集管理科负责人公开答复：装修和取暖费暂未纳入提取范围。住房类仍仅限购买、建造、翻建、大修自住住房，大修须危房鉴定。新条例9月20日施行后是否出台装修细则待观察。,,
乌鲁木齐,新疆维吾尔自治区,缴存-灵活就业,支持,,乌鲁木齐灵活就业人员缴存使用住房公积金实施细则,https://www.wlmq.gov.cn/wlmqs/c123412/202508/f5d77ef304164ec396a0f0e7789e4c74.shtml,2025-07-22
乌鲁木齐,新疆维吾尔自治区,缴存-缓缴,支持,单位缴存住房公积金确有困难的，经职代会或工会讨论通过，报管委会或授权中心批准后可缓缴，期限最长一般不超一年。,新疆维吾尔自治区住房公积金归集业务规范（自治区住建厅）,https://zjt.xinjiang.gov.cn/xjzjt/c114752/202308/6b1364bc27454aac95d125e0c3348b15.shtml,2023-08
石河子,新疆维吾尔自治区（新疆生产建设兵团第八师）,贷款,单双职工额度差异,支持,单职工缴存最高70万元、夫妻双方缴存最高100万元（2025年上限上调至120万元）,http://jshbj.xjbt.gov.cn/c/2019-02-25/7213345.shtml,政府网站
石河子,新疆维吾尔自治区（新疆生产建设兵团第八师）,贷款,首套二套额度差异,不支持,首次、第二次申请最高贷款额度相同（均120万元），仅二套贷款利率上浮,https://xjgjj.xjjs.gov.cn/info/1222/6561.htm,政府网站
石河子,新疆维吾尔自治区（新疆生产建设兵团第八师）,贷款,绿色建筑上浮,支持,购买绿色装配式建筑额度最高上浮20%（达144万元）,https://xjgjj.xjjs.gov.cn/info/1179/22826.htm,政府网站
石河子,新疆维吾尔自治区（新疆生产建设兵团第八师）,贷款,二孩家庭上浮,支持,多子女家庭（至少一名子女未满18岁）在疆内购房额度上浮20%,https://www.xjbtgjj.com/xxgk/tzgg/content_789,政府网站
石河子,新疆维吾尔自治区（新疆生产建设兵团第八师）,贷款,三孩家庭上浮,支持,多子女家庭（含三孩及以上）购房额度上浮20%,https://www.xjbtgjj.com/xxgk/tzgg/content_789,政府网站
石河子,新疆维吾尔自治区（新疆生产建设兵团第八师）,贷款,人才青年上浮,支持,引进人才等符合政策可上浮，2025年阶段性政策多子女及兵团辖区购房上浮20%,https://www.xjbtgjj.com/xxgk/tzgg/content_789,政府网站
石河子,新疆维吾尔自治区（新疆生产建设兵团第八师）,贷款,家庭共享额度代际互助,支持,可全额提取配偶、父母、子女公积金用于支付购房款,https://xjgjj.xjjs.gov.cn/info/1179/22826.htm,政府网站
石河子,新疆维吾尔自治区（新疆生产建设兵团第八师）,贷款,商转公,支持,已与26家商业银行签订商转公协议，可办理商业贷款转公积金贷款,https://xjgjj.xjjs.gov.cn/info/1179/22826.htm,政府网站
石河子,新疆维吾尔自治区（新疆生产建设兵团第八师）,贷款,最长贷龄30年,支持,贷款期限最长不超过30年，且不超过法定退休后5年,https://xjgjj.xjjs.gov.cn/info/1179/22826.htm,政府网站
石河子,新疆维吾尔自治区（新疆生产建设兵团第八师）,提取,购房一次性提取,支持,购买新建商品房自合同备案（无备案以签订日）起2年内、每年可提取一次；本人及配偶累计不超所购房屋价格，房屋用途须为住宅，资金转入售房单位监管账户。,,
石河子,新疆维吾尔自治区（新疆生产建设兵团第八师）,提取,租房提取限额,支持,缴存地无自有住房且租房、连续足额缴存满3个月，可按月/季/半年/年提取；一年累计不超24000元（夫妻合并计算），租住公租房按实际房租全额提取。,,
石河子,新疆维吾尔自治区（新疆生产建设兵团第八师）,提取,多孩租房上浮,支持,多子女家庭（至少一名子女未满18岁）一年累计提取上限30000元，较普通家庭24000元上浮25%；需提供两名子女的出生证明或户口簿等亲属关系材料。,,
石河子,新疆维吾尔自治区（新疆生产建设兵团第八师）,提取,加装电梯提取,支持,既有住宅加装电梯，产权人及配偶、子女及配偶、双方父母均可提取，金额不大于个人实际出资额（不含运行维护费、扣政府奖补），竣工验收后2年内提取一次。,,
石河子,新疆维吾尔自治区（新疆生产建设兵团第八师）,提取,车位购置提取,不支持,兵团现行提取范围仅8类，不含购买车位/车库；办法明确购买、建造、翻建、大修非住宅用房不予提取，房屋用途非住宅的购房提取也不予办理。,,
石河子,新疆维吾尔自治区（新疆生产建设兵团第八师）,提取,大病救助提取,未确认,兵团2025年提取办法列举的9类情形未含重大疾病，仅突发事件致生活严重困难或享低保可提取；兵团住建局网站2019年旧版指南曾有大病提取，是否延续未确认。,,
石河子,新疆维吾尔自治区（新疆生产建设兵团第八师）,提取,既提又贷,未确认,兵团提取办法与贷款办法均未明确先提后贷条款；贷款办法仅要求已交付规定比例首付款，按账户余额20倍计可贷额度，提取后再贷款能否办理未找到官方口径。,,
石河子,新疆维吾尔自治区（新疆生产建设兵团第八师）,提取,首付直付,支持,购买新建商品房提取的资金直接转入售房单位资金监管账户，无需职工先行垫付；累计提取额不超所购房屋价格，需提供售房单位账户证明（合同已载明的免提供）。,,
石河子,新疆维吾尔自治区（新疆生产建设兵团第八师）,提取,代际互助,支持,购买新建商品房、二手房可提取本人及配偶余额为父母或子女支付购房款；加装电梯可提取子女及配偶、双方父母公积金；非家庭关系共同购房仅允许一方提取。,,
石河子,新疆维吾尔自治区（新疆生产建设兵团第八师）,提取,按月冲还商贷,支持,新疆生产建设兵团住房公积金中心办理'逐月提取住房公积金支付商业性个人住房贷款'业务，职工签订委托提取协议后，中心逐月将其公积金账户余额划转用于偿还商贷本息。石河子为第八师，适用兵团中心政策。,,
石河子,新疆维吾尔自治区（新疆生产建设兵团第八师）,提取,物业费提取,不支持,石河子为新疆生产建设兵团第八师师部所在地，公积金由兵团住房公积金管理中心第八师管理分中心（原农八师分中心）经办，执行兵团统一办法，未检索到独立市级细则。《新疆生产建设兵团住房公积金提取管理办法》第七条列举9项提取情形，住房消费类仅含购买建造翻建大修自住住房、偿还购房贷款本息、无房职工租房、既有住宅加装电梯，不含支付物业费。,,
石河子,新疆维吾尔自治区（新疆生产建设兵团第八师）,提取,住房装修提取,不支持,兵团办法第七条不含普通装修，住房类仅购买、建造、翻建、大修具有自有产权的自住住房；大修须提供房屋所有权证或不动产权证书、房屋危险性鉴定为C级或D级的《房屋安全鉴定报告》及费用发票。既有住宅加装电梯可按个人实际出资额（扣除政府奖补）提取一次，不等同于全屋装修。未检索到第八师石河子市单独的装修提取政策。,,
石河子,新疆维吾尔自治区（新疆生产建设兵团第八师）,缴存-灵活就业,支持,,新疆住房公积金—《自治区灵活就业人员参加住房公积金制度政策指引(试行)》相关报道（工人日报）,https://xjgjj.xjjs.gov.cn/info/1049/25949.htm,2026-03
石河子,新疆维吾尔自治区（新疆生产建设兵团第八师）,缴存-缓缴,支持,,新疆维吾尔自治区住房和城乡建设厅—《新疆维吾尔自治区住房公积金归集业务规范》,https://zjt.xinjiang.gov.cn/xjzjt/c114752/202308/6b1364bc27454aac95d125e0c3348b15.shtml,2023-08
廊坊,河北省,贷款,单双职工额度差异,支持,单方缴存最高80万元、夫妻双方缴存最高100万元,https://www.lf.gov.cn/Item/155351.aspx,政府网站
廊坊,河北省,贷款,首套二套额度差异,不支持,首套、二套最高贷款额度相同（单80万、双100万），首付比例均20%,https://www.lf.gov.cn/Item/155351.aspx,政府网站
廊坊,河北省,贷款,绿色建筑上浮,支持,购买一星级及以上绿色建筑最高贷款额度上浮（单方90万、双方110万）,https://www.lf.gov.cn/Item/155351.aspx,政府网站
廊坊,河北省,贷款,二孩家庭上浮,支持,二孩家庭单方90万、双方110万,https://www.lf.gov.cn/Item/155351.aspx,政府网站
廊坊,河北省,贷款,三孩家庭上浮,支持,三孩及以上家庭单方100万、双方120万,https://www.lf.gov.cn/Item/155351.aspx,政府网站
廊坊,河北省,贷款,人才青年上浮,支持,持有燕赵英才A卡或B卡家庭最高120万元,https://www.lf.gov.cn/Item/155351.aspx,政府网站
廊坊,河北省,贷款,家庭共享额度代际互助,支持,阶段性支持代际互助提取，产权人父母及子女、配偶父母及子女均可提取,https://www.lf.gov.cn/Item/155351.aspx,政府网站
廊坊,河北省,贷款,商转公,支持,分批恢复办理商转公贷款，最高额度60万元,https://www.lf.gov.cn/Item/155351.aspx,政府网站
廊坊,河北省,贷款,最长贷龄30年,支持,综合优化政策未调整贷款期限，沿用河北省公积金贷款最长30年规定,https://www.lf.gov.cn/Item/155351.aspx,政府网站
廊坊,河北省,提取,购房一次性提取,支持,职工本人及其配偶凭有效提取凭证购买自住住房的，可提取一次购房凭证生效当月之前（含当月）的住房公积金账户余额，建造翻建大修参照执行。,,
廊坊,河北省,提取,租房提取限额,支持,连续足额缴存满3个月且缴存地无房：单身职工租住商品住房年提取上限20000元，夫妻合计26000元；租住公租房按实际房租支出全额提取。,,
廊坊,河北省,提取,多孩租房上浮,支持,自2026年5月15日起，育有两个及以上子女的家庭租房提取上限提高：单身缴存人每年24000元、夫妻合计30000元，分别较常规20000元、26000元上浮20%、15%。,,
廊坊,河北省,提取,加装电梯提取,支持,自2026年5月15日起，自住住房实施老旧电梯更新改造的，缴存人、配偶及直系亲属可提取竣工验收备案文件核发时及之后24个月内账户余额，累计不超实际分摊费用。,,
廊坊,河北省,提取,车位购置提取,不支持,廊坊执行《河北省住房公积金归集提取管理办法》，13项提取情形中不含购买车位、车库；2026年5月新政新增契税、维修资金、电梯更新等，未开放车位购置提取。,,
廊坊,河北省,提取,大病救助提取,不支持,廊坊执行《河北省住房公积金归集提取管理办法》，13项提取情形不含重大疾病，仅含被纳入当地城镇低保和遇突发事件造成家庭生活严重困难两类。,,
廊坊,河北省,提取,既提又贷,未确认,未检索到廊坊关于先提取账户余额再申请公积金贷款的明确条款；需注意廊坊贷款额度按夫妻双方账户余额之和的30倍核定，提取会直接压缩可贷额度。,,
廊坊,河北省,提取,首付直付,支持,购买管理中心合作楼盘的新建预售商品住房，已付定金并签订认购书即可申请提取，公积金中心按委托将资金汇入售房企业预售资金监管账户直接抵冲首付款。,,
廊坊,河北省,提取,代际互助,支持,自2026年5月15日起阶段性支持代际互助提取：新购自住住房时产权人及其配偶、产权人父母及子女、配偶父母及子女均可提取一次，合计不超已付房款总额。,,
廊坊,河北省,提取,按月冲还商贷,不支持,廊坊市偿还商业性个人住房贷款仅支持'每年可提取一次'，无按月委托提取/月冲商贷业务，按月对冲仅适用于公积金贷款。,,
廊坊,河北省,提取,物业费提取,支持,依《关于优化住房公积金使用政策的通知》，阶段性支持物业费提取：缴存人可提取账户余额支付自住住房物业费，每人每年不超过2000元。阶段性政策实施期为2026年5月15日至2027年6月30日，期间凡在本市缴存公积金的缴存人均可申请，提取次数不限，当年未提取额度不结转下一年。已实现线上零材料办理，通过“廊坊市住房公积金管理中心”公众号刷脸即可办结。,,
廊坊,河北省,提取,住房装修提取,不支持,廊坊市住房公积金《归集提取管理实施细则》规定的提取情形为：租赁住房，购买、建造、翻建、大修自住住房（含老旧小区加装电梯），偿还购房贷款本息，离休退休，出境定居，城镇低保，死亡，账户封存半年以上，被判处刑罚，参军上学，完全丧失劳动能力，突发事件致严重困难——不含装修。中心政策问答明确“装修不属于住房公积金的提取情形，不能提取”。,,
廊坊,河北省,缴存-灵活就业,支持,,廊坊市住房公积金管理委员会—《廊坊市灵活就业人员参加住房公积金制度管理办法(试行)》（廊公积金委〔2026〕1号）,https://lfzfgjj.net/file/1763633760222077301.pdf,2026-02-01起施行
廊坊,河北省,缴存-缓缴,支持,,廊坊市住房公积金管理委员会—《廊坊市住房公积金归集管理实施细则》,http://xxgk.bazhou.gov.cn/getfile.do?id=%7BDCC17F8A-0000-0000-0809-804000000120%7D&filename=%E7%AE%A1%E7%90%86%E5%A7%94%E5%91%98%E4%BC%9A%E5%BD%92%E9%9B%86%E6%8F%90%E5%8F%96%E7%AE%A1%E7%90%86%E5%AE%9E%E6%96%BD%E7%BB%86%E5%88%99.pdf,现行
柳州,广西壮族自治区,贷款,单双职工额度差异,不支持,贷款额度上限统一80万元，未区分单身与双缴存职工,http://zfgjj.liuzhou.gov.cn/wsbs/ggfw/bszn/dkzn/202607/t20260729_3778676.shtml,政府网站
柳州,广西壮族自治区,贷款,首套二套额度差异,不支持,最高贷款额度上限统一80万元，不区分首套二套（仅二孩要求首套）,http://zfgjj.liuzhou.gov.cn/wsbs/ggfw/bszn/dkzn/202607/t20260729_3778676.shtml,政府网站
柳州,广西壮族自治区,贷款,绿色建筑上浮,未检索到,未检索到公开来源,,空
柳州,广西壮族自治区,贷款,二孩家庭上浮,支持,二孩（含）以上家庭首套贷款额度上限提高20万元,http://zfgjj.liuzhou.gov.cn/wsbs/ggfw/bszn/dkzn/202607/t20260729_3778676.shtml,政府网站
柳州,广西壮族自治区,贷款,三孩家庭上浮,支持,二孩（含）以上家庭（含三孩）首套贷款额度上限提高20万元,http://zfgjj.liuzhou.gov.cn/wsbs/ggfw/bszn/dkzn/202607/t20260729_3778676.shtml,政府网站
柳州,广西壮族自治区,贷款,人才青年上浮,支持,H类及以上人才上浮，H/G类25%、F类50%、E类及以上100%,http://zfgjj.liuzhou.gov.cn/wsbs/ggfw/bszn/dkzn/202607/t20260729_3778676.shtml,政府网站
柳州,广西壮族自治区,贷款,家庭共享额度代际互助,不支持,直系亲属仅可作为共同抵押人，未检索到父母子女共同贷款或互助提取的本地政策,http://zfgjj.liuzhou.gov.cn/wsbs/ggfw/bszn/dkzn/202607/t20260729_3778676.shtml,政府网站
柳州,广西壮族自治区,贷款,商转公,支持,支持商业贷款转公积金贷款（顺位抵押等方式）,http://www.liuzhou.gov.cn/bsfw/msxg/zfbz/gjjdk_80744/,政府网站
柳州,广西壮族自治区,贷款,最长贷龄30年,支持,贷款期限最长不超过30年，可延长至法定退休后5年,http://zfgjj.liuzhou.gov.cn/wsbs/ggfw/bszn/dkzn/202607/t20260729_3778676.shtml,政府网站
柳州,广西壮族自治区,提取,购房一次性提取,支持,购买新建自住住房付清全部房款或取得不动产权证可申请提取；2026年3月13日起提取时限由购房之日起2年放宽至5年，5年内提取，额度不超过实际支付的购房款。,,
柳州,广西壮族自治区,提取,租房提取限额,支持,2026年4月起改为按缴存人定额：租非公租房每人每月1300元，单身年上限15600元、夫妻31200元；公租房保租房按实际租金全额；40岁以下新市民青年人可按月缴存额全额提取。,,
柳州,广西壮族自治区,提取,多孩租房上浮,支持,符合国家生育政策生育二孩（含）以上的缴存人租赁非公共租赁住房，每人每月提取额度由1300元提高至1700元；二孩及以上家庭年度租房提取上限可达40800元。,,
柳州,广西壮族自治区,提取,加装电梯提取,支持,既有住宅加装电梯自取得规划许可证之日起3年内每年提取一次；2026年4月13日起范围由市区扩至全市（含五县），房屋类型扩至自建房、别墅、已预留电梯井住宅等。,,
柳州,广西壮族自治区,提取,车位购置提取,不支持,柳州市住房公积金提取业务一次性告知单及2026年4月提取新政列举的提取情形中均不含购买车位（库）；提取范围限于自住住房及相关住房消费，商铺、车库等非住宅不在保障范围。,,
柳州,广西壮族自治区,提取,大病救助提取,支持,家庭成员（夫妻及双方父母、受监护的子女）患重大疾病的，凭医院诊断书、医疗结算发票及患者与缴存人关系证明，每年可提取一次，属柳州市提取业务清单明确列示的情形。,,
柳州,广西壮族自治区,提取,既提又贷,支持,2023年10月起提取公积金直付首付款后可再就该房申请公积金贷款，已提取首付可并入账户余额计算贷款额度；2026年4月起近5年租房提取由50%提高至100%纳入额度计算。,,
柳州,广西壮族自治区,提取,首付直付,支持,限本市新建商品住房且楼盘纳入预售资金监管，仅购房人及配偶可办；购房当年同一套住房仅一次，需贷款的提取额不超合同约定的首付款，资金直接转入预售资金监控账户。,,
柳州,广西壮族自治区,提取,代际互助,支持,配偶、父母、子女可提取用于购、建（翻建）、还贷、大修自住住房及加装电梯；父母子女须在主贷人提取后未提足时补取差额，直付首付款业务仅限购房人及配偶。,,
柳州,广西壮族自治区,提取,按月冲还商贷,有条件支持,须商贷发放银行与中心数据互联互通（目前为邮储银行、华夏银行可签约按月划转）；其他银行商贷可按月申请提取但按还款流水核算。 柳州市住房公积金支持商业性住房贷款约定提取签约，按月从公积金账户划转还商贷。但须贷款银行为与中心联网协查的银行（目前邮储银行、华夏银行可直接签约按月划转），其余银行商贷虽可按月申请提取，但按实际还款流水核算。,,
柳州,广西壮族自治区,提取,物业费提取,支持,每年可申请提取一次，用于支付本人或配偶名下柳州市自住住房的物业服务费，每人每年提取额度不超过2000元（夫妻双方均在柳州缴存的家庭年度合计最高4000元）。要求缴存人及配偶名下在柳州市拥有自住住房且未享受政策性物业补贴；拥有多套住房的仅可就其中一套提取。自2026年4月13日发布之日起执行，为柳州首次开办该业务。,,
柳州,广西壮族自治区,提取,住房装修提取,不支持,柳州现行提取情形无装修提取，仅可办理建造、翻建、大修。2026年4月29日起大修提取适用范围扩大：本人或配偶名下柳州市自住住房不动产权证登记满10年即可申请，无需危房鉴定报告；每次提取不超过5万元，夫妻双方均为本市缴存人的合计最高10万元；申请须间隔10年，余额不足5万元的按实际余额提取后10年内不得补提。另可办理既有住宅加装电梯提取。,,
柳州,广西壮族自治区,缴存-灵活就业,支持,,柳州市住房公积金管理委员会—《柳州市灵活就业人员参加住房公积金制度管理办法》（柳公积规〔2026〕9号）,http://zfgjj.liuzhou.gov.cn/xwzx/tzgg/202604/t20260430_3747785.shtml,2026-04-30（2026-05-01起施行）
柳州,广西壮族自治区,缴存-缓缴,支持,,柳州市住房公积金管理中心—《柳州市住房公积金缴存服务指南》,http://zfgjj.liuzhou.gov.cn/wsbs/ggfw/bszn/cjzns/202607/t20260723_3776671.shtml,2026-07-23
